{"level":"info","message":"Tool registered: test_tool","service":"primalcode-mcp","timestamp":"2025-07-15T03:21:29.657Z"}
{"level":"info","message":"Performing health check...","service":"primalcode-mcp","timestamp":"2025-07-15T03:21:29.658Z"}
{"level":"info","message":"Health check completed: healthy","service":"primalcode-mcp","timestamp":"2025-07-15T03:21:29.659Z"}
{"level":"info","message":"Tool registered: test_tool","service":"primalcode-mcp","timestamp":"2025-07-15T03:21:29.660Z"}
{"level":"info","message":"Performing health check...","service":"primalcode-mcp","timestamp":"2025-07-15T03:21:29.660Z"}
{"level":"info","message":"Health check completed: healthy","service":"primalcode-mcp","timestamp":"2025-07-15T03:21:29.660Z"}
{"level":"info","message":"Tool registered: test_tool","service":"primalcode-mcp","timestamp":"2025-07-15T03:21:29.660Z"}
{"level":"info","message":"Performing health check...","service":"primalcode-mcp","timestamp":"2025-07-15T03:21:29.661Z"}
{"level":"info","message":"Health check completed: healthy","service":"primalcode-mcp","timestamp":"2025-07-15T03:21:29.661Z"}
{"level":"info","message":"Performing health check...","service":"primalcode-mcp","timestamp":"2025-07-15T03:21:29.662Z"}
{"level":"info","message":"Health check completed: unhealthy","service":"primalcode-mcp","timestamp":"2025-07-15T03:21:29.662Z"}
{"level":"info","message":"Tool registered: test_tool","service":"primalcode-mcp","timestamp":"2025-07-15T03:21:29.662Z"}
{"level":"info","message":"Performing health check...","service":"primalcode-mcp","timestamp":"2025-07-15T03:21:29.662Z"}
{"level":"info","message":"Health check completed: healthy","service":"primalcode-mcp","timestamp":"2025-07-15T03:21:29.662Z"}
{"level":"info","message":"Performing health check...","service":"primalcode-mcp","timestamp":"2025-07-15T03:21:29.662Z"}
{"level":"info","message":"Health check completed: unhealthy","service":"primalcode-mcp","timestamp":"2025-07-15T03:21:29.662Z"}
{"level":"info","message":"Tool registered: test_tool","service":"primalcode-mcp","timestamp":"2025-07-15T03:21:29.667Z"}
{"level":"info","message":"Performing health check...","service":"primalcode-mcp","timestamp":"2025-07-15T03:21:29.667Z"}
{"level":"info","message":"Health check completed: healthy","service":"primalcode-mcp","timestamp":"2025-07-15T03:21:29.668Z"}
{"level":"info","message":"Performing health check...","service":"primalcode-mcp","timestamp":"2025-07-15T03:21:29.671Z"}
{"level":"info","message":"Health check completed: unhealthy","service":"primalcode-mcp","timestamp":"2025-07-15T03:21:29.671Z"}
{"level":"info","message":"Tool registered: test_tool","service":"primalcode-mcp","timestamp":"2025-07-15T03:22:04.913Z"}
{"level":"info","message":"Performing health check...","service":"primalcode-mcp","timestamp":"2025-07-15T03:22:04.915Z"}
{"level":"info","message":"Health check completed: healthy","service":"primalcode-mcp","timestamp":"2025-07-15T03:22:04.915Z"}
{"level":"info","message":"Tool registered: test_tool","service":"primalcode-mcp","timestamp":"2025-07-15T03:22:04.917Z"}
{"level":"info","message":"Performing health check...","service":"primalcode-mcp","timestamp":"2025-07-15T03:22:04.917Z"}
{"level":"info","message":"Health check completed: healthy","service":"primalcode-mcp","timestamp":"2025-07-15T03:22:04.917Z"}
{"level":"info","message":"Tool registered: test_tool","service":"primalcode-mcp","timestamp":"2025-07-15T03:22:04.918Z"}
{"level":"info","message":"Performing health check...","service":"primalcode-mcp","timestamp":"2025-07-15T03:22:04.918Z"}
{"level":"info","message":"Health check completed: healthy","service":"primalcode-mcp","timestamp":"2025-07-15T03:22:04.918Z"}
{"level":"info","message":"Performing health check...","service":"primalcode-mcp","timestamp":"2025-07-15T03:22:04.919Z"}
{"level":"info","message":"Health check completed: unhealthy","service":"primalcode-mcp","timestamp":"2025-07-15T03:22:04.919Z"}
{"level":"info","message":"Tool registered: test_tool","service":"primalcode-mcp","timestamp":"2025-07-15T03:22:04.920Z"}
{"level":"info","message":"Performing health check...","service":"primalcode-mcp","timestamp":"2025-07-15T03:22:04.920Z"}
{"level":"info","message":"Health check completed: healthy","service":"primalcode-mcp","timestamp":"2025-07-15T03:22:04.920Z"}
{"level":"info","message":"Performing health check...","service":"primalcode-mcp","timestamp":"2025-07-15T03:22:04.921Z"}
{"level":"info","message":"Health check completed: unhealthy","service":"primalcode-mcp","timestamp":"2025-07-15T03:22:04.921Z"}
{"level":"info","message":"Tool registered: test_tool","service":"primalcode-mcp","timestamp":"2025-07-15T03:22:04.922Z"}
{"level":"info","message":"Performing health check...","service":"primalcode-mcp","timestamp":"2025-07-15T03:22:04.922Z"}
{"level":"info","message":"Health check completed: healthy","service":"primalcode-mcp","timestamp":"2025-07-15T03:22:04.922Z"}
{"level":"info","message":"Performing health check...","service":"primalcode-mcp","timestamp":"2025-07-15T03:22:04.923Z"}
{"level":"info","message":"Health check completed: unhealthy","service":"primalcode-mcp","timestamp":"2025-07-15T03:22:04.924Z"}
{"level":"info","message":"Performing health check...","service":"primalcode-mcp","timestamp":"2025-07-15T03:22:04.924Z"}
{"level":"info","message":"Health check completed: unhealthy","service":"primalcode-mcp","timestamp":"2025-07-15T03:22:04.924Z"}
{"level":"info","message":"Tool registered: test_tool","service":"primalcode-mcp","timestamp":"2025-07-15T03:23:05.067Z"}
{"level":"info","message":"Performing health check...","service":"primalcode-mcp","timestamp":"2025-07-15T03:23:05.071Z"}
{"level":"info","message":"Health check completed: healthy","service":"primalcode-mcp","timestamp":"2025-07-15T03:23:05.071Z"}
{"level":"info","message":"Tool registered: test_tool","service":"primalcode-mcp","timestamp":"2025-07-15T03:23:05.073Z"}
{"level":"info","message":"Performing health check...","service":"primalcode-mcp","timestamp":"2025-07-15T03:23:05.073Z"}
{"level":"info","message":"Health check completed: healthy","service":"primalcode-mcp","timestamp":"2025-07-15T03:23:05.073Z"}
{"level":"info","message":"Tool registered: test_tool","service":"primalcode-mcp","timestamp":"2025-07-15T03:23:05.074Z"}
{"level":"info","message":"Performing health check...","service":"primalcode-mcp","timestamp":"2025-07-15T03:23:05.074Z"}
{"level":"info","message":"Health check completed: healthy","service":"primalcode-mcp","timestamp":"2025-07-15T03:23:05.074Z"}
{"level":"info","message":"Performing health check...","service":"primalcode-mcp","timestamp":"2025-07-15T03:23:05.076Z"}
{"level":"info","message":"Health check completed: unhealthy","service":"primalcode-mcp","timestamp":"2025-07-15T03:23:05.076Z"}
{"level":"info","message":"Tool registered: test_tool","service":"primalcode-mcp","timestamp":"2025-07-15T03:23:05.077Z"}
{"level":"info","message":"Performing health check...","service":"primalcode-mcp","timestamp":"2025-07-15T03:23:05.077Z"}
{"level":"info","message":"Health check completed: healthy","service":"primalcode-mcp","timestamp":"2025-07-15T03:23:05.077Z"}
{"level":"info","message":"Performing health check...","service":"primalcode-mcp","timestamp":"2025-07-15T03:23:05.082Z"}
{"level":"info","message":"Health check completed: unhealthy","service":"primalcode-mcp","timestamp":"2025-07-15T03:23:05.082Z"}
{"level":"info","message":"Tool registered: test_tool","service":"primalcode-mcp","timestamp":"2025-07-15T03:23:05.083Z"}
{"level":"info","message":"Performing health check...","service":"primalcode-mcp","timestamp":"2025-07-15T03:23:05.084Z"}
{"level":"info","message":"Health check completed: healthy","service":"primalcode-mcp","timestamp":"2025-07-15T03:23:05.084Z"}
{"level":"info","message":"Performing health check...","service":"primalcode-mcp","timestamp":"2025-07-15T03:23:05.084Z"}
{"level":"info","message":"Health check completed: unhealthy","service":"primalcode-mcp","timestamp":"2025-07-15T03:23:05.085Z"}
{"level":"info","message":"Performing health check...","service":"primalcode-mcp","timestamp":"2025-07-15T03:23:05.085Z"}
{"level":"info","message":"Health check completed: unhealthy","service":"primalcode-mcp","timestamp":"2025-07-15T03:23:05.085Z"}
{"level":"info","message":"Tool registered: test_tool","service":"primalcode-mcp","timestamp":"2025-07-15T03:28:38.001Z"}
{"level":"info","message":"Performing health check...","service":"primalcode-mcp","timestamp":"2025-07-15T03:28:38.003Z"}
{"level":"info","message":"Health check completed: healthy","service":"primalcode-mcp","timestamp":"2025-07-15T03:28:38.004Z"}
{"level":"info","message":"Tool registered: test_tool","service":"primalcode-mcp","timestamp":"2025-07-15T03:28:38.005Z"}
{"level":"info","message":"Performing health check...","service":"primalcode-mcp","timestamp":"2025-07-15T03:28:38.005Z"}
{"level":"info","message":"Health check completed: healthy","service":"primalcode-mcp","timestamp":"2025-07-15T03:28:38.005Z"}
{"level":"info","message":"Tool registered: test_tool","service":"primalcode-mcp","timestamp":"2025-07-15T03:28:38.006Z"}
{"level":"info","message":"Performing health check...","service":"primalcode-mcp","timestamp":"2025-07-15T03:28:38.006Z"}
{"level":"info","message":"Health check completed: healthy","service":"primalcode-mcp","timestamp":"2025-07-15T03:28:38.006Z"}
{"level":"info","message":"Performing health check...","service":"primalcode-mcp","timestamp":"2025-07-15T03:28:38.007Z"}
{"level":"info","message":"Health check completed: unhealthy","service":"primalcode-mcp","timestamp":"2025-07-15T03:28:38.007Z"}
{"level":"info","message":"Tool registered: test_tool","service":"primalcode-mcp","timestamp":"2025-07-15T03:28:38.007Z"}
{"level":"info","message":"Performing health check...","service":"primalcode-mcp","timestamp":"2025-07-15T03:28:38.007Z"}
{"level":"info","message":"Health check completed: healthy","service":"primalcode-mcp","timestamp":"2025-07-15T03:28:38.007Z"}
{"level":"info","message":"Performing health check...","service":"primalcode-mcp","timestamp":"2025-07-15T03:28:38.008Z"}
{"level":"info","message":"Health check completed: unhealthy","service":"primalcode-mcp","timestamp":"2025-07-15T03:28:38.009Z"}
{"level":"info","message":"Tool registered: test_tool","service":"primalcode-mcp","timestamp":"2025-07-15T03:28:38.009Z"}
{"level":"info","message":"Performing health check...","service":"primalcode-mcp","timestamp":"2025-07-15T03:28:38.009Z"}
{"level":"info","message":"Health check completed: healthy","service":"primalcode-mcp","timestamp":"2025-07-15T03:28:38.010Z"}
{"level":"info","message":"Performing health check...","service":"primalcode-mcp","timestamp":"2025-07-15T03:28:38.010Z"}
{"level":"info","message":"Health check completed: unhealthy","service":"primalcode-mcp","timestamp":"2025-07-15T03:28:38.010Z"}
{"level":"info","message":"Performing health check...","service":"primalcode-mcp","timestamp":"2025-07-15T03:28:38.010Z"}
{"level":"info","message":"Health check completed: unhealthy","service":"primalcode-mcp","timestamp":"2025-07-15T03:28:38.010Z"}
{"level":"info","message":"Tool registered: test_tool","service":"primalcode-mcp","timestamp":"2025-07-15T03:29:58.920Z"}
{"level":"info","message":"Performing health check...","service":"primalcode-mcp","timestamp":"2025-07-15T03:29:58.921Z"}
{"level":"info","message":"Health check completed: unhealthy","service":"primalcode-mcp","timestamp":"2025-07-15T03:29:58.922Z"}
{"level":"info","message":"Tool registered: test_tool","service":"primalcode-mcp","timestamp":"2025-07-15T03:29:58.925Z"}
{"level":"info","message":"Performing health check...","service":"primalcode-mcp","timestamp":"2025-07-15T03:29:58.925Z"}
{"level":"info","message":"Health check completed: unhealthy","service":"primalcode-mcp","timestamp":"2025-07-15T03:29:58.925Z"}
{"level":"info","message":"Tool registered: test_tool","service":"primalcode-mcp","timestamp":"2025-07-15T03:29:58.926Z"}
{"level":"info","message":"Performing health check...","service":"primalcode-mcp","timestamp":"2025-07-15T03:29:58.926Z"}
{"level":"info","message":"Health check completed: unhealthy","service":"primalcode-mcp","timestamp":"2025-07-15T03:29:58.926Z"}
{"level":"info","message":"Performing health check...","service":"primalcode-mcp","timestamp":"2025-07-15T03:29:58.931Z"}
{"level":"info","message":"Health check completed: unhealthy","service":"primalcode-mcp","timestamp":"2025-07-15T03:29:58.931Z"}
{"level":"info","message":"Tool registered: test_tool","service":"primalcode-mcp","timestamp":"2025-07-15T03:29:58.932Z"}
{"level":"info","message":"Performing health check...","service":"primalcode-mcp","timestamp":"2025-07-15T03:29:58.932Z"}
{"level":"info","message":"Health check completed: unhealthy","service":"primalcode-mcp","timestamp":"2025-07-15T03:29:58.932Z"}
{"level":"info","message":"Performing health check...","service":"primalcode-mcp","timestamp":"2025-07-15T03:29:58.935Z"}
{"level":"info","message":"Health check completed: unhealthy","service":"primalcode-mcp","timestamp":"2025-07-15T03:29:58.936Z"}
{"level":"info","message":"Tool registered: test_tool","service":"primalcode-mcp","timestamp":"2025-07-15T03:29:58.937Z"}
{"level":"info","message":"Performing health check...","service":"primalcode-mcp","timestamp":"2025-07-15T03:29:58.937Z"}
{"level":"info","message":"Health check completed: unhealthy","service":"primalcode-mcp","timestamp":"2025-07-15T03:29:58.937Z"}
{"level":"info","message":"Tool registered: test_tool","service":"primalcode-mcp","timestamp":"2025-07-15T03:29:58.938Z"}
{"level":"info","message":"Performing health check...","service":"primalcode-mcp","timestamp":"2025-07-15T03:29:58.938Z"}
{"level":"info","message":"Health check completed: unhealthy","service":"primalcode-mcp","timestamp":"2025-07-15T03:29:58.938Z"}
{"level":"info","message":"Performing health check...","service":"primalcode-mcp","timestamp":"2025-07-15T03:29:58.938Z"}
{"level":"info","message":"Health check completed: unhealthy","service":"primalcode-mcp","timestamp":"2025-07-15T03:29:58.938Z"}
{"level":"info","message":"Performing health check...","service":"primalcode-mcp","timestamp":"2025-07-15T03:29:58.938Z"}
{"level":"info","message":"Health check completed: unhealthy","service":"primalcode-mcp","timestamp":"2025-07-15T03:29:58.938Z"}
{"level":"info","message":"Tool registered: test_tool","service":"primalcode-mcp","timestamp":"2025-07-15T03:30:17.182Z"}
{"level":"info","message":"Performing health check...","service":"primalcode-mcp","timestamp":"2025-07-15T03:30:17.184Z"}
{"level":"info","message":"Health check completed: healthy","service":"primalcode-mcp","timestamp":"2025-07-15T03:30:17.185Z"}
{"level":"info","message":"Tool registered: test_tool","service":"primalcode-mcp","timestamp":"2025-07-15T03:30:17.185Z"}
{"level":"info","message":"Performing health check...","service":"primalcode-mcp","timestamp":"2025-07-15T03:30:17.185Z"}
{"level":"info","message":"Health check completed: healthy","service":"primalcode-mcp","timestamp":"2025-07-15T03:30:17.186Z"}
{"level":"info","message":"Tool registered: test_tool","service":"primalcode-mcp","timestamp":"2025-07-15T03:30:17.186Z"}
{"level":"info","message":"Performing health check...","service":"primalcode-mcp","timestamp":"2025-07-15T03:30:17.186Z"}
{"level":"info","message":"Health check completed: healthy","service":"primalcode-mcp","timestamp":"2025-07-15T03:30:17.186Z"}
{"level":"info","message":"Performing health check...","service":"primalcode-mcp","timestamp":"2025-07-15T03:30:17.187Z"}
{"level":"info","message":"Health check completed: unhealthy","service":"primalcode-mcp","timestamp":"2025-07-15T03:30:17.187Z"}
{"level":"info","message":"Tool registered: test_tool","service":"primalcode-mcp","timestamp":"2025-07-15T03:30:17.188Z"}
{"level":"info","message":"Performing health check...","service":"primalcode-mcp","timestamp":"2025-07-15T03:30:17.188Z"}
{"level":"info","message":"Health check completed: healthy","service":"primalcode-mcp","timestamp":"2025-07-15T03:30:17.188Z"}
{"level":"info","message":"Performing health check...","service":"primalcode-mcp","timestamp":"2025-07-15T03:30:17.191Z"}
{"level":"info","message":"Health check completed: unhealthy","service":"primalcode-mcp","timestamp":"2025-07-15T03:30:17.191Z"}
{"level":"info","message":"Tool registered: test_tool","service":"primalcode-mcp","timestamp":"2025-07-15T03:30:17.192Z"}
{"level":"info","message":"Performing health check...","service":"primalcode-mcp","timestamp":"2025-07-15T03:30:17.192Z"}
{"level":"info","message":"Health check completed: healthy","service":"primalcode-mcp","timestamp":"2025-07-15T03:30:17.192Z"}
{"level":"info","message":"Tool registered: test_tool","service":"primalcode-mcp","timestamp":"2025-07-15T03:30:17.192Z"}
{"level":"info","message":"Performing health check...","service":"primalcode-mcp","timestamp":"2025-07-15T03:30:17.192Z"}
{"level":"info","message":"Health check completed: healthy","service":"primalcode-mcp","timestamp":"2025-07-15T03:30:17.192Z"}
{"level":"info","message":"Performing health check...","service":"primalcode-mcp","timestamp":"2025-07-15T03:30:17.193Z"}
{"level":"info","message":"Health check completed: unhealthy","service":"primalcode-mcp","timestamp":"2025-07-15T03:30:17.193Z"}
{"level":"info","message":"Performing health check...","service":"primalcode-mcp","timestamp":"2025-07-15T03:30:17.193Z"}
{"level":"info","message":"Health check completed: unhealthy","service":"primalcode-mcp","timestamp":"2025-07-15T03:30:17.193Z"}
{"level":"info","message":"Tool registered: test_tool","service":"primalcode-mcp","timestamp":"2025-07-15T03:49:03.445Z"}
{"level":"info","message":"Performing health check...","service":"primalcode-mcp","timestamp":"2025-07-15T03:49:03.453Z"}
{"level":"info","message":"Health check completed: healthy","service":"primalcode-mcp","timestamp":"2025-07-15T03:49:03.453Z"}
{"level":"info","message":"Tool registered: test_tool","service":"primalcode-mcp","timestamp":"2025-07-15T03:49:03.454Z"}
{"level":"info","message":"Performing health check...","service":"primalcode-mcp","timestamp":"2025-07-15T03:49:03.454Z"}
{"level":"info","message":"Health check completed: healthy","service":"primalcode-mcp","timestamp":"2025-07-15T03:49:03.457Z"}
{"level":"info","message":"Tool registered: test_tool","service":"primalcode-mcp","timestamp":"2025-07-15T03:49:03.457Z"}
{"level":"info","message":"Performing health check...","service":"primalcode-mcp","timestamp":"2025-07-15T03:49:03.457Z"}
{"level":"info","message":"Health check completed: healthy","service":"primalcode-mcp","timestamp":"2025-07-15T03:49:03.458Z"}
{"level":"info","message":"Performing health check...","service":"primalcode-mcp","timestamp":"2025-07-15T03:49:03.458Z"}
{"level":"info","message":"Health check completed: unhealthy","service":"primalcode-mcp","timestamp":"2025-07-15T03:49:03.459Z"}
{"level":"info","message":"Tool registered: test_tool","service":"primalcode-mcp","timestamp":"2025-07-15T03:49:03.459Z"}
{"level":"info","message":"Performing health check...","service":"primalcode-mcp","timestamp":"2025-07-15T03:49:03.459Z"}
{"level":"info","message":"Health check completed: healthy","service":"primalcode-mcp","timestamp":"2025-07-15T03:49:03.459Z"}
{"level":"info","message":"Performing health check...","service":"primalcode-mcp","timestamp":"2025-07-15T03:49:03.460Z"}
{"level":"info","message":"Health check completed: unhealthy","service":"primalcode-mcp","timestamp":"2025-07-15T03:49:03.461Z"}
{"level":"info","message":"Tool registered: test_tool","service":"primalcode-mcp","timestamp":"2025-07-15T03:49:03.461Z"}
{"level":"info","message":"Performing health check...","service":"primalcode-mcp","timestamp":"2025-07-15T03:49:03.461Z"}
{"level":"info","message":"Health check completed: healthy","service":"primalcode-mcp","timestamp":"2025-07-15T03:49:03.461Z"}
{"level":"info","message":"Tool registered: test_tool","service":"primalcode-mcp","timestamp":"2025-07-15T03:49:03.462Z"}
{"level":"info","message":"Performing health check...","service":"primalcode-mcp","timestamp":"2025-07-15T03:49:03.462Z"}
{"level":"info","message":"Health check completed: healthy","service":"primalcode-mcp","timestamp":"2025-07-15T03:49:03.462Z"}
{"level":"info","message":"Performing health check...","service":"primalcode-mcp","timestamp":"2025-07-15T03:49:03.463Z"}
{"level":"info","message":"Health check completed: unhealthy","service":"primalcode-mcp","timestamp":"2025-07-15T03:49:03.463Z"}
{"level":"info","message":"Performing health check...","service":"primalcode-mcp","timestamp":"2025-07-15T03:49:03.463Z"}
{"level":"info","message":"Health check completed: unhealthy","service":"primalcode-mcp","timestamp":"2025-07-15T03:49:03.463Z"}
{"level":"info","message":"Tool registered: test_tool","service":"primalcode-mcp","timestamp":"2025-07-15T03:56:14.780Z"}
{"level":"info","message":"Performing health check...","service":"primalcode-mcp","timestamp":"2025-07-15T03:56:14.789Z"}
{"level":"info","message":"Health check completed: healthy","service":"primalcode-mcp","timestamp":"2025-07-15T03:56:14.790Z"}
{"level":"info","message":"Tool registered: test_tool","service":"primalcode-mcp","timestamp":"2025-07-15T03:56:14.791Z"}
{"level":"info","message":"Performing health check...","service":"primalcode-mcp","timestamp":"2025-07-15T03:56:14.791Z"}
{"level":"info","message":"Health check completed: healthy","service":"primalcode-mcp","timestamp":"2025-07-15T03:56:14.792Z"}
{"level":"info","message":"Tool registered: test_tool","service":"primalcode-mcp","timestamp":"2025-07-15T03:56:14.793Z"}
{"level":"info","message":"Performing health check...","service":"primalcode-mcp","timestamp":"2025-07-15T03:56:14.793Z"}
{"level":"info","message":"Health check completed: healthy","service":"primalcode-mcp","timestamp":"2025-07-15T03:56:14.793Z"}
{"level":"info","message":"Performing health check...","service":"primalcode-mcp","timestamp":"2025-07-15T03:56:14.794Z"}
{"level":"info","message":"Health check completed: unhealthy","service":"primalcode-mcp","timestamp":"2025-07-15T03:56:14.794Z"}
{"level":"info","message":"Tool registered: test_tool","service":"primalcode-mcp","timestamp":"2025-07-15T03:56:14.795Z"}
{"level":"info","message":"Performing health check...","service":"primalcode-mcp","timestamp":"2025-07-15T03:56:14.798Z"}
{"level":"info","message":"Health check completed: healthy","service":"primalcode-mcp","timestamp":"2025-07-15T03:56:14.798Z"}
{"level":"info","message":"Performing health check...","service":"primalcode-mcp","timestamp":"2025-07-15T03:56:14.799Z"}
{"level":"info","message":"Health check completed: unhealthy","service":"primalcode-mcp","timestamp":"2025-07-15T03:56:14.799Z"}
{"level":"info","message":"Tool registered: test_tool","service":"primalcode-mcp","timestamp":"2025-07-15T03:56:14.800Z"}
{"level":"info","message":"Performing health check...","service":"primalcode-mcp","timestamp":"2025-07-15T03:56:14.800Z"}
{"level":"info","message":"Health check completed: healthy","service":"primalcode-mcp","timestamp":"2025-07-15T03:56:14.800Z"}
{"level":"info","message":"Tool registered: test_tool","service":"primalcode-mcp","timestamp":"2025-07-15T03:56:14.801Z"}
{"level":"info","message":"Performing health check...","service":"primalcode-mcp","timestamp":"2025-07-15T03:56:14.801Z"}
{"level":"info","message":"Health check completed: healthy","service":"primalcode-mcp","timestamp":"2025-07-15T03:56:14.801Z"}
{"level":"info","message":"Performing health check...","service":"primalcode-mcp","timestamp":"2025-07-15T03:56:14.802Z"}
{"level":"info","message":"Health check completed: unhealthy","service":"primalcode-mcp","timestamp":"2025-07-15T03:56:14.802Z"}
{"level":"info","message":"Performing health check...","service":"primalcode-mcp","timestamp":"2025-07-15T03:56:14.803Z"}
{"level":"info","message":"Health check completed: unhealthy","service":"primalcode-mcp","timestamp":"2025-07-15T03:56:14.804Z"}
{"level":"info","message":"Tool registered: test_tool","service":"primalcode-mcp","timestamp":"2025-07-15T03:57:45.067Z"}
{"level":"info","message":"Performing health check...","service":"primalcode-mcp","timestamp":"2025-07-15T03:57:45.076Z"}
{"level":"info","message":"Health check completed: healthy","service":"primalcode-mcp","timestamp":"2025-07-15T03:57:45.077Z"}
{"level":"info","message":"Tool registered: test_tool","service":"primalcode-mcp","timestamp":"2025-07-15T03:57:45.078Z"}
{"level":"info","message":"Performing health check...","service":"primalcode-mcp","timestamp":"2025-07-15T03:57:45.078Z"}
{"level":"info","message":"Health check completed: healthy","service":"primalcode-mcp","timestamp":"2025-07-15T03:57:45.079Z"}
{"level":"info","message":"Tool registered: test_tool","service":"primalcode-mcp","timestamp":"2025-07-15T03:57:45.080Z"}
{"level":"info","message":"Performing health check...","service":"primalcode-mcp","timestamp":"2025-07-15T03:57:45.080Z"}
{"level":"info","message":"Health check completed: healthy","service":"primalcode-mcp","timestamp":"2025-07-15T03:57:45.081Z"}
{"level":"info","message":"Performing health check...","service":"primalcode-mcp","timestamp":"2025-07-15T03:57:45.082Z"}
{"level":"info","message":"Health check completed: unhealthy","service":"primalcode-mcp","timestamp":"2025-07-15T03:57:45.082Z"}
{"level":"info","message":"Tool registered: test_tool","service":"primalcode-mcp","timestamp":"2025-07-15T03:57:45.082Z"}
{"level":"info","message":"Performing health check...","service":"primalcode-mcp","timestamp":"2025-07-15T03:57:45.083Z"}
{"level":"info","message":"Health check completed: healthy","service":"primalcode-mcp","timestamp":"2025-07-15T03:57:45.083Z"}
{"level":"info","message":"Performing health check...","service":"primalcode-mcp","timestamp":"2025-07-15T03:57:45.087Z"}
{"level":"info","message":"Health check completed: unhealthy","service":"primalcode-mcp","timestamp":"2025-07-15T03:57:45.087Z"}
{"level":"info","message":"Tool registered: test_tool","service":"primalcode-mcp","timestamp":"2025-07-15T03:57:45.088Z"}
{"level":"info","message":"Performing health check...","service":"primalcode-mcp","timestamp":"2025-07-15T03:57:45.088Z"}
{"level":"info","message":"Health check completed: healthy","service":"primalcode-mcp","timestamp":"2025-07-15T03:57:45.089Z"}
{"level":"info","message":"Tool registered: test_tool","service":"primalcode-mcp","timestamp":"2025-07-15T03:57:45.090Z"}
{"level":"info","message":"Performing health check...","service":"primalcode-mcp","timestamp":"2025-07-15T03:57:45.090Z"}
{"level":"info","message":"Health check completed: healthy","service":"primalcode-mcp","timestamp":"2025-07-15T03:57:45.090Z"}
{"level":"info","message":"Performing health check...","service":"primalcode-mcp","timestamp":"2025-07-15T03:57:45.091Z"}
{"level":"info","message":"Health check completed: unhealthy","service":"primalcode-mcp","timestamp":"2025-07-15T03:57:45.091Z"}
{"level":"info","message":"Performing health check...","service":"primalcode-mcp","timestamp":"2025-07-15T03:57:45.092Z"}
{"level":"info","message":"Health check completed: unhealthy","service":"primalcode-mcp","timestamp":"2025-07-15T03:57:45.093Z"}
{"level":"info","message":"Tool registered: test_tool","service":"primalcode-mcp","timestamp":"2025-07-15T03:58:38.659Z"}
{"level":"info","message":"Performing health check...","service":"primalcode-mcp","timestamp":"2025-07-15T03:58:38.667Z"}
{"level":"info","message":"Health check completed: healthy","service":"primalcode-mcp","timestamp":"2025-07-15T03:58:38.668Z"}
{"level":"info","message":"Tool registered: test_tool","service":"primalcode-mcp","timestamp":"2025-07-15T03:58:38.671Z"}
{"level":"info","message":"Performing health check...","service":"primalcode-mcp","timestamp":"2025-07-15T03:58:38.672Z"}
{"level":"info","message":"Health check completed: healthy","service":"primalcode-mcp","timestamp":"2025-07-15T03:58:38.672Z"}
{"level":"info","message":"Tool registered: test_tool","service":"primalcode-mcp","timestamp":"2025-07-15T03:58:38.673Z"}
{"level":"info","message":"Performing health check...","service":"primalcode-mcp","timestamp":"2025-07-15T03:58:38.673Z"}
{"level":"info","message":"Health check completed: healthy","service":"primalcode-mcp","timestamp":"2025-07-15T03:58:38.674Z"}
{"level":"info","message":"Performing health check...","service":"primalcode-mcp","timestamp":"2025-07-15T03:58:38.675Z"}
{"level":"info","message":"Health check completed: unhealthy","service":"primalcode-mcp","timestamp":"2025-07-15T03:58:38.675Z"}
{"level":"info","message":"Tool registered: test_tool","service":"primalcode-mcp","timestamp":"2025-07-15T03:58:38.675Z"}
{"level":"info","message":"Performing health check...","service":"primalcode-mcp","timestamp":"2025-07-15T03:58:38.676Z"}
{"level":"info","message":"Health check completed: healthy","service":"primalcode-mcp","timestamp":"2025-07-15T03:58:38.676Z"}
{"level":"info","message":"Performing health check...","service":"primalcode-mcp","timestamp":"2025-07-15T03:58:38.677Z"}
{"level":"info","message":"Health check completed: unhealthy","service":"primalcode-mcp","timestamp":"2025-07-15T03:58:38.677Z"}
{"level":"info","message":"Tool registered: test_tool","service":"primalcode-mcp","timestamp":"2025-07-15T03:58:38.677Z"}
{"level":"info","message":"Performing health check...","service":"primalcode-mcp","timestamp":"2025-07-15T03:58:38.678Z"}
{"level":"info","message":"Health check completed: healthy","service":"primalcode-mcp","timestamp":"2025-07-15T03:58:38.678Z"}
{"level":"info","message":"Tool registered: test_tool","service":"primalcode-mcp","timestamp":"2025-07-15T03:58:38.679Z"}
{"level":"info","message":"Performing health check...","service":"primalcode-mcp","timestamp":"2025-07-15T03:58:38.679Z"}
{"level":"info","message":"Health check completed: healthy","service":"primalcode-mcp","timestamp":"2025-07-15T03:58:38.679Z"}
{"level":"info","message":"Performing health check...","service":"primalcode-mcp","timestamp":"2025-07-15T03:58:38.679Z"}
{"level":"info","message":"Health check completed: unhealthy","service":"primalcode-mcp","timestamp":"2025-07-15T03:58:38.680Z"}
{"level":"info","message":"Performing health check...","service":"primalcode-mcp","timestamp":"2025-07-15T03:58:38.680Z"}
{"level":"info","message":"Health check completed: unhealthy","service":"primalcode-mcp","timestamp":"2025-07-15T03:58:38.680Z"}
{"level":"info","message":"Tool registered: test_tool","service":"primalcode-mcp","timestamp":"2025-07-15T03:59:00.180Z"}
{"level":"info","message":"Performing health check...","service":"primalcode-mcp","timestamp":"2025-07-15T03:59:00.188Z"}
{"level":"info","message":"Health check completed: healthy","service":"primalcode-mcp","timestamp":"2025-07-15T03:59:00.188Z"}
{"level":"info","message":"Tool registered: test_tool","service":"primalcode-mcp","timestamp":"2025-07-15T03:59:00.189Z"}
{"level":"info","message":"Performing health check...","service":"primalcode-mcp","timestamp":"2025-07-15T03:59:00.190Z"}
{"level":"info","message":"Health check completed: healthy","service":"primalcode-mcp","timestamp":"2025-07-15T03:59:00.190Z"}
{"level":"info","message":"Tool registered: test_tool","service":"primalcode-mcp","timestamp":"2025-07-15T03:59:00.191Z"}
{"level":"info","message":"Performing health check...","service":"primalcode-mcp","timestamp":"2025-07-15T03:59:00.191Z"}
{"level":"info","message":"Health check completed: healthy","service":"primalcode-mcp","timestamp":"2025-07-15T03:59:00.191Z"}
{"level":"info","message":"Performing health check...","service":"primalcode-mcp","timestamp":"2025-07-15T03:59:00.192Z"}
{"level":"info","message":"Health check completed: unhealthy","service":"primalcode-mcp","timestamp":"2025-07-15T03:59:00.192Z"}
{"level":"info","message":"Tool registered: test_tool","service":"primalcode-mcp","timestamp":"2025-07-15T03:59:00.193Z"}
{"level":"info","message":"Performing health check...","service":"primalcode-mcp","timestamp":"2025-07-15T03:59:00.193Z"}
{"level":"info","message":"Health check completed: healthy","service":"primalcode-mcp","timestamp":"2025-07-15T03:59:00.193Z"}
{"level":"info","message":"Performing health check...","service":"primalcode-mcp","timestamp":"2025-07-15T03:59:00.194Z"}
{"level":"info","message":"Health check completed: unhealthy","service":"primalcode-mcp","timestamp":"2025-07-15T03:59:00.194Z"}
{"level":"info","message":"Tool registered: test_tool","service":"primalcode-mcp","timestamp":"2025-07-15T03:59:00.195Z"}
{"level":"info","message":"Performing health check...","service":"primalcode-mcp","timestamp":"2025-07-15T03:59:00.195Z"}
{"level":"info","message":"Health check completed: healthy","service":"primalcode-mcp","timestamp":"2025-07-15T03:59:00.195Z"}
{"level":"info","message":"Tool registered: test_tool","service":"primalcode-mcp","timestamp":"2025-07-15T03:59:00.199Z"}
{"level":"info","message":"Performing health check...","service":"primalcode-mcp","timestamp":"2025-07-15T03:59:00.199Z"}
{"level":"info","message":"Health check completed: healthy","service":"primalcode-mcp","timestamp":"2025-07-15T03:59:00.200Z"}
{"level":"info","message":"Performing health check...","service":"primalcode-mcp","timestamp":"2025-07-15T03:59:00.200Z"}
{"level":"info","message":"Health check completed: unhealthy","service":"primalcode-mcp","timestamp":"2025-07-15T03:59:00.201Z"}
{"level":"info","message":"Performing health check...","service":"primalcode-mcp","timestamp":"2025-07-15T03:59:00.201Z"}
{"level":"info","message":"Health check completed: unhealthy","service":"primalcode-mcp","timestamp":"2025-07-15T03:59:00.201Z"}
{"level":"info","message":"Tool registered: test_tool","service":"primalcode-mcp","timestamp":"2025-07-15T04:04:53.814Z"}
{"level":"info","message":"Performing health check...","service":"primalcode-mcp","timestamp":"2025-07-15T04:04:53.822Z"}
{"level":"info","message":"Health check completed: healthy","service":"primalcode-mcp","timestamp":"2025-07-15T04:04:53.823Z"}
{"level":"info","message":"Tool registered: test_tool","service":"primalcode-mcp","timestamp":"2025-07-15T04:04:53.824Z"}
{"level":"info","message":"Performing health check...","service":"primalcode-mcp","timestamp":"2025-07-15T04:04:53.824Z"}
{"level":"info","message":"Health check completed: healthy","service":"primalcode-mcp","timestamp":"2025-07-15T04:04:53.825Z"}
{"level":"info","message":"Tool registered: test_tool","service":"primalcode-mcp","timestamp":"2025-07-15T04:04:53.825Z"}
{"level":"info","message":"Performing health check...","service":"primalcode-mcp","timestamp":"2025-07-15T04:04:53.826Z"}
{"level":"info","message":"Health check completed: healthy","service":"primalcode-mcp","timestamp":"2025-07-15T04:04:53.828Z"}
{"level":"info","message":"Performing health check...","service":"primalcode-mcp","timestamp":"2025-07-15T04:04:53.830Z"}
{"level":"info","message":"Health check completed: unhealthy","service":"primalcode-mcp","timestamp":"2025-07-15T04:04:53.830Z"}
{"level":"info","message":"Tool registered: test_tool","service":"primalcode-mcp","timestamp":"2025-07-15T04:04:53.830Z"}
{"level":"info","message":"Performing health check...","service":"primalcode-mcp","timestamp":"2025-07-15T04:04:53.831Z"}
{"level":"info","message":"Health check completed: healthy","service":"primalcode-mcp","timestamp":"2025-07-15T04:04:53.831Z"}
{"level":"info","message":"Performing health check...","service":"primalcode-mcp","timestamp":"2025-07-15T04:04:53.832Z"}
{"level":"info","message":"Health check completed: unhealthy","service":"primalcode-mcp","timestamp":"2025-07-15T04:04:53.832Z"}
{"level":"info","message":"Tool registered: test_tool","service":"primalcode-mcp","timestamp":"2025-07-15T04:04:53.833Z"}
{"level":"info","message":"Performing health check...","service":"primalcode-mcp","timestamp":"2025-07-15T04:04:53.833Z"}
{"level":"info","message":"Health check completed: healthy","service":"primalcode-mcp","timestamp":"2025-07-15T04:04:53.833Z"}
{"level":"info","message":"Tool registered: test_tool","service":"primalcode-mcp","timestamp":"2025-07-15T04:04:53.834Z"}
{"level":"info","message":"Performing health check...","service":"primalcode-mcp","timestamp":"2025-07-15T04:04:53.834Z"}
{"level":"info","message":"Health check completed: healthy","service":"primalcode-mcp","timestamp":"2025-07-15T04:04:53.835Z"}
{"level":"info","message":"Performing health check...","service":"primalcode-mcp","timestamp":"2025-07-15T04:04:53.835Z"}
{"level":"info","message":"Health check completed: unhealthy","service":"primalcode-mcp","timestamp":"2025-07-15T04:04:53.835Z"}
{"level":"info","message":"Performing health check...","service":"primalcode-mcp","timestamp":"2025-07-15T04:04:53.836Z"}
{"level":"info","message":"Health check completed: unhealthy","service":"primalcode-mcp","timestamp":"2025-07-15T04:04:53.836Z"}
{"level":"info","message":"Tool registered: test_tool","service":"primalcode-mcp","timestamp":"2025-07-15T04:05:53.298Z"}
{"level":"info","message":"Performing health check...","service":"primalcode-mcp","timestamp":"2025-07-15T04:05:53.307Z"}
{"level":"info","message":"Health check completed: healthy","service":"primalcode-mcp","timestamp":"2025-07-15T04:05:53.308Z"}
{"level":"info","message":"Tool registered: test_tool","service":"primalcode-mcp","timestamp":"2025-07-15T04:05:53.309Z"}
{"level":"info","message":"Performing health check...","service":"primalcode-mcp","timestamp":"2025-07-15T04:05:53.309Z"}
{"level":"info","message":"Health check completed: healthy","service":"primalcode-mcp","timestamp":"2025-07-15T04:05:53.310Z"}
{"level":"info","message":"Tool registered: test_tool","service":"primalcode-mcp","timestamp":"2025-07-15T04:05:53.311Z"}
{"level":"info","message":"Performing health check...","service":"primalcode-mcp","timestamp":"2025-07-15T04:05:53.311Z"}
{"level":"info","message":"Health check completed: healthy","service":"primalcode-mcp","timestamp":"2025-07-15T04:05:53.311Z"}
{"level":"info","message":"Performing health check...","service":"primalcode-mcp","timestamp":"2025-07-15T04:05:53.312Z"}
{"level":"info","message":"Health check completed: unhealthy","service":"primalcode-mcp","timestamp":"2025-07-15T04:05:53.313Z"}
{"level":"info","message":"Tool registered: test_tool","service":"primalcode-mcp","timestamp":"2025-07-15T04:05:53.313Z"}
{"level":"info","message":"Performing health check...","service":"primalcode-mcp","timestamp":"2025-07-15T04:05:53.313Z"}
{"level":"info","message":"Health check completed: healthy","service":"primalcode-mcp","timestamp":"2025-07-15T04:05:53.314Z"}
{"level":"info","message":"Performing health check...","service":"primalcode-mcp","timestamp":"2025-07-15T04:05:53.315Z"}
{"level":"info","message":"Health check completed: unhealthy","service":"primalcode-mcp","timestamp":"2025-07-15T04:05:53.315Z"}
{"level":"info","message":"Tool registered: test_tool","service":"primalcode-mcp","timestamp":"2025-07-15T04:05:53.315Z"}
{"level":"info","message":"Performing health check...","service":"primalcode-mcp","timestamp":"2025-07-15T04:05:53.315Z"}
{"level":"info","message":"Health check completed: healthy","service":"primalcode-mcp","timestamp":"2025-07-15T04:05:53.316Z"}
{"level":"info","message":"Tool registered: test_tool","service":"primalcode-mcp","timestamp":"2025-07-15T04:05:53.317Z"}
{"level":"info","message":"Performing health check...","service":"primalcode-mcp","timestamp":"2025-07-15T04:05:53.317Z"}
{"level":"info","message":"Health check completed: healthy","service":"primalcode-mcp","timestamp":"2025-07-15T04:05:53.317Z"}
{"level":"info","message":"Performing health check...","service":"primalcode-mcp","timestamp":"2025-07-15T04:05:53.318Z"}
{"level":"info","message":"Health check completed: unhealthy","service":"primalcode-mcp","timestamp":"2025-07-15T04:05:53.318Z"}
{"level":"info","message":"Performing health check...","service":"primalcode-mcp","timestamp":"2025-07-15T04:05:53.318Z"}
{"level":"info","message":"Health check completed: unhealthy","service":"primalcode-mcp","timestamp":"2025-07-15T04:05:53.318Z"}
{"level":"info","message":"Tool registered: test_tool","service":"primalcode-mcp","timestamp":"2025-07-15T04:06:30.014Z"}
{"level":"info","message":"Performing health check...","service":"primalcode-mcp","timestamp":"2025-07-15T04:06:30.016Z"}
{"level":"info","message":"Health check completed: healthy","service":"primalcode-mcp","timestamp":"2025-07-15T04:06:30.017Z"}
{"level":"info","message":"Tool registered: test_tool","service":"primalcode-mcp","timestamp":"2025-07-15T04:06:30.017Z"}
{"level":"info","message":"Performing health check...","service":"primalcode-mcp","timestamp":"2025-07-15T04:06:30.018Z"}
{"level":"info","message":"Health check completed: healthy","service":"primalcode-mcp","timestamp":"2025-07-15T04:06:30.018Z"}
{"level":"info","message":"Tool registered: test_tool","service":"primalcode-mcp","timestamp":"2025-07-15T04:06:30.018Z"}
{"level":"info","message":"Performing health check...","service":"primalcode-mcp","timestamp":"2025-07-15T04:06:30.018Z"}
{"level":"info","message":"Health check completed: healthy","service":"primalcode-mcp","timestamp":"2025-07-15T04:06:30.019Z"}
{"level":"info","message":"Performing health check...","service":"primalcode-mcp","timestamp":"2025-07-15T04:06:30.020Z"}
{"level":"info","message":"Health check completed: unhealthy","service":"primalcode-mcp","timestamp":"2025-07-15T04:06:30.020Z"}
{"level":"info","message":"Tool registered: test_tool","service":"primalcode-mcp","timestamp":"2025-07-15T04:06:30.020Z"}
{"level":"info","message":"Performing health check...","service":"primalcode-mcp","timestamp":"2025-07-15T04:06:30.020Z"}
{"level":"info","message":"Health check completed: healthy","service":"primalcode-mcp","timestamp":"2025-07-15T04:06:30.020Z"}
{"level":"info","message":"Performing health check...","service":"primalcode-mcp","timestamp":"2025-07-15T04:06:30.022Z"}
{"level":"info","message":"Health check completed: unhealthy","service":"primalcode-mcp","timestamp":"2025-07-15T04:06:30.022Z"}
{"level":"info","message":"Tool registered: test_tool","service":"primalcode-mcp","timestamp":"2025-07-15T04:06:30.022Z"}
{"level":"info","message":"Performing health check...","service":"primalcode-mcp","timestamp":"2025-07-15T04:06:30.022Z"}
{"level":"info","message":"Health check completed: healthy","service":"primalcode-mcp","timestamp":"2025-07-15T04:06:30.022Z"}
{"level":"info","message":"Tool registered: test_tool","service":"primalcode-mcp","timestamp":"2025-07-15T04:06:30.023Z"}
{"level":"info","message":"Performing health check...","service":"primalcode-mcp","timestamp":"2025-07-15T04:06:30.023Z"}
{"level":"info","message":"Health check completed: healthy","service":"primalcode-mcp","timestamp":"2025-07-15T04:06:30.023Z"}
{"level":"info","message":"Performing health check...","service":"primalcode-mcp","timestamp":"2025-07-15T04:06:30.024Z"}
{"level":"info","message":"Health check completed: unhealthy","service":"primalcode-mcp","timestamp":"2025-07-15T04:06:30.024Z"}
{"level":"info","message":"Performing health check...","service":"primalcode-mcp","timestamp":"2025-07-15T04:06:30.024Z"}
{"level":"info","message":"Health check completed: unhealthy","service":"primalcode-mcp","timestamp":"2025-07-15T04:06:30.024Z"}
{"level":"info","message":"Tool registered: test_tool","service":"primalcode-mcp","timestamp":"2025-07-15T04:08:35.224Z"}
{"level":"info","message":"Performing health check...","service":"primalcode-mcp","timestamp":"2025-07-15T04:08:35.232Z"}
{"level":"info","message":"Health check completed: healthy","service":"primalcode-mcp","timestamp":"2025-07-15T04:08:35.233Z"}
{"level":"info","message":"Tool registered: test_tool","service":"primalcode-mcp","timestamp":"2025-07-15T04:08:35.234Z"}
{"level":"info","message":"Performing health check...","service":"primalcode-mcp","timestamp":"2025-07-15T04:08:35.234Z"}
{"level":"info","message":"Health check completed: healthy","service":"primalcode-mcp","timestamp":"2025-07-15T04:08:35.235Z"}
{"level":"info","message":"Tool registered: test_tool","service":"primalcode-mcp","timestamp":"2025-07-15T04:08:35.236Z"}
{"level":"info","message":"Performing health check...","service":"primalcode-mcp","timestamp":"2025-07-15T04:08:35.236Z"}
{"level":"info","message":"Health check completed: healthy","service":"primalcode-mcp","timestamp":"2025-07-15T04:08:35.236Z"}
{"level":"info","message":"Performing health check...","service":"primalcode-mcp","timestamp":"2025-07-15T04:08:35.237Z"}
{"level":"info","message":"Health check completed: unhealthy","service":"primalcode-mcp","timestamp":"2025-07-15T04:08:35.238Z"}
{"level":"info","message":"Tool registered: test_tool","service":"primalcode-mcp","timestamp":"2025-07-15T04:08:35.238Z"}
{"level":"info","message":"Performing health check...","service":"primalcode-mcp","timestamp":"2025-07-15T04:08:35.238Z"}
{"level":"info","message":"Health check completed: healthy","service":"primalcode-mcp","timestamp":"2025-07-15T04:08:35.239Z"}
{"level":"info","message":"Performing health check...","service":"primalcode-mcp","timestamp":"2025-07-15T04:08:35.243Z"}
{"level":"info","message":"Health check completed: unhealthy","service":"primalcode-mcp","timestamp":"2025-07-15T04:08:35.244Z"}
{"level":"info","message":"Tool registered: test_tool","service":"primalcode-mcp","timestamp":"2025-07-15T04:08:35.245Z"}
{"level":"info","message":"Performing health check...","service":"primalcode-mcp","timestamp":"2025-07-15T04:08:35.246Z"}
{"level":"info","message":"Health check completed: healthy","service":"primalcode-mcp","timestamp":"2025-07-15T04:08:35.246Z"}
{"level":"info","message":"Tool registered: test_tool","service":"primalcode-mcp","timestamp":"2025-07-15T04:08:35.247Z"}
{"level":"info","message":"Performing health check...","service":"primalcode-mcp","timestamp":"2025-07-15T04:08:35.247Z"}
{"level":"info","message":"Health check completed: healthy","service":"primalcode-mcp","timestamp":"2025-07-15T04:08:35.248Z"}
{"level":"info","message":"Performing health check...","service":"primalcode-mcp","timestamp":"2025-07-15T04:08:35.249Z"}
{"level":"info","message":"Health check completed: unhealthy","service":"primalcode-mcp","timestamp":"2025-07-15T04:08:35.249Z"}
{"level":"info","message":"Performing health check...","service":"primalcode-mcp","timestamp":"2025-07-15T04:08:35.250Z"}
{"level":"info","message":"Health check completed: unhealthy","service":"primalcode-mcp","timestamp":"2025-07-15T04:08:35.250Z"}
{"level":"info","message":"Tool registered: test_tool","service":"primalcode-mcp","timestamp":"2025-07-15T04:10:35.742Z"}
{"level":"info","message":"Performing health check...","service":"primalcode-mcp","timestamp":"2025-07-15T04:10:35.752Z"}
{"level":"info","message":"Health check completed: healthy","service":"primalcode-mcp","timestamp":"2025-07-15T04:10:35.753Z"}
{"level":"info","message":"Tool registered: test_tool","service":"primalcode-mcp","timestamp":"2025-07-15T04:10:35.755Z"}
{"level":"info","message":"Performing health check...","service":"primalcode-mcp","timestamp":"2025-07-15T04:10:35.757Z"}
{"level":"info","message":"Health check completed: healthy","service":"primalcode-mcp","timestamp":"2025-07-15T04:10:35.757Z"}
{"level":"info","message":"Tool registered: test_tool","service":"primalcode-mcp","timestamp":"2025-07-15T04:10:35.758Z"}
{"level":"info","message":"Performing health check...","service":"primalcode-mcp","timestamp":"2025-07-15T04:10:35.759Z"}
{"level":"info","message":"Health check completed: healthy","service":"primalcode-mcp","timestamp":"2025-07-15T04:10:35.759Z"}
{"level":"info","message":"Performing health check...","service":"primalcode-mcp","timestamp":"2025-07-15T04:10:35.761Z"}
{"level":"info","message":"Health check completed: unhealthy","service":"primalcode-mcp","timestamp":"2025-07-15T04:10:35.761Z"}
{"level":"info","message":"Tool registered: test_tool","service":"primalcode-mcp","timestamp":"2025-07-15T04:10:35.762Z"}
{"level":"info","message":"Performing health check...","service":"primalcode-mcp","timestamp":"2025-07-15T04:10:35.762Z"}
{"level":"info","message":"Health check completed: healthy","service":"primalcode-mcp","timestamp":"2025-07-15T04:10:35.763Z"}
{"level":"info","message":"Performing health check...","service":"primalcode-mcp","timestamp":"2025-07-15T04:10:35.764Z"}
{"level":"info","message":"Health check completed: unhealthy","service":"primalcode-mcp","timestamp":"2025-07-15T04:10:35.764Z"}
{"level":"info","message":"Tool registered: test_tool","service":"primalcode-mcp","timestamp":"2025-07-15T04:10:35.764Z"}
{"level":"info","message":"Performing health check...","service":"primalcode-mcp","timestamp":"2025-07-15T04:10:35.765Z"}
{"level":"info","message":"Health check completed: healthy","service":"primalcode-mcp","timestamp":"2025-07-15T04:10:35.765Z"}
{"level":"info","message":"Tool registered: test_tool","service":"primalcode-mcp","timestamp":"2025-07-15T04:10:35.767Z"}
{"level":"info","message":"Performing health check...","service":"primalcode-mcp","timestamp":"2025-07-15T04:10:35.767Z"}
{"level":"info","message":"Health check completed: healthy","service":"primalcode-mcp","timestamp":"2025-07-15T04:10:35.768Z"}
{"level":"info","message":"Performing health check...","service":"primalcode-mcp","timestamp":"2025-07-15T04:10:35.769Z"}
{"level":"info","message":"Health check completed: unhealthy","service":"primalcode-mcp","timestamp":"2025-07-15T04:10:35.769Z"}
{"level":"info","message":"Performing health check...","service":"primalcode-mcp","timestamp":"2025-07-15T04:10:35.770Z"}
{"level":"info","message":"Health check completed: unhealthy","service":"primalcode-mcp","timestamp":"2025-07-15T04:10:35.773Z"}
{"level":"info","message":"Tool registered: test_tool","service":"primalcode-mcp","timestamp":"2025-07-15T04:38:52.985Z"}
{"level":"info","message":"Performing health check...","service":"primalcode-mcp","timestamp":"2025-07-15T04:38:53.003Z"}
{"level":"info","message":"Health check completed: healthy","service":"primalcode-mcp","timestamp":"2025-07-15T04:38:53.005Z"}
{"level":"info","message":"Tool registered: test_tool","service":"primalcode-mcp","timestamp":"2025-07-15T04:38:53.006Z"}
{"level":"info","message":"Performing health check...","service":"primalcode-mcp","timestamp":"2025-07-15T04:38:53.007Z"}
{"level":"info","message":"Health check completed: healthy","service":"primalcode-mcp","timestamp":"2025-07-15T04:38:53.008Z"}
{"level":"info","message":"Tool registered: test_tool","service":"primalcode-mcp","timestamp":"2025-07-15T04:38:53.010Z"}
{"level":"info","message":"Performing health check...","service":"primalcode-mcp","timestamp":"2025-07-15T04:38:53.015Z"}
{"level":"info","message":"Health check completed: healthy","service":"primalcode-mcp","timestamp":"2025-07-15T04:38:53.016Z"}
{"level":"info","message":"Performing health check...","service":"primalcode-mcp","timestamp":"2025-07-15T04:38:53.028Z"}
{"level":"info","message":"Health check completed: unhealthy","service":"primalcode-mcp","timestamp":"2025-07-15T04:38:53.031Z"}
{"level":"info","message":"Tool registered: test_tool","service":"primalcode-mcp","timestamp":"2025-07-15T04:38:53.034Z"}
{"level":"info","message":"Performing health check...","service":"primalcode-mcp","timestamp":"2025-07-15T04:38:53.040Z"}
{"level":"info","message":"Health check completed: healthy","service":"primalcode-mcp","timestamp":"2025-07-15T04:38:53.040Z"}
{"level":"info","message":"Performing health check...","service":"primalcode-mcp","timestamp":"2025-07-15T04:38:53.052Z"}
{"level":"info","message":"Health check completed: unhealthy","service":"primalcode-mcp","timestamp":"2025-07-15T04:38:53.052Z"}
{"level":"info","message":"Tool registered: test_tool","service":"primalcode-mcp","timestamp":"2025-07-15T04:38:53.053Z"}
{"level":"info","message":"Performing health check...","service":"primalcode-mcp","timestamp":"2025-07-15T04:38:53.053Z"}
{"level":"info","message":"Health check completed: healthy","service":"primalcode-mcp","timestamp":"2025-07-15T04:38:53.070Z"}
{"level":"info","message":"Tool registered: test_tool","service":"primalcode-mcp","timestamp":"2025-07-15T04:38:53.071Z"}
{"level":"info","message":"Performing health check...","service":"primalcode-mcp","timestamp":"2025-07-15T04:38:53.072Z"}
{"level":"info","message":"Health check completed: healthy","service":"primalcode-mcp","timestamp":"2025-07-15T04:38:53.072Z"}
{"level":"info","message":"Performing health check...","service":"primalcode-mcp","timestamp":"2025-07-15T04:38:53.073Z"}
{"level":"info","message":"Health check completed: unhealthy","service":"primalcode-mcp","timestamp":"2025-07-15T04:38:53.073Z"}
{"level":"info","message":"Performing health check...","service":"primalcode-mcp","timestamp":"2025-07-15T04:38:53.074Z"}
{"level":"info","message":"Health check completed: unhealthy","service":"primalcode-mcp","timestamp":"2025-07-15T04:38:53.074Z"}
{"level":"info","message":"Tool registered: test_tool","service":"primalcode-mcp","timestamp":"2025-07-15T04:41:06.616Z"}
{"level":"info","message":"Performing health check...","service":"primalcode-mcp","timestamp":"2025-07-15T04:41:06.633Z"}
{"level":"info","message":"Health check completed: healthy","service":"primalcode-mcp","timestamp":"2025-07-15T04:41:06.634Z"}
{"level":"info","message":"Tool registered: test_tool","service":"primalcode-mcp","timestamp":"2025-07-15T04:41:06.636Z"}
{"level":"info","message":"Performing health check...","service":"primalcode-mcp","timestamp":"2025-07-15T04:41:06.637Z"}
{"level":"info","message":"Health check completed: healthy","service":"primalcode-mcp","timestamp":"2025-07-15T04:41:06.640Z"}
{"level":"info","message":"Tool registered: test_tool","service":"primalcode-mcp","timestamp":"2025-07-15T04:41:06.643Z"}
{"level":"info","message":"Performing health check...","service":"primalcode-mcp","timestamp":"2025-07-15T04:41:06.643Z"}
{"level":"info","message":"Health check completed: healthy","service":"primalcode-mcp","timestamp":"2025-07-15T04:41:06.643Z"}
{"level":"info","message":"Performing health check...","service":"primalcode-mcp","timestamp":"2025-07-15T04:41:06.645Z"}
{"level":"info","message":"Health check completed: unhealthy","service":"primalcode-mcp","timestamp":"2025-07-15T04:41:06.645Z"}
{"level":"info","message":"Tool registered: test_tool","service":"primalcode-mcp","timestamp":"2025-07-15T04:41:06.646Z"}
{"level":"info","message":"Performing health check...","service":"primalcode-mcp","timestamp":"2025-07-15T04:41:06.646Z"}
{"level":"info","message":"Health check completed: healthy","service":"primalcode-mcp","timestamp":"2025-07-15T04:41:06.646Z"}
{"level":"info","message":"Performing health check...","service":"primalcode-mcp","timestamp":"2025-07-15T04:41:06.648Z"}
{"level":"info","message":"Health check completed: unhealthy","service":"primalcode-mcp","timestamp":"2025-07-15T04:41:06.648Z"}
{"level":"info","message":"Tool registered: test_tool","service":"primalcode-mcp","timestamp":"2025-07-15T04:41:06.648Z"}
{"level":"info","message":"Performing health check...","service":"primalcode-mcp","timestamp":"2025-07-15T04:41:06.649Z"}
{"level":"info","message":"Health check completed: healthy","service":"primalcode-mcp","timestamp":"2025-07-15T04:41:06.649Z"}
{"level":"info","message":"Tool registered: test_tool","service":"primalcode-mcp","timestamp":"2025-07-15T04:41:06.650Z"}
{"level":"info","message":"Performing health check...","service":"primalcode-mcp","timestamp":"2025-07-15T04:41:06.650Z"}
{"level":"info","message":"Health check completed: healthy","service":"primalcode-mcp","timestamp":"2025-07-15T04:41:06.650Z"}
{"level":"info","message":"Performing health check...","service":"primalcode-mcp","timestamp":"2025-07-15T04:41:06.651Z"}
{"level":"info","message":"Health check completed: unhealthy","service":"primalcode-mcp","timestamp":"2025-07-15T04:41:06.651Z"}
{"level":"info","message":"Performing health check...","service":"primalcode-mcp","timestamp":"2025-07-15T04:41:06.651Z"}
{"level":"info","message":"Health check completed: unhealthy","service":"primalcode-mcp","timestamp":"2025-07-15T04:41:06.652Z"}
{"level":"info","message":"Tool registered: health_check","service":"primalcode-mcp","timestamp":"2025-07-15T04:53:41.650Z"}
{"level":"info","message":"Tool registered: observe_ecosystem","service":"primalcode-mcp","timestamp":"2025-07-15T04:53:41.651Z"}
{"level":"info","message":"Tool registered: analyze_monster","service":"primalcode-mcp","timestamp":"2025-07-15T04:53:41.652Z"}
{"level":"info","message":"Tool registered: check_environment","service":"primalcode-mcp","timestamp":"2025-07-15T04:53:41.652Z"}
{"level":"info","message":"All tools registered successfully","service":"primalcode-mcp","timestamp":"2025-07-15T04:53:41.652Z"}
{"level":"info","message":"PrimalCode MCP Server started successfully","service":"primalcode-mcp","timestamp":"2025-07-15T04:53:41.653Z"}
{"level":"info","message":"Tool registered: health_check","service":"primalcode-mcp","timestamp":"2025-07-15T05:02:43.017Z"}
{"level":"info","message":"Tool registered: observe_ecosystem","service":"primalcode-mcp","timestamp":"2025-07-15T05:02:43.019Z"}
{"level":"info","message":"Tool registered: analyze_monster","service":"primalcode-mcp","timestamp":"2025-07-15T05:02:43.019Z"}
{"level":"info","message":"Tool registered: check_environment","service":"primalcode-mcp","timestamp":"2025-07-15T05:02:43.019Z"}
{"level":"info","message":"All tools registered successfully","service":"primalcode-mcp","timestamp":"2025-07-15T05:02:43.020Z"}
{"level":"info","message":"PrimalCode MCP Server started successfully","service":"primalcode-mcp","timestamp":"2025-07-15T05:02:43.020Z"}
{"level":"info","message":"Tool registered: health_check","service":"primalcode-mcp","timestamp":"2025-07-15T05:05:33.729Z"}
{"level":"info","message":"Tool registered: observe_ecosystem","service":"primalcode-mcp","timestamp":"2025-07-15T05:05:33.731Z"}
{"level":"info","message":"Tool registered: analyze_monster","service":"primalcode-mcp","timestamp":"2025-07-15T05:05:33.731Z"}
{"level":"info","message":"Tool registered: check_environment","service":"primalcode-mcp","timestamp":"2025-07-15T05:05:33.731Z"}
{"level":"info","message":"All tools registered successfully","service":"primalcode-mcp","timestamp":"2025-07-15T05:05:33.731Z"}
{"level":"info","message":"PrimalCode MCP Server started successfully","service":"primalcode-mcp","timestamp":"2025-07-15T05:05:33.732Z"}
{"level":"info","message":"Tool registered: health_check","service":"primalcode-mcp","timestamp":"2025-07-15T05:06:03.100Z"}
{"level":"info","message":"Tool registered: observe_ecosystem","service":"primalcode-mcp","timestamp":"2025-07-15T05:06:03.102Z"}
{"level":"info","message":"Tool registered: analyze_monster","service":"primalcode-mcp","timestamp":"2025-07-15T05:06:03.103Z"}
{"level":"info","message":"Tool registered: check_environment","service":"primalcode-mcp","timestamp":"2025-07-15T05:06:03.103Z"}
{"level":"info","message":"All tools registered successfully","service":"primalcode-mcp","timestamp":"2025-07-15T05:06:03.103Z"}
{"level":"info","message":"PrimalCode MCP Server started successfully","service":"primalcode-mcp","timestamp":"2025-07-15T05:06:03.106Z"}
{"level":"info","message":"Received ListTools request","service":"primalcode-mcp","timestamp":"2025-07-15T05:06:03.142Z"}
{"level":"info","message":"Received ListTools request","service":"primalcode-mcp","timestamp":"2025-07-15T05:06:03.144Z"}
{"level":"info","message":"Received ListTools request","service":"primalcode-mcp","timestamp":"2025-07-15T05:06:03.608Z"}
{"level":"info","message":"Received ListTools request","service":"primalcode-mcp","timestamp":"2025-07-15T05:06:03.609Z"}
{"level":"info","message":"Received ListTools request","service":"primalcode-mcp","timestamp":"2025-07-15T05:06:03.939Z"}
{"level":"info","message":"Received ListTools request","service":"primalcode-mcp","timestamp":"2025-07-15T05:06:03.940Z"}
{"level":"info","message":"Received CallTool request: health_check","service":"primalcode-mcp","timestamp":"2025-07-15T05:07:28.878Z"}
{"level":"info","message":"Performing health check...","service":"primalcode-mcp","timestamp":"2025-07-15T05:07:28.879Z"}
{"level":"info","message":"Health check completed: healthy","service":"primalcode-mcp","timestamp":"2025-07-15T05:07:28.881Z"}
{"level":"info","message":"Received ListTools request","service":"primalcode-mcp","timestamp":"2025-07-15T05:07:28.913Z"}
{"level":"info","message":"Received ListTools request","service":"primalcode-mcp","timestamp":"2025-07-15T05:07:28.913Z"}
{"level":"info","message":"Tool registered: health_check","service":"primalcode-mcp","timestamp":"2025-07-15T05:08:15.866Z"}
{"level":"info","message":"Tool registered: observe_ecosystem","service":"primalcode-mcp","timestamp":"2025-07-15T05:08:15.868Z"}
{"level":"info","message":"Tool registered: analyze_monster","service":"primalcode-mcp","timestamp":"2025-07-15T05:08:15.868Z"}
{"level":"info","message":"Tool registered: check_environment","service":"primalcode-mcp","timestamp":"2025-07-15T05:08:15.868Z"}
{"level":"info","message":"All tools registered successfully","service":"primalcode-mcp","timestamp":"2025-07-15T05:08:15.868Z"}
{"level":"info","message":"PrimalCode MCP Server started successfully","service":"primalcode-mcp","timestamp":"2025-07-15T05:08:15.869Z"}
{"level":"info","message":"Received CallTool request: observe_ecosystem","service":"primalcode-mcp","timestamp":"2025-07-15T05:08:18.200Z"}
{"args":{"focus":"all","route_id":"mountain_ridge"},"level":"info","message":"Executing ecosystem observation","service":"primalcode-mcp","timestamp":"2025-07-15T05:08:18.201Z"}
{"args":{"focus":"all","route_id":"mountain_ridge"},"error":{},"level":"error","message":"Error executing ecosystem observation","service":"primalcode-mcp","timestamp":"2025-07-15T05:08:18.202Z"}
{"level":"info","message":"Received ListTools request","service":"primalcode-mcp","timestamp":"2025-07-15T05:08:18.262Z"}
{"level":"info","message":"Received ListTools request","service":"primalcode-mcp","timestamp":"2025-07-15T05:08:18.262Z"}
{"level":"info","message":"Received CallTool request: observe_ecosystem","service":"primalcode-mcp","timestamp":"2025-07-15T05:08:21.749Z"}
{"args":{"focus":"all","route_id":"forest"},"level":"info","message":"Executing ecosystem observation","service":"primalcode-mcp","timestamp":"2025-07-15T05:08:21.749Z"}
{"args":{"focus":"all","route_id":"forest"},"error":{},"level":"error","message":"Error executing ecosystem observation","service":"primalcode-mcp","timestamp":"2025-07-15T05:08:21.749Z"}
{"level":"info","message":"Received CallTool request: observe_ecosystem","service":"primalcode-mcp","timestamp":"2025-07-15T05:08:24.730Z"}
{"args":{"focus":"all","route_id":"route1"},"level":"info","message":"Executing ecosystem observation","service":"primalcode-mcp","timestamp":"2025-07-15T05:08:24.730Z"}
{"args":{"focus":"all","route_id":"route1"},"error":{},"level":"error","message":"Error executing ecosystem observation","service":"primalcode-mcp","timestamp":"2025-07-15T05:08:24.730Z"}
{"level":"info","message":"Tool registered: health_check","service":"primalcode-mcp","timestamp":"2025-07-15T05:08:48.788Z"}
{"level":"info","message":"Tool registered: observe_ecosystem","service":"primalcode-mcp","timestamp":"2025-07-15T05:08:48.790Z"}
{"level":"info","message":"Tool registered: analyze_monster","service":"primalcode-mcp","timestamp":"2025-07-15T05:08:48.791Z"}
{"level":"info","message":"Tool registered: check_environment","service":"primalcode-mcp","timestamp":"2025-07-15T05:08:48.791Z"}
{"level":"info","message":"All tools registered successfully","service":"primalcode-mcp","timestamp":"2025-07-15T05:08:48.792Z"}
{"level":"info","message":"PrimalCode MCP Server started successfully","service":"primalcode-mcp","timestamp":"2025-07-15T05:08:48.796Z"}
{"level":"info","message":"Received ListTools request","service":"primalcode-mcp","timestamp":"2025-07-15T05:08:48.821Z"}
{"level":"info","message":"Received ListTools request","service":"primalcode-mcp","timestamp":"2025-07-15T05:08:48.821Z"}
{"level":"info","message":"Received ListTools request","service":"primalcode-mcp","timestamp":"2025-07-15T05:08:49.235Z"}
{"level":"info","message":"Received ListTools request","service":"primalcode-mcp","timestamp":"2025-07-15T05:08:49.236Z"}
{"level":"info","message":"Received ListTools request","service":"primalcode-mcp","timestamp":"2025-07-15T05:08:49.746Z"}
{"level":"info","message":"Received ListTools request","service":"primalcode-mcp","timestamp":"2025-07-15T05:08:49.746Z"}
{"level":"info","message":"Generated environment for route test_route","routeName":"Test Forest","service":"primalcode-mcp","timestamp":"2025-07-15T14:13:26.416Z"}
{"level":"info","message":"Generated aggressive_hunter shadow_wolf monster","monsterId":"monster_1","service":"primalcode-mcp","timestamp":"2025-07-15T14:13:26.426Z"}
{"args":{"food_type":"meat","location":{"x":50,"y":50},"route_id":"test_route"},"level":"info","message":"Executing place_food tool","service":"primalcode-mcp","timestamp":"2025-07-15T14:13:26.427Z"}
{"foodType":"meat","level":"info","location":{"x":50,"y":50},"message":"Added food source to route test_route","quality":0.8356600247057462,"service":"primalcode-mcp","timestamp":"2025-07-15T14:13:26.427Z"}
{"changeType":"food_placed","level":"info","location":{"x":50,"y":50},"message":"Notified 1 monsters of environmental change","routeId":"test_route","service":"primalcode-mcp","timestamp":"2025-07-15T14:13:26.427Z"}
{"level":"info","message":"Generated environment for route test_route","routeName":"Test Forest","service":"primalcode-mcp","timestamp":"2025-07-15T14:13:26.489Z"}
{"level":"info","message":"Generated aggressive_hunter shadow_wolf monster","monsterId":"monster_1","service":"primalcode-mcp","timestamp":"2025-07-15T14:13:26.489Z"}
{"args":{"food_type":"plants","location":{"x":30,"y":30},"route_id":"test_route"},"level":"info","message":"Executing place_food tool","service":"primalcode-mcp","timestamp":"2025-07-15T14:13:26.489Z"}
{"foodType":"plants","level":"info","location":{"x":30,"y":30},"message":"Added food source to route test_route","quality":0.7072568235599279,"service":"primalcode-mcp","timestamp":"2025-07-15T14:13:26.489Z"}
{"changeType":"food_placed","level":"info","location":{"x":30,"y":30},"message":"Notified 1 monsters of environmental change","routeId":"test_route","service":"primalcode-mcp","timestamp":"2025-07-15T14:13:26.490Z"}
{"level":"info","message":"Generated environment for route test_route","routeName":"Test Forest","service":"primalcode-mcp","timestamp":"2025-07-15T14:13:26.491Z"}
{"level":"info","message":"Generated aggressive_hunter shadow_wolf monster","monsterId":"monster_1","service":"primalcode-mcp","timestamp":"2025-07-15T14:13:26.491Z"}
{"level":"info","message":"Generated cautious_forager wind_stag monster","monsterId":"monster_2","service":"primalcode-mcp","timestamp":"2025-07-15T14:13:26.492Z"}
{"args":{"food_type":"plants","location":{"x":20,"y":20},"route_id":"test_route"},"level":"info","message":"Executing place_food tool","service":"primalcode-mcp","timestamp":"2025-07-15T14:13:26.492Z"}
{"foodType":"plants","level":"info","location":{"x":20,"y":20},"message":"Added food source to route test_route","quality":0.8393944288860296,"service":"primalcode-mcp","timestamp":"2025-07-15T14:13:26.492Z"}
{"changeType":"food_placed","level":"info","location":{"x":20,"y":20},"message":"Notified 2 monsters of environmental change","routeId":"test_route","service":"primalcode-mcp","timestamp":"2025-07-15T14:13:26.492Z"}
{"level":"info","message":"Generated environment for route test_route","routeName":"Test Forest","service":"primalcode-mcp","timestamp":"2025-07-15T14:13:26.492Z"}
{"level":"info","message":"Generated aggressive_hunter shadow_wolf monster","monsterId":"monster_1","service":"primalcode-mcp","timestamp":"2025-07-15T14:13:26.492Z"}
{"args":{"food_type":"meat","location":{"x":10,"y":10},"route_id":"test_route"},"level":"info","message":"Executing place_food tool","service":"primalcode-mcp","timestamp":"2025-07-15T14:13:26.492Z"}
{"foodType":"meat","level":"info","location":{"x":10,"y":10},"message":"Added food source to route test_route","quality":0.7048611406716193,"service":"primalcode-mcp","timestamp":"2025-07-15T14:13:26.493Z"}
{"changeType":"food_placed","level":"info","location":{"x":10,"y":10},"message":"Notified 1 monsters of environmental change","routeId":"test_route","service":"primalcode-mcp","timestamp":"2025-07-15T14:13:26.493Z"}
{"level":"info","message":"Generated environment for route test_route","routeName":"Test Forest","service":"primalcode-mcp","timestamp":"2025-07-15T14:13:26.493Z"}
{"level":"info","message":"Generated aggressive_hunter shadow_wolf monster","monsterId":"monster_1","service":"primalcode-mcp","timestamp":"2025-07-15T14:13:26.493Z"}
{"args":{"food_type":"water","location":{"x":25,"y":25},"route_id":"test_route"},"level":"info","message":"Executing place_food tool","service":"primalcode-mcp","timestamp":"2025-07-15T14:13:26.493Z"}
{"foodType":"water","level":"info","location":{"x":25,"y":25},"message":"Added food source to route test_route","quality":0.9479074406116998,"service":"primalcode-mcp","timestamp":"2025-07-15T14:13:26.493Z"}
{"changeType":"food_placed","level":"info","location":{"x":25,"y":25},"message":"Notified 1 monsters of environmental change","routeId":"test_route","service":"primalcode-mcp","timestamp":"2025-07-15T14:13:26.493Z"}
{"level":"info","message":"Generated environment for route test_route","routeName":"Test Forest","service":"primalcode-mcp","timestamp":"2025-07-15T14:13:26.499Z"}
{"level":"info","message":"Generated aggressive_hunter shadow_wolf monster","monsterId":"monster_1","service":"primalcode-mcp","timestamp":"2025-07-15T14:13:26.499Z"}
{"args":{"food_type":"meat","location":{"x":50,"y":50},"route_id":"invalid_route"},"level":"info","message":"Executing place_food tool","service":"primalcode-mcp","timestamp":"2025-07-15T14:13:26.499Z"}
{"args":{"food_type":"meat","location":{"x":50,"y":50},"route_id":"invalid_route"},"error":{},"level":"error","message":"Error executing place_food tool","service":"primalcode-mcp","timestamp":"2025-07-15T14:13:26.500Z"}
{"level":"info","message":"Generated environment for route test_route","routeName":"Test Forest","service":"primalcode-mcp","timestamp":"2025-07-15T14:13:26.500Z"}
{"level":"info","message":"Generated aggressive_hunter shadow_wolf monster","monsterId":"monster_1","service":"primalcode-mcp","timestamp":"2025-07-15T14:13:26.500Z"}
{"args":{"food_type":"meat","location":{"x":50},"route_id":"test_route"},"level":"info","message":"Executing place_food tool","service":"primalcode-mcp","timestamp":"2025-07-15T14:13:26.500Z"}
{"args":{"food_type":"meat","location":{"x":50},"route_id":"test_route"},"error":{},"level":"error","message":"Error executing place_food tool","service":"primalcode-mcp","timestamp":"2025-07-15T14:13:26.500Z"}
{"level":"info","message":"Generated environment for route test_route","routeName":"Test Forest","service":"primalcode-mcp","timestamp":"2025-07-15T14:13:26.501Z"}
{"level":"info","message":"Generated aggressive_hunter shadow_wolf monster","monsterId":"monster_1","service":"primalcode-mcp","timestamp":"2025-07-15T14:13:26.501Z"}
{"level":"info","message":"Generated environment for route empty_route","routeName":"Empty Forest","service":"primalcode-mcp","timestamp":"2025-07-15T14:13:26.501Z"}
{"args":{"food_type":"meat","location":{"x":50,"y":50},"route_id":"empty_route"},"level":"info","message":"Executing place_food tool","service":"primalcode-mcp","timestamp":"2025-07-15T14:13:26.501Z"}
{"foodType":"meat","level":"info","location":{"x":50,"y":50},"message":"Added food source to route empty_route","quality":0.8168770182291061,"service":"primalcode-mcp","timestamp":"2025-07-15T14:13:26.501Z"}
{"changeType":"food_placed","level":"info","location":{"x":50,"y":50},"message":"Notified 0 monsters of environmental change","routeId":"empty_route","service":"primalcode-mcp","timestamp":"2025-07-15T14:13:26.501Z"}
{"level":"info","message":"Generated environment for route test_route","routeName":"Test Forest","service":"primalcode-mcp","timestamp":"2025-07-15T14:13:26.501Z"}
{"level":"info","message":"Generated aggressive_hunter shadow_wolf monster","monsterId":"monster_1","service":"primalcode-mcp","timestamp":"2025-07-15T14:13:26.502Z"}
{"args":{"food_type":"meat","location":{"x":40,"y":40},"route_id":"test_route"},"level":"info","message":"Executing place_food tool","service":"primalcode-mcp","timestamp":"2025-07-15T14:13:26.502Z"}
{"foodType":"meat","level":"info","location":{"x":40,"y":40},"message":"Added food source to route test_route","quality":0.7523756643912736,"service":"primalcode-mcp","timestamp":"2025-07-15T14:13:26.502Z"}
{"changeType":"food_placed","level":"info","location":{"x":40,"y":40},"message":"Notified 1 monsters of environmental change","routeId":"test_route","service":"primalcode-mcp","timestamp":"2025-07-15T14:13:26.502Z"}
{"level":"info","message":"Generated environment for route test_route","routeName":"Test Forest","service":"primalcode-mcp","timestamp":"2025-07-15T14:13:26.502Z"}
{"level":"info","message":"Generated aggressive_hunter shadow_wolf monster","monsterId":"monster_1","service":"primalcode-mcp","timestamp":"2025-07-15T14:13:26.502Z"}
{"args":{"food_type":"meat","location":{"x":50,"y":50},"route_id":"test_route"},"level":"info","message":"Executing place_food tool","service":"primalcode-mcp","timestamp":"2025-07-15T14:13:26.503Z"}
{"foodType":"meat","level":"info","location":{"x":50,"y":50},"message":"Added food source to route test_route","quality":0.9951850121226533,"service":"primalcode-mcp","timestamp":"2025-07-15T14:13:26.503Z"}
{"changeType":"food_placed","level":"info","location":{"x":50,"y":50},"message":"Notified 1 monsters of environmental change","routeId":"test_route","service":"primalcode-mcp","timestamp":"2025-07-15T14:13:26.503Z"}
{"level":"info","message":"Generated environment for route test_route","routeName":"Test Forest","service":"primalcode-mcp","timestamp":"2025-07-15T14:13:26.503Z"}
{"level":"info","message":"Generated aggressive_hunter shadow_wolf monster","monsterId":"monster_1","service":"primalcode-mcp","timestamp":"2025-07-15T14:13:26.503Z"}
{"level":"info","message":"Generated pack_leader frost_bear monster","monsterId":"monster_2","service":"primalcode-mcp","timestamp":"2025-07-15T14:13:26.503Z"}
{"args":{"food_type":"meat","location":{"x":25,"y":25},"route_id":"test_route"},"level":"info","message":"Executing place_food tool","service":"primalcode-mcp","timestamp":"2025-07-15T14:13:26.504Z"}
{"foodType":"meat","level":"info","location":{"x":25,"y":25},"message":"Added food source to route test_route","quality":0.8176711129548464,"service":"primalcode-mcp","timestamp":"2025-07-15T14:13:26.504Z"}
{"changeType":"food_placed","level":"info","location":{"x":25,"y":25},"message":"Notified 2 monsters of environmental change","routeId":"test_route","service":"primalcode-mcp","timestamp":"2025-07-15T14:13:26.504Z"}
{"level":"info","message":"Generated environment for route test_route","routeName":"Test Forest","service":"primalcode-mcp","timestamp":"2025-07-15T14:13:26.446Z"}
{"level":"info","message":"Generated aggressive_hunter shadow_wolf monster","monsterId":"monster_1","service":"primalcode-mcp","timestamp":"2025-07-15T14:13:26.452Z"}
{"args":{"location":{"x":50,"y":50},"route_id":"test_route","shelter_type":"cave"},"level":"info","message":"Executing build_shelter tool","service":"primalcode-mcp","timestamp":"2025-07-15T14:13:26.453Z"}
{"capacity":4,"level":"info","location":{"x":50,"y":50},"message":"Built shelter in route test_route","service":"primalcode-mcp","shelterType":"cave","timestamp":"2025-07-15T14:13:26.454Z"}
{"changeType":"shelter_built","level":"info","location":{"x":50,"y":50},"message":"Notified 1 monsters of environmental change","routeId":"test_route","service":"primalcode-mcp","timestamp":"2025-07-15T14:13:26.454Z"}
{"level":"info","message":"Generated environment for route test_route","routeName":"Test Forest","service":"primalcode-mcp","timestamp":"2025-07-15T14:13:26.489Z"}
{"level":"info","message":"Generated aggressive_hunter shadow_wolf monster","monsterId":"monster_1","service":"primalcode-mcp","timestamp":"2025-07-15T14:13:26.489Z"}
{"args":{"location":{"x":30,"y":30},"route_id":"test_route","shelter_type":"burrow"},"level":"info","message":"Executing build_shelter tool","service":"primalcode-mcp","timestamp":"2025-07-15T14:13:26.489Z"}
{"capacity":4,"level":"info","location":{"x":30,"y":30},"message":"Built shelter in route test_route","service":"primalcode-mcp","shelterType":"burrow","timestamp":"2025-07-15T14:13:26.489Z"}
{"changeType":"shelter_built","level":"info","location":{"x":30,"y":30},"message":"Notified 1 monsters of environmental change","routeId":"test_route","service":"primalcode-mcp","timestamp":"2025-07-15T14:13:26.490Z"}
{"level":"info","message":"Generated environment for route test_route","routeName":"Test Forest","service":"primalcode-mcp","timestamp":"2025-07-15T14:13:26.490Z"}
{"level":"info","message":"Generated aggressive_hunter shadow_wolf monster","monsterId":"monster_1","service":"primalcode-mcp","timestamp":"2025-07-15T14:13:26.491Z"}
{"args":{"location":{"x":25,"y":25},"route_id":"test_route","shelter_type":"tree"},"level":"info","message":"Executing build_shelter tool","service":"primalcode-mcp","timestamp":"2025-07-15T14:13:26.491Z"}
{"capacity":3,"level":"info","location":{"x":25,"y":25},"message":"Built shelter in route test_route","service":"primalcode-mcp","shelterType":"tree","timestamp":"2025-07-15T14:13:26.491Z"}
{"changeType":"shelter_built","level":"info","location":{"x":25,"y":25},"message":"Notified 1 monsters of environmental change","routeId":"test_route","service":"primalcode-mcp","timestamp":"2025-07-15T14:13:26.491Z"}
{"level":"info","message":"Generated environment for route test_route","routeName":"Test Forest","service":"primalcode-mcp","timestamp":"2025-07-15T14:13:26.492Z"}
{"level":"info","message":"Generated aggressive_hunter shadow_wolf monster","monsterId":"monster_1","service":"primalcode-mcp","timestamp":"2025-07-15T14:13:26.492Z"}
{"args":{"location":{"x":60,"y":60},"route_id":"test_route","shelter_type":"rock"},"level":"info","message":"Executing build_shelter tool","service":"primalcode-mcp","timestamp":"2025-07-15T14:13:26.492Z"}
{"capacity":3,"level":"info","location":{"x":60,"y":60},"message":"Built shelter in route test_route","service":"primalcode-mcp","shelterType":"rock","timestamp":"2025-07-15T14:13:26.492Z"}
{"changeType":"shelter_built","level":"info","location":{"x":60,"y":60},"message":"Notified 1 monsters of environmental change","routeId":"test_route","service":"primalcode-mcp","timestamp":"2025-07-15T14:13:26.492Z"}
{"level":"info","message":"Generated environment for route test_route","routeName":"Test Forest","service":"primalcode-mcp","timestamp":"2025-07-15T14:13:26.492Z"}
{"level":"info","message":"Generated aggressive_hunter shadow_wolf monster","monsterId":"monster_1","service":"primalcode-mcp","timestamp":"2025-07-15T14:13:26.492Z"}
{"level":"info","message":"Generated cautious_forager wind_stag monster","monsterId":"monster_2","service":"primalcode-mcp","timestamp":"2025-07-15T14:13:26.492Z"}
{"args":{"location":{"x":20,"y":20},"route_id":"test_route","shelter_type":"burrow"},"level":"info","message":"Executing build_shelter tool","service":"primalcode-mcp","timestamp":"2025-07-15T14:13:26.492Z"}
{"capacity":3,"level":"info","location":{"x":20,"y":20},"message":"Built shelter in route test_route","service":"primalcode-mcp","shelterType":"burrow","timestamp":"2025-07-15T14:13:26.493Z"}
{"changeType":"shelter_built","level":"info","location":{"x":20,"y":20},"message":"Notified 2 monsters of environmental change","routeId":"test_route","service":"primalcode-mcp","timestamp":"2025-07-15T14:13:26.493Z"}
{"level":"info","message":"Generated environment for route test_route","routeName":"Test Forest","service":"primalcode-mcp","timestamp":"2025-07-15T14:13:26.501Z"}
{"level":"info","message":"Generated aggressive_hunter shadow_wolf monster","monsterId":"monster_1","service":"primalcode-mcp","timestamp":"2025-07-15T14:13:26.501Z"}
{"level":"info","message":"Generated pack_leader frost_bear monster","monsterId":"monster_2","service":"primalcode-mcp","timestamp":"2025-07-15T14:13:26.501Z"}
{"args":{"location":{"x":25,"y":25},"route_id":"test_route","shelter_type":"cave"},"level":"info","message":"Executing build_shelter tool","service":"primalcode-mcp","timestamp":"2025-07-15T14:13:26.501Z"}
{"capacity":2,"level":"info","location":{"x":25,"y":25},"message":"Built shelter in route test_route","service":"primalcode-mcp","shelterType":"cave","timestamp":"2025-07-15T14:13:26.501Z"}
{"changeType":"shelter_built","level":"info","location":{"x":25,"y":25},"message":"Notified 2 monsters of environmental change","routeId":"test_route","service":"primalcode-mcp","timestamp":"2025-07-15T14:13:26.501Z"}
{"level":"info","message":"Generated environment for route test_route","routeName":"Test Forest","service":"primalcode-mcp","timestamp":"2025-07-15T14:13:26.501Z"}
{"level":"info","message":"Generated aggressive_hunter shadow_wolf monster","monsterId":"monster_1","service":"primalcode-mcp","timestamp":"2025-07-15T14:13:26.502Z"}
{"args":{"location":{"x":10,"y":10},"route_id":"test_route","shelter_type":"cave"},"level":"info","message":"Executing build_shelter tool","service":"primalcode-mcp","timestamp":"2025-07-15T14:13:26.502Z"}
{"capacity":4,"level":"info","location":{"x":10,"y":10},"message":"Built shelter in route test_route","service":"primalcode-mcp","shelterType":"cave","timestamp":"2025-07-15T14:13:26.502Z"}
{"changeType":"shelter_built","level":"info","location":{"x":10,"y":10},"message":"Notified 1 monsters of environmental change","routeId":"test_route","service":"primalcode-mcp","timestamp":"2025-07-15T14:13:26.502Z"}
{"level":"info","message":"Generated environment for route test_route","routeName":"Test Forest","service":"primalcode-mcp","timestamp":"2025-07-15T14:13:26.502Z"}
{"level":"info","message":"Generated aggressive_hunter shadow_wolf monster","monsterId":"monster_1","service":"primalcode-mcp","timestamp":"2025-07-15T14:13:26.502Z"}
{"level":"info","message":"Generated cautious_forager ember_hawk monster","monsterId":"monster_2","service":"primalcode-mcp","timestamp":"2025-07-15T14:13:26.502Z"}
{"args":{"location":{"x":25,"y":25},"route_id":"test_route","shelter_type":"burrow"},"level":"info","message":"Executing build_shelter tool","service":"primalcode-mcp","timestamp":"2025-07-15T14:13:26.502Z"}
{"capacity":4,"level":"info","location":{"x":25,"y":25},"message":"Built shelter in route test_route","service":"primalcode-mcp","shelterType":"burrow","timestamp":"2025-07-15T14:13:26.502Z"}
{"changeType":"shelter_built","level":"info","location":{"x":25,"y":25},"message":"Notified 2 monsters of environmental change","routeId":"test_route","service":"primalcode-mcp","timestamp":"2025-07-15T14:13:26.502Z"}
{"level":"info","message":"Generated environment for route test_route","routeName":"Test Forest","service":"primalcode-mcp","timestamp":"2025-07-15T14:13:26.503Z"}
{"level":"info","message":"Generated aggressive_hunter shadow_wolf monster","monsterId":"monster_1","service":"primalcode-mcp","timestamp":"2025-07-15T14:13:26.503Z"}
{"args":{"location":{"x":40,"y":40},"route_id":"test_route","shelter_type":"tree"},"level":"info","message":"Executing build_shelter tool","service":"primalcode-mcp","timestamp":"2025-07-15T14:13:26.503Z"}
{"capacity":3,"level":"info","location":{"x":40,"y":40},"message":"Built shelter in route test_route","service":"primalcode-mcp","shelterType":"tree","timestamp":"2025-07-15T14:13:26.503Z"}
{"changeType":"shelter_built","level":"info","location":{"x":40,"y":40},"message":"Notified 1 monsters of environmental change","routeId":"test_route","service":"primalcode-mcp","timestamp":"2025-07-15T14:13:26.503Z"}
{"level":"info","message":"Generated environment for route test_route","routeName":"Test Forest","service":"primalcode-mcp","timestamp":"2025-07-15T14:13:26.503Z"}
{"level":"info","message":"Generated aggressive_hunter shadow_wolf monster","monsterId":"monster_1","service":"primalcode-mcp","timestamp":"2025-07-15T14:13:26.504Z"}
{"args":{"location":{"x":35,"y":35},"route_id":"test_route","shelter_type":"cave"},"level":"info","message":"Executing build_shelter tool","service":"primalcode-mcp","timestamp":"2025-07-15T14:13:26.504Z"}
{"capacity":4,"level":"info","location":{"x":35,"y":35},"message":"Built shelter in route test_route","service":"primalcode-mcp","shelterType":"cave","timestamp":"2025-07-15T14:13:26.504Z"}
{"changeType":"shelter_built","level":"info","location":{"x":35,"y":35},"message":"Notified 1 monsters of environmental change","routeId":"test_route","service":"primalcode-mcp","timestamp":"2025-07-15T14:13:26.504Z"}
{"level":"info","message":"Generated environment for route test_route","routeName":"Test Forest","service":"primalcode-mcp","timestamp":"2025-07-15T14:13:26.504Z"}
{"level":"info","message":"Generated aggressive_hunter shadow_wolf monster","monsterId":"monster_1","service":"primalcode-mcp","timestamp":"2025-07-15T14:13:26.504Z"}
{"args":{"location":{"x":50,"y":50},"route_id":"invalid_route","shelter_type":"cave"},"level":"info","message":"Executing build_shelter tool","service":"primalcode-mcp","timestamp":"2025-07-15T14:13:26.504Z"}
{"args":{"location":{"x":50,"y":50},"route_id":"invalid_route","shelter_type":"cave"},"error":{},"level":"error","message":"Error executing build_shelter tool","service":"primalcode-mcp","timestamp":"2025-07-15T14:13:26.504Z"}
{"level":"info","message":"Generated environment for route test_route","routeName":"Test Forest","service":"primalcode-mcp","timestamp":"2025-07-15T14:13:26.505Z"}
{"level":"info","message":"Generated aggressive_hunter shadow_wolf monster","monsterId":"monster_1","service":"primalcode-mcp","timestamp":"2025-07-15T14:13:26.505Z"}
{"args":{"location":{"x":50},"route_id":"test_route","shelter_type":"cave"},"level":"info","message":"Executing build_shelter tool","service":"primalcode-mcp","timestamp":"2025-07-15T14:13:26.505Z"}
{"args":{"location":{"x":50},"route_id":"test_route","shelter_type":"cave"},"error":{},"level":"error","message":"Error executing build_shelter tool","service":"primalcode-mcp","timestamp":"2025-07-15T14:13:26.505Z"}
{"level":"info","message":"Generated environment for route test_route","routeName":"Test Forest","service":"primalcode-mcp","timestamp":"2025-07-15T14:13:26.505Z"}
{"level":"info","message":"Generated aggressive_hunter shadow_wolf monster","monsterId":"monster_1","service":"primalcode-mcp","timestamp":"2025-07-15T14:13:26.505Z"}
{"level":"info","message":"Generated environment for route empty_route","routeName":"Empty Forest","service":"primalcode-mcp","timestamp":"2025-07-15T14:13:26.505Z"}
{"args":{"location":{"x":50,"y":50},"route_id":"empty_route","shelter_type":"cave"},"level":"info","message":"Executing build_shelter tool","service":"primalcode-mcp","timestamp":"2025-07-15T14:13:26.505Z"}
{"capacity":4,"level":"info","location":{"x":50,"y":50},"message":"Built shelter in route empty_route","service":"primalcode-mcp","shelterType":"cave","timestamp":"2025-07-15T14:13:26.505Z"}
{"changeType":"shelter_built","level":"info","location":{"x":50,"y":50},"message":"Notified 0 monsters of environmental change","routeId":"empty_route","service":"primalcode-mcp","timestamp":"2025-07-15T14:13:26.505Z"}
{"level":"info","message":"Generated environment for route test_route","routeName":"Test Forest","service":"primalcode-mcp","timestamp":"2025-07-15T14:13:26.506Z"}
{"level":"info","message":"Generated aggressive_hunter shadow_wolf monster","monsterId":"monster_1","service":"primalcode-mcp","timestamp":"2025-07-15T14:13:26.506Z"}
{"args":{"location":{"x":45,"y":45},"route_id":"test_route","shelter_type":"burrow"},"level":"info","message":"Executing build_shelter tool","service":"primalcode-mcp","timestamp":"2025-07-15T14:13:26.506Z"}
{"capacity":3,"level":"info","location":{"x":45,"y":45},"message":"Built shelter in route test_route","service":"primalcode-mcp","shelterType":"burrow","timestamp":"2025-07-15T14:13:26.506Z"}
{"changeType":"shelter_built","level":"info","location":{"x":45,"y":45},"message":"Notified 1 monsters of environmental change","routeId":"test_route","service":"primalcode-mcp","timestamp":"2025-07-15T14:13:26.506Z"}
{"level":"info","message":"Generated environment for route test_route","routeName":"Test Forest","service":"primalcode-mcp","timestamp":"2025-07-15T14:13:26.506Z"}
{"level":"info","message":"Generated aggressive_hunter shadow_wolf monster","monsterId":"monster_1","service":"primalcode-mcp","timestamp":"2025-07-15T14:13:26.506Z"}
{"args":{"location":{"x":50,"y":50},"route_id":"test_route","shelter_type":"cave"},"level":"info","message":"Executing build_shelter tool","service":"primalcode-mcp","timestamp":"2025-07-15T14:13:26.507Z"}
{"capacity":2,"level":"info","location":{"x":50,"y":50},"message":"Built shelter in route test_route","service":"primalcode-mcp","shelterType":"cave","timestamp":"2025-07-15T14:13:26.507Z"}
{"changeType":"shelter_built","level":"info","location":{"x":50,"y":50},"message":"Notified 1 monsters of environmental change","routeId":"test_route","service":"primalcode-mcp","timestamp":"2025-07-15T14:13:26.507Z"}
{"level":"info","message":"Generated environment for route test_route","routeName":"Test Forest","service":"primalcode-mcp","timestamp":"2025-07-15T14:13:26.507Z"}
{"level":"info","message":"Generated aggressive_hunter shadow_wolf monster","monsterId":"monster_1","service":"primalcode-mcp","timestamp":"2025-07-15T14:13:26.507Z"}
{"args":{"location":{"x":40,"y":40},"route_id":"test_route","shelter_type":"rock"},"level":"info","message":"Executing build_shelter tool","service":"primalcode-mcp","timestamp":"2025-07-15T14:13:26.507Z"}
{"capacity":3,"level":"info","location":{"x":40,"y":40},"message":"Built shelter in route test_route","service":"primalcode-mcp","shelterType":"rock","timestamp":"2025-07-15T14:13:26.507Z"}
{"changeType":"shelter_built","level":"info","location":{"x":40,"y":40},"message":"Notified 1 monsters of environmental change","routeId":"test_route","service":"primalcode-mcp","timestamp":"2025-07-15T14:13:26.507Z"}
{"level":"info","message":"Generated environment for route test_route","routeName":"Test Forest","service":"primalcode-mcp","timestamp":"2025-07-15T14:13:26.508Z"}
{"level":"info","message":"Generated aggressive_hunter shadow_wolf monster","monsterId":"monster_1","service":"primalcode-mcp","timestamp":"2025-07-15T14:13:26.508Z"}
{"level":"info","message":"Generated aggressive_hunter stone_serpent monster","monsterId":"monster_2","service":"primalcode-mcp","timestamp":"2025-07-15T14:13:26.508Z"}
{"args":{"location":{"x":35,"y":35},"route_id":"test_route","shelter_type":"tree"},"level":"info","message":"Executing build_shelter tool","service":"primalcode-mcp","timestamp":"2025-07-15T14:13:26.508Z"}
{"capacity":4,"level":"info","location":{"x":35,"y":35},"message":"Built shelter in route test_route","service":"primalcode-mcp","shelterType":"tree","timestamp":"2025-07-15T14:13:26.508Z"}
{"changeType":"shelter_built","level":"info","location":{"x":35,"y":35},"message":"Notified 2 monsters of environmental change","routeId":"test_route","service":"primalcode-mcp","timestamp":"2025-07-15T14:13:26.508Z"}
{"level":"info","message":"Generated environment for route test_route","routeName":"Test Forest","service":"primalcode-mcp","timestamp":"2025-07-15T14:13:26.508Z"}
{"level":"info","message":"Generated aggressive_hunter shadow_wolf monster","monsterId":"monster_1","service":"primalcode-mcp","timestamp":"2025-07-15T14:13:26.509Z"}
{"level":"info","message":"Generated cautious_forager wind_stag monster","monsterId":"monster_2","service":"primalcode-mcp","timestamp":"2025-07-15T14:13:26.509Z"}
{"level":"info","message":"Generated cautious_forager wind_stag monster","monsterId":"monster_3","service":"primalcode-mcp","timestamp":"2025-07-15T14:13:26.509Z"}
{"level":"info","message":"Generated cautious_forager wind_stag monster","monsterId":"monster_4","service":"primalcode-mcp","timestamp":"2025-07-15T14:13:26.509Z"}
{"level":"info","message":"Generated cautious_forager wind_stag monster","monsterId":"monster_5","service":"primalcode-mcp","timestamp":"2025-07-15T14:13:26.509Z"}
{"level":"info","message":"Generated cautious_forager wind_stag monster","monsterId":"monster_6","service":"primalcode-mcp","timestamp":"2025-07-15T14:13:26.509Z"}
{"level":"info","message":"Generated cautious_forager wind_stag monster","monsterId":"monster_7","service":"primalcode-mcp","timestamp":"2025-07-15T14:13:26.509Z"}
{"args":{"location":{"x":25,"y":25},"route_id":"test_route","shelter_type":"cave"},"level":"info","message":"Executing build_shelter tool","service":"primalcode-mcp","timestamp":"2025-07-15T14:13:26.509Z"}
{"capacity":4,"level":"info","location":{"x":25,"y":25},"message":"Built shelter in route test_route","service":"primalcode-mcp","shelterType":"cave","timestamp":"2025-07-15T14:13:26.509Z"}
{"changeType":"shelter_built","level":"info","location":{"x":25,"y":25},"message":"Notified 7 monsters of environmental change","routeId":"test_route","service":"primalcode-mcp","timestamp":"2025-07-15T14:13:26.509Z"}
{"level":"info","message":"Generated environment for route test_route","routeName":"Test Forest","service":"primalcode-mcp","timestamp":"2025-07-15T14:13:26.509Z"}
{"level":"info","message":"Generated aggressive_hunter shadow_wolf monster","monsterId":"monster_1","service":"primalcode-mcp","timestamp":"2025-07-15T14:13:26.509Z"}
{"args":{"location":{"x":55,"y":55},"route_id":"test_route","shelter_type":"burrow"},"level":"info","message":"Executing build_shelter tool","service":"primalcode-mcp","timestamp":"2025-07-15T14:13:26.509Z"}
{"capacity":2,"level":"info","location":{"x":55,"y":55},"message":"Built shelter in route test_route","service":"primalcode-mcp","shelterType":"burrow","timestamp":"2025-07-15T14:13:26.509Z"}
{"changeType":"shelter_built","level":"info","location":{"x":55,"y":55},"message":"Notified 1 monsters of environmental change","routeId":"test_route","service":"primalcode-mcp","timestamp":"2025-07-15T14:13:26.509Z"}
{"level":"info","message":"Generated environment for route test_route","routeName":"Test Forest","service":"primalcode-mcp","timestamp":"2025-07-15T14:13:26.480Z"}
{"level":"info","message":"Generated aggressive_hunter shadow_wolf monster","monsterId":"monster_1","service":"primalcode-mcp","timestamp":"2025-07-15T14:13:26.484Z"}
{"args":{"intensity":0.7,"route_id":"test_route","weather_type":"rain"},"level":"info","message":"Executing modify_weather tool","service":"primalcode-mcp","timestamp":"2025-07-15T14:13:26.485Z"}
{"intensity":0.7,"level":"info","message":"Modified weather for route test_route","newCondition":"rain","service":"primalcode-mcp","timestamp":"2025-07-15T14:13:26.485Z","weatherType":"rain"}
{"changeType":"weather_changed","level":"info","location":{"x":50,"y":50},"message":"Notified 1 monsters of environmental change","routeId":"test_route","service":"primalcode-mcp","timestamp":"2025-07-15T14:13:26.486Z"}
{"level":"info","message":"Generated environment for route test_route","routeName":"Test Forest","service":"primalcode-mcp","timestamp":"2025-07-15T14:13:26.502Z"}
{"level":"info","message":"Generated aggressive_hunter shadow_wolf monster","monsterId":"monster_1","service":"primalcode-mcp","timestamp":"2025-07-15T14:13:26.502Z"}
{"args":{"intensity":0.8,"route_id":"test_route","weather_type":"heat"},"level":"info","message":"Executing modify_weather tool","service":"primalcode-mcp","timestamp":"2025-07-15T14:13:26.502Z"}
{"intensity":0.8,"level":"info","message":"Modified weather for route test_route","newCondition":"clear","service":"primalcode-mcp","timestamp":"2025-07-15T14:13:26.502Z","weatherType":"heat"}
{"changeType":"weather_changed","level":"info","location":{"x":50,"y":50},"message":"Notified 1 monsters of environmental change","routeId":"test_route","service":"primalcode-mcp","timestamp":"2025-07-15T14:13:26.503Z"}
{"level":"info","message":"Generated environment for route test_route","routeName":"Test Forest","service":"primalcode-mcp","timestamp":"2025-07-15T14:13:26.503Z"}
{"level":"info","message":"Generated aggressive_hunter shadow_wolf monster","monsterId":"monster_1","service":"primalcode-mcp","timestamp":"2025-07-15T14:13:26.503Z"}
{"args":{"intensity":0.9,"route_id":"test_route","weather_type":"storm"},"level":"info","message":"Executing modify_weather tool","service":"primalcode-mcp","timestamp":"2025-07-15T14:13:26.504Z"}
{"intensity":0.9,"level":"info","message":"Modified weather for route test_route","newCondition":"storm","service":"primalcode-mcp","timestamp":"2025-07-15T14:13:26.504Z","weatherType":"storm"}
{"changeType":"weather_changed","level":"info","location":{"x":50,"y":50},"message":"Notified 1 monsters of environmental change","routeId":"test_route","service":"primalcode-mcp","timestamp":"2025-07-15T14:13:26.504Z"}
{"level":"info","message":"Generated environment for route test_route","routeName":"Test Forest","service":"primalcode-mcp","timestamp":"2025-07-15T14:13:26.504Z"}
{"level":"info","message":"Generated aggressive_hunter shadow_wolf monster","monsterId":"monster_1","service":"primalcode-mcp","timestamp":"2025-07-15T14:13:26.504Z"}
{"level":"info","message":"Generated cautious_forager wind_stag monster","monsterId":"monster_2","service":"primalcode-mcp","timestamp":"2025-07-15T14:13:26.505Z"}
{"args":{"intensity":0.6,"route_id":"test_route","weather_type":"rain"},"level":"info","message":"Executing modify_weather tool","service":"primalcode-mcp","timestamp":"2025-07-15T14:13:26.505Z"}
{"intensity":0.6,"level":"info","message":"Modified weather for route test_route","newCondition":"rain","service":"primalcode-mcp","timestamp":"2025-07-15T14:13:26.505Z","weatherType":"rain"}
{"changeType":"weather_changed","level":"info","location":{"x":50,"y":50},"message":"Notified 2 monsters of environmental change","routeId":"test_route","service":"primalcode-mcp","timestamp":"2025-07-15T14:13:26.505Z"}
{"level":"info","message":"Generated environment for route test_route","routeName":"Test Forest","service":"primalcode-mcp","timestamp":"2025-07-15T14:13:26.505Z"}
{"level":"info","message":"Generated aggressive_hunter shadow_wolf monster","monsterId":"monster_1","service":"primalcode-mcp","timestamp":"2025-07-15T14:13:26.505Z"}
{"level":"info","message":"Generated pack_leader frost_bear monster","monsterId":"monster_2","service":"primalcode-mcp","timestamp":"2025-07-15T14:13:26.505Z"}
{"args":{"intensity":0.8,"route_id":"test_route","weather_type":"storm"},"level":"info","message":"Executing modify_weather tool","service":"primalcode-mcp","timestamp":"2025-07-15T14:13:26.505Z"}
{"intensity":0.8,"level":"info","message":"Modified weather for route test_route","newCondition":"storm","service":"primalcode-mcp","timestamp":"2025-07-15T14:13:26.505Z","weatherType":"storm"}
{"changeType":"weather_changed","level":"info","location":{"x":50,"y":50},"message":"Notified 2 monsters of environmental change","routeId":"test_route","service":"primalcode-mcp","timestamp":"2025-07-15T14:13:26.505Z"}
{"level":"info","message":"Generated environment for route test_route","routeName":"Test Forest","service":"primalcode-mcp","timestamp":"2025-07-15T14:13:26.513Z"}
{"level":"info","message":"Generated aggressive_hunter shadow_wolf monster","monsterId":"monster_1","service":"primalcode-mcp","timestamp":"2025-07-15T14:13:26.513Z"}
{"args":{"intensity":0.5,"route_id":"test_route","weather_type":"rain"},"level":"info","message":"Executing modify_weather tool","service":"primalcode-mcp","timestamp":"2025-07-15T14:13:26.513Z"}
{"intensity":0.5,"level":"info","message":"Modified weather for route test_route","newCondition":"rain","service":"primalcode-mcp","timestamp":"2025-07-15T14:13:26.513Z","weatherType":"rain"}
{"changeType":"weather_changed","level":"info","location":{"x":50,"y":50},"message":"Notified 1 monsters of environmental change","routeId":"test_route","service":"primalcode-mcp","timestamp":"2025-07-15T14:13:26.513Z"}
{"level":"info","message":"Generated environment for route test_route","routeName":"Test Forest","service":"primalcode-mcp","timestamp":"2025-07-15T14:13:26.513Z"}
{"level":"info","message":"Generated aggressive_hunter shadow_wolf monster","monsterId":"monster_1","service":"primalcode-mcp","timestamp":"2025-07-15T14:13:26.513Z"}
{"args":{"intensity":0.9,"route_id":"test_route","weather_type":"heat"},"level":"info","message":"Executing modify_weather tool","service":"primalcode-mcp","timestamp":"2025-07-15T14:13:26.513Z"}
{"intensity":0.9,"level":"info","message":"Modified weather for route test_route","newCondition":"clear","service":"primalcode-mcp","timestamp":"2025-07-15T14:13:26.513Z","weatherType":"heat"}
{"changeType":"weather_changed","level":"info","location":{"x":50,"y":50},"message":"Notified 1 monsters of environmental change","routeId":"test_route","service":"primalcode-mcp","timestamp":"2025-07-15T14:13:26.514Z"}
{"level":"info","message":"Generated environment for route test_route","routeName":"Test Forest","service":"primalcode-mcp","timestamp":"2025-07-15T14:13:26.514Z"}
{"level":"info","message":"Generated aggressive_hunter shadow_wolf monster","monsterId":"monster_1","service":"primalcode-mcp","timestamp":"2025-07-15T14:13:26.514Z"}
{"args":{"intensity":0.5,"route_id":"invalid_route","weather_type":"rain"},"level":"info","message":"Executing modify_weather tool","service":"primalcode-mcp","timestamp":"2025-07-15T14:13:26.514Z"}
{"args":{"intensity":0.5,"route_id":"invalid_route","weather_type":"rain"},"error":{},"level":"error","message":"Error executing modify_weather tool","service":"primalcode-mcp","timestamp":"2025-07-15T14:13:26.514Z"}
{"level":"info","message":"Generated environment for route test_route","routeName":"Test Forest","service":"primalcode-mcp","timestamp":"2025-07-15T14:13:26.515Z"}
{"level":"info","message":"Generated aggressive_hunter shadow_wolf monster","monsterId":"monster_1","service":"primalcode-mcp","timestamp":"2025-07-15T14:13:26.515Z"}
{"args":{"intensity":1.5,"route_id":"test_route","weather_type":"rain"},"level":"info","message":"Executing modify_weather tool","service":"primalcode-mcp","timestamp":"2025-07-15T14:13:26.515Z"}
{"args":{"intensity":1.5,"route_id":"test_route","weather_type":"rain"},"error":{},"level":"error","message":"Error executing modify_weather tool","service":"primalcode-mcp","timestamp":"2025-07-15T14:13:26.515Z"}
{"level":"info","message":"Generated environment for route test_route","routeName":"Test Forest","service":"primalcode-mcp","timestamp":"2025-07-15T14:13:26.515Z"}
{"level":"info","message":"Generated aggressive_hunter shadow_wolf monster","monsterId":"monster_1","service":"primalcode-mcp","timestamp":"2025-07-15T14:13:26.515Z"}
{"level":"info","message":"Generated environment for route empty_route","routeName":"Empty Forest","service":"primalcode-mcp","timestamp":"2025-07-15T14:13:26.515Z"}
{"args":{"intensity":0.4,"route_id":"empty_route","weather_type":"storm"},"level":"info","message":"Executing modify_weather tool","service":"primalcode-mcp","timestamp":"2025-07-15T14:13:26.515Z"}
{"intensity":0.4,"level":"info","message":"Modified weather for route empty_route","newCondition":"storm","service":"primalcode-mcp","timestamp":"2025-07-15T14:13:26.515Z","weatherType":"storm"}
{"changeType":"weather_changed","level":"info","location":{"x":50,"y":50},"message":"Notified 0 monsters of environmental change","routeId":"empty_route","service":"primalcode-mcp","timestamp":"2025-07-15T14:13:26.515Z"}
{"level":"info","message":"Generated environment for route test_route","routeName":"Test Forest","service":"primalcode-mcp","timestamp":"2025-07-15T14:13:26.515Z"}
{"level":"info","message":"Generated aggressive_hunter shadow_wolf monster","monsterId":"monster_1","service":"primalcode-mcp","timestamp":"2025-07-15T14:13:26.516Z"}
{"args":{"intensity":0.2,"route_id":"test_route","weather_type":"rain"},"level":"info","message":"Executing modify_weather tool","service":"primalcode-mcp","timestamp":"2025-07-15T14:13:26.516Z"}
{"intensity":0.2,"level":"info","message":"Modified weather for route test_route","newCondition":"rain","service":"primalcode-mcp","timestamp":"2025-07-15T14:13:26.516Z","weatherType":"rain"}
{"changeType":"weather_changed","level":"info","location":{"x":50,"y":50},"message":"Notified 1 monsters of environmental change","routeId":"test_route","service":"primalcode-mcp","timestamp":"2025-07-15T14:13:26.516Z"}
{"level":"info","message":"Generated environment for route test_route","routeName":"Test Forest","service":"primalcode-mcp","timestamp":"2025-07-15T14:13:26.516Z"}
{"level":"info","message":"Generated aggressive_hunter shadow_wolf monster","monsterId":"monster_1","service":"primalcode-mcp","timestamp":"2025-07-15T14:13:26.516Z"}
{"args":{"intensity":0.9,"route_id":"test_route","weather_type":"heat"},"level":"info","message":"Executing modify_weather tool","service":"primalcode-mcp","timestamp":"2025-07-15T14:13:26.517Z"}
{"intensity":0.9,"level":"info","message":"Modified weather for route test_route","newCondition":"clear","service":"primalcode-mcp","timestamp":"2025-07-15T14:13:26.517Z","weatherType":"heat"}
{"changeType":"weather_changed","level":"info","location":{"x":50,"y":50},"message":"Notified 1 monsters of environmental change","routeId":"test_route","service":"primalcode-mcp","timestamp":"2025-07-15T14:13:26.517Z"}
{"level":"info","message":"Generated environment for route test_route","routeName":"Test Forest","service":"primalcode-mcp","timestamp":"2025-07-15T14:13:26.517Z"}
{"level":"info","message":"Generated aggressive_hunter shadow_wolf monster","monsterId":"monster_1","service":"primalcode-mcp","timestamp":"2025-07-15T14:13:26.517Z"}
{"args":{"intensity":0.6,"route_id":"test_route","weather_type":"rain"},"level":"info","message":"Executing modify_weather tool","service":"primalcode-mcp","timestamp":"2025-07-15T14:13:26.518Z"}
{"intensity":0.6,"level":"info","message":"Modified weather for route test_route","newCondition":"rain","service":"primalcode-mcp","timestamp":"2025-07-15T14:13:26.518Z","weatherType":"rain"}
{"changeType":"weather_changed","level":"info","location":{"x":50,"y":50},"message":"Notified 1 monsters of environmental change","routeId":"test_route","service":"primalcode-mcp","timestamp":"2025-07-15T14:13:26.518Z"}
{"level":"info","message":"Generated environment for route test_route","routeName":"Test Forest","service":"primalcode-mcp","timestamp":"2025-07-15T14:13:26.518Z"}
{"level":"info","message":"Generated aggressive_hunter shadow_wolf monster","monsterId":"monster_1","service":"primalcode-mcp","timestamp":"2025-07-15T14:13:26.518Z"}
{"args":{"intensity":0.5,"route_id":"test_route","weather_type":"normal"},"level":"info","message":"Executing modify_weather tool","service":"primalcode-mcp","timestamp":"2025-07-15T14:13:26.518Z"}
{"intensity":0.5,"level":"info","message":"Modified weather for route test_route","newCondition":"clear","service":"primalcode-mcp","timestamp":"2025-07-15T14:13:26.518Z","weatherType":"normal"}
{"changeType":"weather_changed","level":"info","location":{"x":50,"y":50},"message":"Notified 1 monsters of environmental change","routeId":"test_route","service":"primalcode-mcp","timestamp":"2025-07-15T14:13:26.518Z"}
{"level":"info","message":"Generated environment for route test_route","routeName":"Test Forest","service":"primalcode-mcp","timestamp":"2025-07-15T14:13:26.519Z"}
{"level":"info","message":"Generated aggressive_hunter shadow_wolf monster","monsterId":"monster_1","service":"primalcode-mcp","timestamp":"2025-07-15T14:13:26.519Z"}
{"args":{"intensity":0.7,"route_id":"test_route","weather_type":"rain"},"level":"info","message":"Executing modify_weather tool","service":"primalcode-mcp","timestamp":"2025-07-15T14:13:26.519Z"}
{"intensity":0.7,"level":"info","message":"Modified weather for route test_route","newCondition":"rain","service":"primalcode-mcp","timestamp":"2025-07-15T14:13:26.519Z","weatherType":"rain"}
{"changeType":"weather_changed","level":"info","location":{"x":50,"y":50},"message":"Notified 1 monsters of environmental change","routeId":"test_route","service":"primalcode-mcp","timestamp":"2025-07-15T14:13:26.519Z"}
{"level":"info","message":"Generated environment for route test_route","routeName":"Test Forest","service":"primalcode-mcp","timestamp":"2025-07-15T14:13:26.519Z"}
{"level":"info","message":"Generated aggressive_hunter shadow_wolf monster","monsterId":"monster_1","service":"primalcode-mcp","timestamp":"2025-07-15T14:13:26.519Z"}
{"level":"info","message":"Generated pack_leader ember_hawk monster","monsterId":"monster_2","service":"primalcode-mcp","timestamp":"2025-07-15T14:13:26.519Z"}
{"args":{"intensity":0.8,"route_id":"test_route","weather_type":"storm"},"level":"info","message":"Executing modify_weather tool","service":"primalcode-mcp","timestamp":"2025-07-15T14:13:26.519Z"}
{"intensity":0.8,"level":"info","message":"Modified weather for route test_route","newCondition":"storm","service":"primalcode-mcp","timestamp":"2025-07-15T14:13:26.519Z","weatherType":"storm"}
{"changeType":"weather_changed","level":"info","location":{"x":50,"y":50},"message":"Notified 2 monsters of environmental change","routeId":"test_route","service":"primalcode-mcp","timestamp":"2025-07-15T14:13:26.519Z"}
{"level":"info","message":"Generated environment for route test_route","routeName":"Test Forest","service":"primalcode-mcp","timestamp":"2025-07-15T14:13:44.322Z"}
{"level":"info","message":"Generated aggressive_hunter shadow_wolf monster","monsterId":"monster_1","service":"primalcode-mcp","timestamp":"2025-07-15T14:13:44.324Z"}
{"args":{"food_type":"meat","location":{"x":50,"y":50},"route_id":"test_route"},"level":"info","message":"Executing place_food tool","service":"primalcode-mcp","timestamp":"2025-07-15T14:13:44.324Z"}
{"foodType":"meat","level":"info","location":{"x":50,"y":50},"message":"Added food source to route test_route","quality":0.7088921222920007,"service":"primalcode-mcp","timestamp":"2025-07-15T14:13:44.324Z"}
{"changeType":"food_placed","level":"info","location":{"x":50,"y":50},"message":"Notified 1 monsters of environmental change","routeId":"test_route","service":"primalcode-mcp","timestamp":"2025-07-15T14:13:44.325Z"}
{"level":"info","message":"Generated environment for route test_route","routeName":"Test Forest","service":"primalcode-mcp","timestamp":"2025-07-15T14:13:44.337Z"}
{"level":"info","message":"Generated aggressive_hunter shadow_wolf monster","monsterId":"monster_1","service":"primalcode-mcp","timestamp":"2025-07-15T14:13:44.337Z"}
{"args":{"food_type":"plants","location":{"x":30,"y":30},"route_id":"test_route"},"level":"info","message":"Executing place_food tool","service":"primalcode-mcp","timestamp":"2025-07-15T14:13:44.337Z"}
{"foodType":"plants","level":"info","location":{"x":30,"y":30},"message":"Added food source to route test_route","quality":0.9818604095094505,"service":"primalcode-mcp","timestamp":"2025-07-15T14:13:44.337Z"}
{"changeType":"food_placed","level":"info","location":{"x":30,"y":30},"message":"Notified 1 monsters of environmental change","routeId":"test_route","service":"primalcode-mcp","timestamp":"2025-07-15T14:13:44.338Z"}
{"level":"info","message":"Generated environment for route test_route","routeName":"Test Forest","service":"primalcode-mcp","timestamp":"2025-07-15T14:13:44.338Z"}
{"level":"info","message":"Generated aggressive_hunter shadow_wolf monster","monsterId":"monster_1","service":"primalcode-mcp","timestamp":"2025-07-15T14:13:44.338Z"}
{"level":"info","message":"Generated cautious_forager wind_stag monster","monsterId":"monster_2","service":"primalcode-mcp","timestamp":"2025-07-15T14:13:44.338Z"}
{"args":{"food_type":"plants","location":{"x":20,"y":20},"route_id":"test_route"},"level":"info","message":"Executing place_food tool","service":"primalcode-mcp","timestamp":"2025-07-15T14:13:44.338Z"}
{"foodType":"plants","level":"info","location":{"x":20,"y":20},"message":"Added food source to route test_route","quality":0.8393809935809972,"service":"primalcode-mcp","timestamp":"2025-07-15T14:13:44.338Z"}
{"changeType":"food_placed","level":"info","location":{"x":20,"y":20},"message":"Notified 2 monsters of environmental change","routeId":"test_route","service":"primalcode-mcp","timestamp":"2025-07-15T14:13:44.338Z"}
{"level":"info","message":"Generated environment for route test_route","routeName":"Test Forest","service":"primalcode-mcp","timestamp":"2025-07-15T14:13:44.339Z"}
{"level":"info","message":"Generated aggressive_hunter shadow_wolf monster","monsterId":"monster_1","service":"primalcode-mcp","timestamp":"2025-07-15T14:13:44.339Z"}
{"args":{"food_type":"meat","location":{"x":10,"y":10},"route_id":"test_route"},"level":"info","message":"Executing place_food tool","service":"primalcode-mcp","timestamp":"2025-07-15T14:13:44.339Z"}
{"foodType":"meat","level":"info","location":{"x":10,"y":10},"message":"Added food source to route test_route","quality":0.9639407665205619,"service":"primalcode-mcp","timestamp":"2025-07-15T14:13:44.339Z"}
{"changeType":"food_placed","level":"info","location":{"x":10,"y":10},"message":"Notified 1 monsters of environmental change","routeId":"test_route","service":"primalcode-mcp","timestamp":"2025-07-15T14:13:44.339Z"}
{"level":"info","message":"Generated environment for route test_route","routeName":"Test Forest","service":"primalcode-mcp","timestamp":"2025-07-15T14:13:44.339Z"}
{"level":"info","message":"Generated aggressive_hunter shadow_wolf monster","monsterId":"monster_1","service":"primalcode-mcp","timestamp":"2025-07-15T14:13:44.339Z"}
{"args":{"food_type":"water","location":{"x":25,"y":25},"route_id":"test_route"},"level":"info","message":"Executing place_food tool","service":"primalcode-mcp","timestamp":"2025-07-15T14:13:44.339Z"}
{"foodType":"water","level":"info","location":{"x":25,"y":25},"message":"Added food source to route test_route","quality":0.8950081987720151,"service":"primalcode-mcp","timestamp":"2025-07-15T14:13:44.339Z"}
{"changeType":"food_placed","level":"info","location":{"x":25,"y":25},"message":"Notified 1 monsters of environmental change","routeId":"test_route","service":"primalcode-mcp","timestamp":"2025-07-15T14:13:44.339Z"}
{"level":"info","message":"Generated environment for route test_route","routeName":"Test Forest","service":"primalcode-mcp","timestamp":"2025-07-15T14:13:44.340Z"}
{"level":"info","message":"Generated aggressive_hunter shadow_wolf monster","monsterId":"monster_1","service":"primalcode-mcp","timestamp":"2025-07-15T14:13:44.340Z"}
{"args":{"food_type":"meat","location":{"x":50,"y":50},"route_id":"invalid_route"},"level":"info","message":"Executing place_food tool","service":"primalcode-mcp","timestamp":"2025-07-15T14:13:44.340Z"}
{"args":{"food_type":"meat","location":{"x":50,"y":50},"route_id":"invalid_route"},"error":{},"level":"error","message":"Error executing place_food tool","service":"primalcode-mcp","timestamp":"2025-07-15T14:13:44.340Z"}
{"level":"info","message":"Generated environment for route test_route","routeName":"Test Forest","service":"primalcode-mcp","timestamp":"2025-07-15T14:13:44.340Z"}
{"level":"info","message":"Generated aggressive_hunter shadow_wolf monster","monsterId":"monster_1","service":"primalcode-mcp","timestamp":"2025-07-15T14:13:44.340Z"}
{"args":{"food_type":"meat","location":{"x":50},"route_id":"test_route"},"level":"info","message":"Executing place_food tool","service":"primalcode-mcp","timestamp":"2025-07-15T14:13:44.340Z"}
{"args":{"food_type":"meat","location":{"x":50},"route_id":"test_route"},"error":{},"level":"error","message":"Error executing place_food tool","service":"primalcode-mcp","timestamp":"2025-07-15T14:13:44.340Z"}
{"level":"info","message":"Generated environment for route test_route","routeName":"Test Forest","service":"primalcode-mcp","timestamp":"2025-07-15T14:13:44.341Z"}
{"level":"info","message":"Generated aggressive_hunter shadow_wolf monster","monsterId":"monster_1","service":"primalcode-mcp","timestamp":"2025-07-15T14:13:44.341Z"}
{"level":"info","message":"Generated environment for route empty_route","routeName":"Empty Forest","service":"primalcode-mcp","timestamp":"2025-07-15T14:13:44.341Z"}
{"args":{"food_type":"meat","location":{"x":50,"y":50},"route_id":"empty_route"},"level":"info","message":"Executing place_food tool","service":"primalcode-mcp","timestamp":"2025-07-15T14:13:44.341Z"}
{"foodType":"meat","level":"info","location":{"x":50,"y":50},"message":"Added food source to route empty_route","quality":0.9332025567748461,"service":"primalcode-mcp","timestamp":"2025-07-15T14:13:44.341Z"}
{"changeType":"food_placed","level":"info","location":{"x":50,"y":50},"message":"Notified 0 monsters of environmental change","routeId":"empty_route","service":"primalcode-mcp","timestamp":"2025-07-15T14:13:44.341Z"}
{"level":"info","message":"Generated environment for route test_route","routeName":"Test Forest","service":"primalcode-mcp","timestamp":"2025-07-15T14:13:44.342Z"}
{"level":"info","message":"Generated aggressive_hunter shadow_wolf monster","monsterId":"monster_1","service":"primalcode-mcp","timestamp":"2025-07-15T14:13:44.342Z"}
{"args":{"food_type":"meat","location":{"x":40,"y":40},"route_id":"test_route"},"level":"info","message":"Executing place_food tool","service":"primalcode-mcp","timestamp":"2025-07-15T14:13:44.342Z"}
{"foodType":"meat","level":"info","location":{"x":40,"y":40},"message":"Added food source to route test_route","quality":0.8501989221899987,"service":"primalcode-mcp","timestamp":"2025-07-15T14:13:44.342Z"}
{"changeType":"food_placed","level":"info","location":{"x":40,"y":40},"message":"Notified 1 monsters of environmental change","routeId":"test_route","service":"primalcode-mcp","timestamp":"2025-07-15T14:13:44.342Z"}
{"level":"info","message":"Generated environment for route test_route","routeName":"Test Forest","service":"primalcode-mcp","timestamp":"2025-07-15T14:13:44.342Z"}
{"level":"info","message":"Generated aggressive_hunter shadow_wolf monster","monsterId":"monster_1","service":"primalcode-mcp","timestamp":"2025-07-15T14:13:44.343Z"}
{"args":{"food_type":"meat","location":{"x":50,"y":50},"route_id":"test_route"},"level":"info","message":"Executing place_food tool","service":"primalcode-mcp","timestamp":"2025-07-15T14:13:44.343Z"}
{"foodType":"meat","level":"info","location":{"x":50,"y":50},"message":"Added food source to route test_route","quality":0.8341695739483399,"service":"primalcode-mcp","timestamp":"2025-07-15T14:13:44.343Z"}
{"changeType":"food_placed","level":"info","location":{"x":50,"y":50},"message":"Notified 1 monsters of environmental change","routeId":"test_route","service":"primalcode-mcp","timestamp":"2025-07-15T14:13:44.343Z"}
{"level":"info","message":"Generated environment for route test_route","routeName":"Test Forest","service":"primalcode-mcp","timestamp":"2025-07-15T14:13:44.344Z"}
{"level":"info","message":"Generated aggressive_hunter shadow_wolf monster","monsterId":"monster_1","service":"primalcode-mcp","timestamp":"2025-07-15T14:13:44.344Z"}
{"level":"info","message":"Generated pack_leader frost_bear monster","monsterId":"monster_2","service":"primalcode-mcp","timestamp":"2025-07-15T14:13:44.344Z"}
{"args":{"food_type":"meat","location":{"x":25,"y":25},"route_id":"test_route"},"level":"info","message":"Executing place_food tool","service":"primalcode-mcp","timestamp":"2025-07-15T14:13:44.344Z"}
{"foodType":"meat","level":"info","location":{"x":25,"y":25},"message":"Added food source to route test_route","quality":0.8650045124304744,"service":"primalcode-mcp","timestamp":"2025-07-15T14:13:44.344Z"}
{"changeType":"food_placed","level":"info","location":{"x":25,"y":25},"message":"Notified 2 monsters of environmental change","routeId":"test_route","service":"primalcode-mcp","timestamp":"2025-07-15T14:13:44.344Z"}
{"level":"info","message":"Generated environment for route test_route","routeName":"Test Forest","service":"primalcode-mcp","timestamp":"2025-07-15T14:19:29.140Z"}
{"level":"info","message":"Generated aggressive_hunter shadow_wolf monster","monsterId":"monster_1","service":"primalcode-mcp","timestamp":"2025-07-15T14:19:29.143Z"}
{"args":{"food_type":"meat","location":{"x":50,"y":50},"route_id":"test_route"},"level":"info","message":"Executing place_food tool","service":"primalcode-mcp","timestamp":"2025-07-15T14:19:29.143Z"}
{"foodType":"meat","level":"info","location":{"x":50,"y":50},"message":"Added food source to route test_route","quality":0.9186350306399718,"service":"primalcode-mcp","timestamp":"2025-07-15T14:19:29.144Z"}
{"changeType":"food_placed","level":"info","location":{"x":50,"y":50},"message":"Notified 1 monsters of environmental change","routeId":"test_route","service":"primalcode-mcp","timestamp":"2025-07-15T14:19:29.144Z"}
{"level":"info","message":"Generated environment for route test_route","routeName":"Test Forest","service":"primalcode-mcp","timestamp":"2025-07-15T14:19:29.162Z"}
{"level":"info","message":"Generated aggressive_hunter shadow_wolf monster","monsterId":"monster_1","service":"primalcode-mcp","timestamp":"2025-07-15T14:19:29.162Z"}
{"args":{"food_type":"plants","location":{"x":30,"y":30},"route_id":"test_route"},"level":"info","message":"Executing place_food tool","service":"primalcode-mcp","timestamp":"2025-07-15T14:19:29.162Z"}
{"foodType":"plants","level":"info","location":{"x":30,"y":30},"message":"Added food source to route test_route","quality":0.8214891626395469,"service":"primalcode-mcp","timestamp":"2025-07-15T14:19:29.163Z"}
{"changeType":"food_placed","level":"info","location":{"x":30,"y":30},"message":"Notified 1 monsters of environmental change","routeId":"test_route","service":"primalcode-mcp","timestamp":"2025-07-15T14:19:29.163Z"}
{"level":"info","message":"Generated environment for route test_route","routeName":"Test Forest","service":"primalcode-mcp","timestamp":"2025-07-15T14:19:29.164Z"}
{"level":"info","message":"Generated aggressive_hunter shadow_wolf monster","monsterId":"monster_1","service":"primalcode-mcp","timestamp":"2025-07-15T14:19:29.164Z"}
{"level":"info","message":"Generated cautious_forager wind_stag monster","monsterId":"monster_2","service":"primalcode-mcp","timestamp":"2025-07-15T14:19:29.164Z"}
{"args":{"food_type":"plants","location":{"x":20,"y":20},"route_id":"test_route"},"level":"info","message":"Executing place_food tool","service":"primalcode-mcp","timestamp":"2025-07-15T14:19:29.165Z"}
{"foodType":"plants","level":"info","location":{"x":20,"y":20},"message":"Added food source to route test_route","quality":0.9704193957734524,"service":"primalcode-mcp","timestamp":"2025-07-15T14:19:29.165Z"}
{"changeType":"food_placed","level":"info","location":{"x":20,"y":20},"message":"Notified 2 monsters of environmental change","routeId":"test_route","service":"primalcode-mcp","timestamp":"2025-07-15T14:19:29.165Z"}
{"level":"info","message":"Generated environment for route test_route","routeName":"Test Forest","service":"primalcode-mcp","timestamp":"2025-07-15T14:19:29.165Z"}
{"level":"info","message":"Generated aggressive_hunter shadow_wolf monster","monsterId":"monster_1","service":"primalcode-mcp","timestamp":"2025-07-15T14:19:29.166Z"}
{"args":{"food_type":"meat","location":{"x":10,"y":10},"route_id":"test_route"},"level":"info","message":"Executing place_food tool","service":"primalcode-mcp","timestamp":"2025-07-15T14:19:29.166Z"}
{"foodType":"meat","level":"info","location":{"x":10,"y":10},"message":"Added food source to route test_route","quality":0.8974151339127809,"service":"primalcode-mcp","timestamp":"2025-07-15T14:19:29.166Z"}
{"changeType":"food_placed","level":"info","location":{"x":10,"y":10},"message":"Notified 1 monsters of environmental change","routeId":"test_route","service":"primalcode-mcp","timestamp":"2025-07-15T14:19:29.166Z"}
{"level":"info","message":"Generated environment for route test_route","routeName":"Test Forest","service":"primalcode-mcp","timestamp":"2025-07-15T14:19:29.166Z"}
{"level":"info","message":"Generated aggressive_hunter shadow_wolf monster","monsterId":"monster_1","service":"primalcode-mcp","timestamp":"2025-07-15T14:19:29.167Z"}
{"args":{"food_type":"water","location":{"x":25,"y":25},"route_id":"test_route"},"level":"info","message":"Executing place_food tool","service":"primalcode-mcp","timestamp":"2025-07-15T14:19:29.167Z"}
{"foodType":"water","level":"info","location":{"x":25,"y":25},"message":"Added food source to route test_route","quality":0.7245560821079985,"service":"primalcode-mcp","timestamp":"2025-07-15T14:19:29.167Z"}
{"changeType":"food_placed","level":"info","location":{"x":25,"y":25},"message":"Notified 1 monsters of environmental change","routeId":"test_route","service":"primalcode-mcp","timestamp":"2025-07-15T14:19:29.167Z"}
{"level":"info","message":"Generated environment for route test_route","routeName":"Test Forest","service":"primalcode-mcp","timestamp":"2025-07-15T14:19:29.167Z"}
{"level":"info","message":"Generated aggressive_hunter shadow_wolf monster","monsterId":"monster_1","service":"primalcode-mcp","timestamp":"2025-07-15T14:19:29.167Z"}
{"args":{"food_type":"meat","location":{"x":50,"y":50},"route_id":"invalid_route"},"level":"info","message":"Executing place_food tool","service":"primalcode-mcp","timestamp":"2025-07-15T14:19:29.167Z"}
{"args":{"food_type":"meat","location":{"x":50,"y":50},"route_id":"invalid_route"},"error":{},"level":"error","message":"Error executing place_food tool","service":"primalcode-mcp","timestamp":"2025-07-15T14:19:29.167Z"}
{"level":"info","message":"Generated environment for route test_route","routeName":"Test Forest","service":"primalcode-mcp","timestamp":"2025-07-15T14:19:29.168Z"}
{"level":"info","message":"Generated aggressive_hunter shadow_wolf monster","monsterId":"monster_1","service":"primalcode-mcp","timestamp":"2025-07-15T14:19:29.168Z"}
{"args":{"food_type":"meat","location":{"x":50},"route_id":"test_route"},"level":"info","message":"Executing place_food tool","service":"primalcode-mcp","timestamp":"2025-07-15T14:19:29.168Z"}
{"args":{"food_type":"meat","location":{"x":50},"route_id":"test_route"},"error":{},"level":"error","message":"Error executing place_food tool","service":"primalcode-mcp","timestamp":"2025-07-15T14:19:29.168Z"}
{"level":"info","message":"Generated environment for route test_route","routeName":"Test Forest","service":"primalcode-mcp","timestamp":"2025-07-15T14:19:29.168Z"}
{"level":"info","message":"Generated aggressive_hunter shadow_wolf monster","monsterId":"monster_1","service":"primalcode-mcp","timestamp":"2025-07-15T14:19:29.168Z"}
{"level":"info","message":"Generated environment for route empty_route","routeName":"Empty Forest","service":"primalcode-mcp","timestamp":"2025-07-15T14:19:29.169Z"}
{"args":{"food_type":"meat","location":{"x":50,"y":50},"route_id":"empty_route"},"level":"info","message":"Executing place_food tool","service":"primalcode-mcp","timestamp":"2025-07-15T14:19:29.169Z"}
{"foodType":"meat","level":"info","location":{"x":50,"y":50},"message":"Added food source to route empty_route","quality":0.8705259397649967,"service":"primalcode-mcp","timestamp":"2025-07-15T14:19:29.169Z"}
{"changeType":"food_placed","level":"info","location":{"x":50,"y":50},"message":"Notified 0 monsters of environmental change","routeId":"empty_route","service":"primalcode-mcp","timestamp":"2025-07-15T14:19:29.169Z"}
{"level":"info","message":"Generated environment for route test_route","routeName":"Test Forest","service":"primalcode-mcp","timestamp":"2025-07-15T14:19:29.169Z"}
{"level":"info","message":"Generated aggressive_hunter shadow_wolf monster","monsterId":"monster_1","service":"primalcode-mcp","timestamp":"2025-07-15T14:19:29.169Z"}
{"args":{"food_type":"meat","location":{"x":40,"y":40},"route_id":"test_route"},"level":"info","message":"Executing place_food tool","service":"primalcode-mcp","timestamp":"2025-07-15T14:19:29.169Z"}
{"foodType":"meat","level":"info","location":{"x":40,"y":40},"message":"Added food source to route test_route","quality":0.9039672437433993,"service":"primalcode-mcp","timestamp":"2025-07-15T14:19:29.169Z"}
{"changeType":"food_placed","level":"info","location":{"x":40,"y":40},"message":"Notified 1 monsters of environmental change","routeId":"test_route","service":"primalcode-mcp","timestamp":"2025-07-15T14:19:29.169Z"}
{"level":"info","message":"Generated environment for route test_route","routeName":"Test Forest","service":"primalcode-mcp","timestamp":"2025-07-15T14:19:29.170Z"}
{"level":"info","message":"Generated aggressive_hunter shadow_wolf monster","monsterId":"monster_1","service":"primalcode-mcp","timestamp":"2025-07-15T14:19:29.170Z"}
{"args":{"food_type":"meat","location":{"x":50,"y":50},"route_id":"test_route"},"level":"info","message":"Executing place_food tool","service":"primalcode-mcp","timestamp":"2025-07-15T14:19:29.170Z"}
{"foodType":"meat","level":"info","location":{"x":50,"y":50},"message":"Added food source to route test_route","quality":0.8750389739976757,"service":"primalcode-mcp","timestamp":"2025-07-15T14:19:29.170Z"}
{"changeType":"food_placed","level":"info","location":{"x":50,"y":50},"message":"Notified 1 monsters of environmental change","routeId":"test_route","service":"primalcode-mcp","timestamp":"2025-07-15T14:19:29.170Z"}
{"level":"info","message":"Generated environment for route test_route","routeName":"Test Forest","service":"primalcode-mcp","timestamp":"2025-07-15T14:19:29.171Z"}
{"level":"info","message":"Generated aggressive_hunter shadow_wolf monster","monsterId":"monster_1","service":"primalcode-mcp","timestamp":"2025-07-15T14:19:29.171Z"}
{"level":"info","message":"Generated pack_leader frost_bear monster","monsterId":"monster_2","service":"primalcode-mcp","timestamp":"2025-07-15T14:19:29.171Z"}
{"args":{"food_type":"meat","location":{"x":25,"y":25},"route_id":"test_route"},"level":"info","message":"Executing place_food tool","service":"primalcode-mcp","timestamp":"2025-07-15T14:19:29.171Z"}
{"foodType":"meat","level":"info","location":{"x":25,"y":25},"message":"Added food source to route test_route","quality":0.7396875628166318,"service":"primalcode-mcp","timestamp":"2025-07-15T14:19:29.171Z"}
{"changeType":"food_placed","level":"info","location":{"x":25,"y":25},"message":"Notified 2 monsters of environmental change","routeId":"test_route","service":"primalcode-mcp","timestamp":"2025-07-15T14:19:29.171Z"}
{"level":"info","message":"Generated environment for route test_route","routeName":"Test Forest","service":"primalcode-mcp","timestamp":"2025-07-15T14:19:29.091Z"}
{"level":"info","message":"Generated aggressive_hunter shadow_wolf monster","monsterId":"monster_1","service":"primalcode-mcp","timestamp":"2025-07-15T14:19:29.096Z"}
{"args":{"location":{"x":50,"y":50},"route_id":"test_route","shelter_type":"cave"},"level":"info","message":"Executing build_shelter tool","service":"primalcode-mcp","timestamp":"2025-07-15T14:19:29.098Z"}
{"capacity":2,"level":"info","location":{"x":50,"y":50},"message":"Built shelter in route test_route","service":"primalcode-mcp","shelterType":"cave","timestamp":"2025-07-15T14:19:29.099Z"}
{"changeType":"shelter_built","level":"info","location":{"x":50,"y":50},"message":"Notified 1 monsters of environmental change","routeId":"test_route","service":"primalcode-mcp","timestamp":"2025-07-15T14:19:29.099Z"}
{"level":"info","message":"Generated environment for route test_route","routeName":"Test Forest","service":"primalcode-mcp","timestamp":"2025-07-15T14:19:29.137Z"}
{"level":"info","message":"Generated aggressive_hunter shadow_wolf monster","monsterId":"monster_1","service":"primalcode-mcp","timestamp":"2025-07-15T14:19:29.137Z"}
{"args":{"location":{"x":30,"y":30},"route_id":"test_route","shelter_type":"burrow"},"level":"info","message":"Executing build_shelter tool","service":"primalcode-mcp","timestamp":"2025-07-15T14:19:29.138Z"}
{"capacity":3,"level":"info","location":{"x":30,"y":30},"message":"Built shelter in route test_route","service":"primalcode-mcp","shelterType":"burrow","timestamp":"2025-07-15T14:19:29.138Z"}
{"changeType":"shelter_built","level":"info","location":{"x":30,"y":30},"message":"Notified 1 monsters of environmental change","routeId":"test_route","service":"primalcode-mcp","timestamp":"2025-07-15T14:19:29.138Z"}
{"level":"info","message":"Generated environment for route test_route","routeName":"Test Forest","service":"primalcode-mcp","timestamp":"2025-07-15T14:19:29.139Z"}
{"level":"info","message":"Generated aggressive_hunter shadow_wolf monster","monsterId":"monster_1","service":"primalcode-mcp","timestamp":"2025-07-15T14:19:29.139Z"}
{"args":{"location":{"x":25,"y":25},"route_id":"test_route","shelter_type":"tree"},"level":"info","message":"Executing build_shelter tool","service":"primalcode-mcp","timestamp":"2025-07-15T14:19:29.139Z"}
{"capacity":4,"level":"info","location":{"x":25,"y":25},"message":"Built shelter in route test_route","service":"primalcode-mcp","shelterType":"tree","timestamp":"2025-07-15T14:19:29.139Z"}
{"changeType":"shelter_built","level":"info","location":{"x":25,"y":25},"message":"Notified 1 monsters of environmental change","routeId":"test_route","service":"primalcode-mcp","timestamp":"2025-07-15T14:19:29.139Z"}
{"level":"info","message":"Generated environment for route test_route","routeName":"Test Forest","service":"primalcode-mcp","timestamp":"2025-07-15T14:19:29.140Z"}
{"level":"info","message":"Generated aggressive_hunter shadow_wolf monster","monsterId":"monster_1","service":"primalcode-mcp","timestamp":"2025-07-15T14:19:29.140Z"}
{"args":{"location":{"x":60,"y":60},"route_id":"test_route","shelter_type":"rock"},"level":"info","message":"Executing build_shelter tool","service":"primalcode-mcp","timestamp":"2025-07-15T14:19:29.140Z"}
{"capacity":2,"level":"info","location":{"x":60,"y":60},"message":"Built shelter in route test_route","service":"primalcode-mcp","shelterType":"rock","timestamp":"2025-07-15T14:19:29.140Z"}
{"changeType":"shelter_built","level":"info","location":{"x":60,"y":60},"message":"Notified 1 monsters of environmental change","routeId":"test_route","service":"primalcode-mcp","timestamp":"2025-07-15T14:19:29.140Z"}
{"level":"info","message":"Generated environment for route test_route","routeName":"Test Forest","service":"primalcode-mcp","timestamp":"2025-07-15T14:19:29.140Z"}
{"level":"info","message":"Generated aggressive_hunter shadow_wolf monster","monsterId":"monster_1","service":"primalcode-mcp","timestamp":"2025-07-15T14:19:29.140Z"}
{"level":"info","message":"Generated cautious_forager wind_stag monster","monsterId":"monster_2","service":"primalcode-mcp","timestamp":"2025-07-15T14:19:29.140Z"}
{"args":{"location":{"x":20,"y":20},"route_id":"test_route","shelter_type":"burrow"},"level":"info","message":"Executing build_shelter tool","service":"primalcode-mcp","timestamp":"2025-07-15T14:19:29.140Z"}
{"capacity":4,"level":"info","location":{"x":20,"y":20},"message":"Built shelter in route test_route","service":"primalcode-mcp","shelterType":"burrow","timestamp":"2025-07-15T14:19:29.140Z"}
{"changeType":"shelter_built","level":"info","location":{"x":20,"y":20},"message":"Notified 2 monsters of environmental change","routeId":"test_route","service":"primalcode-mcp","timestamp":"2025-07-15T14:19:29.140Z"}
{"level":"info","message":"Generated environment for route test_route","routeName":"Test Forest","service":"primalcode-mcp","timestamp":"2025-07-15T14:19:29.150Z"}
{"level":"info","message":"Generated aggressive_hunter shadow_wolf monster","monsterId":"monster_1","service":"primalcode-mcp","timestamp":"2025-07-15T14:19:29.150Z"}
{"level":"info","message":"Generated pack_leader frost_bear monster","monsterId":"monster_2","service":"primalcode-mcp","timestamp":"2025-07-15T14:19:29.150Z"}
{"args":{"location":{"x":25,"y":25},"route_id":"test_route","shelter_type":"cave"},"level":"info","message":"Executing build_shelter tool","service":"primalcode-mcp","timestamp":"2025-07-15T14:19:29.150Z"}
{"capacity":2,"level":"info","location":{"x":25,"y":25},"message":"Built shelter in route test_route","service":"primalcode-mcp","shelterType":"cave","timestamp":"2025-07-15T14:19:29.150Z"}
{"changeType":"shelter_built","level":"info","location":{"x":25,"y":25},"message":"Notified 2 monsters of environmental change","routeId":"test_route","service":"primalcode-mcp","timestamp":"2025-07-15T14:19:29.150Z"}
{"level":"info","message":"Generated environment for route test_route","routeName":"Test Forest","service":"primalcode-mcp","timestamp":"2025-07-15T14:19:29.150Z"}
{"level":"info","message":"Generated aggressive_hunter shadow_wolf monster","monsterId":"monster_1","service":"primalcode-mcp","timestamp":"2025-07-15T14:19:29.151Z"}
{"args":{"location":{"x":10,"y":10},"route_id":"test_route","shelter_type":"cave"},"level":"info","message":"Executing build_shelter tool","service":"primalcode-mcp","timestamp":"2025-07-15T14:19:29.151Z"}
{"capacity":4,"level":"info","location":{"x":10,"y":10},"message":"Built shelter in route test_route","service":"primalcode-mcp","shelterType":"cave","timestamp":"2025-07-15T14:19:29.151Z"}
{"changeType":"shelter_built","level":"info","location":{"x":10,"y":10},"message":"Notified 1 monsters of environmental change","routeId":"test_route","service":"primalcode-mcp","timestamp":"2025-07-15T14:19:29.151Z"}
{"level":"info","message":"Generated environment for route test_route","routeName":"Test Forest","service":"primalcode-mcp","timestamp":"2025-07-15T14:19:29.152Z"}
{"level":"info","message":"Generated aggressive_hunter shadow_wolf monster","monsterId":"monster_1","service":"primalcode-mcp","timestamp":"2025-07-15T14:19:29.152Z"}
{"level":"info","message":"Generated cautious_forager ember_hawk monster","monsterId":"monster_2","service":"primalcode-mcp","timestamp":"2025-07-15T14:19:29.152Z"}
{"args":{"location":{"x":25,"y":25},"route_id":"test_route","shelter_type":"burrow"},"level":"info","message":"Executing build_shelter tool","service":"primalcode-mcp","timestamp":"2025-07-15T14:19:29.152Z"}
{"capacity":4,"level":"info","location":{"x":25,"y":25},"message":"Built shelter in route test_route","service":"primalcode-mcp","shelterType":"burrow","timestamp":"2025-07-15T14:19:29.152Z"}
{"changeType":"shelter_built","level":"info","location":{"x":25,"y":25},"message":"Notified 2 monsters of environmental change","routeId":"test_route","service":"primalcode-mcp","timestamp":"2025-07-15T14:19:29.152Z"}
{"level":"info","message":"Generated environment for route test_route","routeName":"Test Forest","service":"primalcode-mcp","timestamp":"2025-07-15T14:19:29.152Z"}
{"level":"info","message":"Generated aggressive_hunter shadow_wolf monster","monsterId":"monster_1","service":"primalcode-mcp","timestamp":"2025-07-15T14:19:29.152Z"}
{"args":{"location":{"x":40,"y":40},"route_id":"test_route","shelter_type":"tree"},"level":"info","message":"Executing build_shelter tool","service":"primalcode-mcp","timestamp":"2025-07-15T14:19:29.153Z"}
{"capacity":2,"level":"info","location":{"x":40,"y":40},"message":"Built shelter in route test_route","service":"primalcode-mcp","shelterType":"tree","timestamp":"2025-07-15T14:19:29.153Z"}
{"changeType":"shelter_built","level":"info","location":{"x":40,"y":40},"message":"Notified 1 monsters of environmental change","routeId":"test_route","service":"primalcode-mcp","timestamp":"2025-07-15T14:19:29.153Z"}
{"level":"info","message":"Generated environment for route test_route","routeName":"Test Forest","service":"primalcode-mcp","timestamp":"2025-07-15T14:19:29.153Z"}
{"level":"info","message":"Generated aggressive_hunter shadow_wolf monster","monsterId":"monster_1","service":"primalcode-mcp","timestamp":"2025-07-15T14:19:29.153Z"}
{"args":{"location":{"x":35,"y":35},"route_id":"test_route","shelter_type":"cave"},"level":"info","message":"Executing build_shelter tool","service":"primalcode-mcp","timestamp":"2025-07-15T14:19:29.154Z"}
{"capacity":3,"level":"info","location":{"x":35,"y":35},"message":"Built shelter in route test_route","service":"primalcode-mcp","shelterType":"cave","timestamp":"2025-07-15T14:19:29.154Z"}
{"changeType":"shelter_built","level":"info","location":{"x":35,"y":35},"message":"Notified 1 monsters of environmental change","routeId":"test_route","service":"primalcode-mcp","timestamp":"2025-07-15T14:19:29.154Z"}
{"level":"info","message":"Generated environment for route test_route","routeName":"Test Forest","service":"primalcode-mcp","timestamp":"2025-07-15T14:19:29.154Z"}
{"level":"info","message":"Generated aggressive_hunter shadow_wolf monster","monsterId":"monster_1","service":"primalcode-mcp","timestamp":"2025-07-15T14:19:29.154Z"}
{"args":{"location":{"x":50,"y":50},"route_id":"invalid_route","shelter_type":"cave"},"level":"info","message":"Executing build_shelter tool","service":"primalcode-mcp","timestamp":"2025-07-15T14:19:29.154Z"}
{"args":{"location":{"x":50,"y":50},"route_id":"invalid_route","shelter_type":"cave"},"error":{},"level":"error","message":"Error executing build_shelter tool","service":"primalcode-mcp","timestamp":"2025-07-15T14:19:29.154Z"}
{"level":"info","message":"Generated environment for route test_route","routeName":"Test Forest","service":"primalcode-mcp","timestamp":"2025-07-15T14:19:29.154Z"}
{"level":"info","message":"Generated aggressive_hunter shadow_wolf monster","monsterId":"monster_1","service":"primalcode-mcp","timestamp":"2025-07-15T14:19:29.155Z"}
{"args":{"location":{"x":50},"route_id":"test_route","shelter_type":"cave"},"level":"info","message":"Executing build_shelter tool","service":"primalcode-mcp","timestamp":"2025-07-15T14:19:29.155Z"}
{"args":{"location":{"x":50},"route_id":"test_route","shelter_type":"cave"},"error":{},"level":"error","message":"Error executing build_shelter tool","service":"primalcode-mcp","timestamp":"2025-07-15T14:19:29.155Z"}
{"level":"info","message":"Generated environment for route test_route","routeName":"Test Forest","service":"primalcode-mcp","timestamp":"2025-07-15T14:19:29.155Z"}
{"level":"info","message":"Generated aggressive_hunter shadow_wolf monster","monsterId":"monster_1","service":"primalcode-mcp","timestamp":"2025-07-15T14:19:29.155Z"}
{"level":"info","message":"Generated environment for route empty_route","routeName":"Empty Forest","service":"primalcode-mcp","timestamp":"2025-07-15T14:19:29.155Z"}
{"args":{"location":{"x":50,"y":50},"route_id":"empty_route","shelter_type":"cave"},"level":"info","message":"Executing build_shelter tool","service":"primalcode-mcp","timestamp":"2025-07-15T14:19:29.155Z"}
{"capacity":2,"level":"info","location":{"x":50,"y":50},"message":"Built shelter in route empty_route","service":"primalcode-mcp","shelterType":"cave","timestamp":"2025-07-15T14:19:29.155Z"}
{"changeType":"shelter_built","level":"info","location":{"x":50,"y":50},"message":"Notified 0 monsters of environmental change","routeId":"empty_route","service":"primalcode-mcp","timestamp":"2025-07-15T14:19:29.155Z"}
{"level":"info","message":"Generated environment for route test_route","routeName":"Test Forest","service":"primalcode-mcp","timestamp":"2025-07-15T14:19:29.156Z"}
{"level":"info","message":"Generated aggressive_hunter shadow_wolf monster","monsterId":"monster_1","service":"primalcode-mcp","timestamp":"2025-07-15T14:19:29.156Z"}
{"args":{"location":{"x":45,"y":45},"route_id":"test_route","shelter_type":"burrow"},"level":"info","message":"Executing build_shelter tool","service":"primalcode-mcp","timestamp":"2025-07-15T14:19:29.156Z"}
{"capacity":3,"level":"info","location":{"x":45,"y":45},"message":"Built shelter in route test_route","service":"primalcode-mcp","shelterType":"burrow","timestamp":"2025-07-15T14:19:29.156Z"}
{"changeType":"shelter_built","level":"info","location":{"x":45,"y":45},"message":"Notified 1 monsters of environmental change","routeId":"test_route","service":"primalcode-mcp","timestamp":"2025-07-15T14:19:29.156Z"}
{"level":"info","message":"Generated environment for route test_route","routeName":"Test Forest","service":"primalcode-mcp","timestamp":"2025-07-15T14:19:29.157Z"}
{"level":"info","message":"Generated aggressive_hunter shadow_wolf monster","monsterId":"monster_1","service":"primalcode-mcp","timestamp":"2025-07-15T14:19:29.157Z"}
{"args":{"location":{"x":50,"y":50},"route_id":"test_route","shelter_type":"cave"},"level":"info","message":"Executing build_shelter tool","service":"primalcode-mcp","timestamp":"2025-07-15T14:19:29.158Z"}
{"capacity":3,"level":"info","location":{"x":50,"y":50},"message":"Built shelter in route test_route","service":"primalcode-mcp","shelterType":"cave","timestamp":"2025-07-15T14:19:29.158Z"}
{"changeType":"shelter_built","level":"info","location":{"x":50,"y":50},"message":"Notified 1 monsters of environmental change","routeId":"test_route","service":"primalcode-mcp","timestamp":"2025-07-15T14:19:29.159Z"}
{"level":"info","message":"Generated environment for route test_route","routeName":"Test Forest","service":"primalcode-mcp","timestamp":"2025-07-15T14:19:29.160Z"}
{"level":"info","message":"Generated aggressive_hunter shadow_wolf monster","monsterId":"monster_1","service":"primalcode-mcp","timestamp":"2025-07-15T14:19:29.160Z"}
{"args":{"location":{"x":40,"y":40},"route_id":"test_route","shelter_type":"rock"},"level":"info","message":"Executing build_shelter tool","service":"primalcode-mcp","timestamp":"2025-07-15T14:19:29.161Z"}
{"capacity":4,"level":"info","location":{"x":40,"y":40},"message":"Built shelter in route test_route","service":"primalcode-mcp","shelterType":"rock","timestamp":"2025-07-15T14:19:29.161Z"}
{"changeType":"shelter_built","level":"info","location":{"x":40,"y":40},"message":"Notified 1 monsters of environmental change","routeId":"test_route","service":"primalcode-mcp","timestamp":"2025-07-15T14:19:29.161Z"}
{"level":"info","message":"Generated environment for route test_route","routeName":"Test Forest","service":"primalcode-mcp","timestamp":"2025-07-15T14:19:29.161Z"}
{"level":"info","message":"Generated aggressive_hunter shadow_wolf monster","monsterId":"monster_1","service":"primalcode-mcp","timestamp":"2025-07-15T14:19:29.162Z"}
{"level":"info","message":"Generated aggressive_hunter stone_serpent monster","monsterId":"monster_2","service":"primalcode-mcp","timestamp":"2025-07-15T14:19:29.162Z"}
{"args":{"location":{"x":35,"y":35},"route_id":"test_route","shelter_type":"tree"},"level":"info","message":"Executing build_shelter tool","service":"primalcode-mcp","timestamp":"2025-07-15T14:19:29.162Z"}
{"capacity":3,"level":"info","location":{"x":35,"y":35},"message":"Built shelter in route test_route","service":"primalcode-mcp","shelterType":"tree","timestamp":"2025-07-15T14:19:29.162Z"}
{"changeType":"shelter_built","level":"info","location":{"x":35,"y":35},"message":"Notified 2 monsters of environmental change","routeId":"test_route","service":"primalcode-mcp","timestamp":"2025-07-15T14:19:29.162Z"}
{"level":"info","message":"Generated environment for route test_route","routeName":"Test Forest","service":"primalcode-mcp","timestamp":"2025-07-15T14:19:29.162Z"}
{"level":"info","message":"Generated aggressive_hunter shadow_wolf monster","monsterId":"monster_1","service":"primalcode-mcp","timestamp":"2025-07-15T14:19:29.162Z"}
{"level":"info","message":"Generated cautious_forager wind_stag monster","monsterId":"monster_2","service":"primalcode-mcp","timestamp":"2025-07-15T14:19:29.162Z"}
{"level":"info","message":"Generated cautious_forager wind_stag monster","monsterId":"monster_3","service":"primalcode-mcp","timestamp":"2025-07-15T14:19:29.162Z"}
{"level":"info","message":"Generated cautious_forager wind_stag monster","monsterId":"monster_4","service":"primalcode-mcp","timestamp":"2025-07-15T14:19:29.162Z"}
{"level":"info","message":"Generated cautious_forager wind_stag monster","monsterId":"monster_5","service":"primalcode-mcp","timestamp":"2025-07-15T14:19:29.162Z"}
{"level":"info","message":"Generated cautious_forager wind_stag monster","monsterId":"monster_6","service":"primalcode-mcp","timestamp":"2025-07-15T14:19:29.162Z"}
{"level":"info","message":"Generated cautious_forager wind_stag monster","monsterId":"monster_7","service":"primalcode-mcp","timestamp":"2025-07-15T14:19:29.162Z"}
{"args":{"location":{"x":25,"y":25},"route_id":"test_route","shelter_type":"cave"},"level":"info","message":"Executing build_shelter tool","service":"primalcode-mcp","timestamp":"2025-07-15T14:19:29.162Z"}
{"capacity":4,"level":"info","location":{"x":25,"y":25},"message":"Built shelter in route test_route","service":"primalcode-mcp","shelterType":"cave","timestamp":"2025-07-15T14:19:29.162Z"}
{"changeType":"shelter_built","level":"info","location":{"x":25,"y":25},"message":"Notified 7 monsters of environmental change","routeId":"test_route","service":"primalcode-mcp","timestamp":"2025-07-15T14:19:29.162Z"}
{"level":"info","message":"Generated environment for route test_route","routeName":"Test Forest","service":"primalcode-mcp","timestamp":"2025-07-15T14:19:29.163Z"}
{"level":"info","message":"Generated aggressive_hunter shadow_wolf monster","monsterId":"monster_1","service":"primalcode-mcp","timestamp":"2025-07-15T14:19:29.163Z"}
{"args":{"location":{"x":55,"y":55},"route_id":"test_route","shelter_type":"burrow"},"level":"info","message":"Executing build_shelter tool","service":"primalcode-mcp","timestamp":"2025-07-15T14:19:29.163Z"}
{"capacity":3,"level":"info","location":{"x":55,"y":55},"message":"Built shelter in route test_route","service":"primalcode-mcp","shelterType":"burrow","timestamp":"2025-07-15T14:19:29.163Z"}
{"changeType":"shelter_built","level":"info","location":{"x":55,"y":55},"message":"Notified 1 monsters of environmental change","routeId":"test_route","service":"primalcode-mcp","timestamp":"2025-07-15T14:19:29.163Z"}
{"level":"info","message":"Generated environment for route test_route","routeName":"Test Forest","service":"primalcode-mcp","timestamp":"2025-07-15T14:19:29.262Z"}
{"level":"info","message":"Generated aggressive_hunter shadow_wolf monster","monsterId":"monster_1","service":"primalcode-mcp","timestamp":"2025-07-15T14:19:29.267Z"}
{"args":{"intensity":0.7,"route_id":"test_route","weather_type":"rain"},"level":"info","message":"Executing modify_weather tool","service":"primalcode-mcp","timestamp":"2025-07-15T14:19:29.267Z"}
{"intensity":0.7,"level":"info","message":"Modified weather for route test_route","newCondition":"rain","service":"primalcode-mcp","timestamp":"2025-07-15T14:19:29.268Z","weatherType":"rain"}
{"changeType":"weather_changed","level":"info","location":{"x":50,"y":50},"message":"Notified 1 monsters of environmental change","routeId":"test_route","service":"primalcode-mcp","timestamp":"2025-07-15T14:19:29.268Z"}
{"level":"info","message":"Generated environment for route test_route","routeName":"Test Forest","service":"primalcode-mcp","timestamp":"2025-07-15T14:19:29.285Z"}
{"level":"info","message":"Generated aggressive_hunter shadow_wolf monster","monsterId":"monster_1","service":"primalcode-mcp","timestamp":"2025-07-15T14:19:29.285Z"}
{"args":{"intensity":0.8,"route_id":"test_route","weather_type":"heat"},"level":"info","message":"Executing modify_weather tool","service":"primalcode-mcp","timestamp":"2025-07-15T14:19:29.285Z"}
{"intensity":0.8,"level":"info","message":"Modified weather for route test_route","newCondition":"clear","service":"primalcode-mcp","timestamp":"2025-07-15T14:19:29.285Z","weatherType":"heat"}
{"changeType":"weather_changed","level":"info","location":{"x":50,"y":50},"message":"Notified 1 monsters of environmental change","routeId":"test_route","service":"primalcode-mcp","timestamp":"2025-07-15T14:19:29.286Z"}
{"level":"info","message":"Generated environment for route test_route","routeName":"Test Forest","service":"primalcode-mcp","timestamp":"2025-07-15T14:19:29.286Z"}
{"level":"info","message":"Generated aggressive_hunter shadow_wolf monster","monsterId":"monster_1","service":"primalcode-mcp","timestamp":"2025-07-15T14:19:29.286Z"}
{"args":{"intensity":0.9,"route_id":"test_route","weather_type":"storm"},"level":"info","message":"Executing modify_weather tool","service":"primalcode-mcp","timestamp":"2025-07-15T14:19:29.286Z"}
{"intensity":0.9,"level":"info","message":"Modified weather for route test_route","newCondition":"storm","service":"primalcode-mcp","timestamp":"2025-07-15T14:19:29.287Z","weatherType":"storm"}
{"changeType":"weather_changed","level":"info","location":{"x":50,"y":50},"message":"Notified 1 monsters of environmental change","routeId":"test_route","service":"primalcode-mcp","timestamp":"2025-07-15T14:19:29.287Z"}
{"level":"info","message":"Generated environment for route test_route","routeName":"Test Forest","service":"primalcode-mcp","timestamp":"2025-07-15T14:19:29.287Z"}
{"level":"info","message":"Generated aggressive_hunter shadow_wolf monster","monsterId":"monster_1","service":"primalcode-mcp","timestamp":"2025-07-15T14:19:29.287Z"}
{"level":"info","message":"Generated cautious_forager wind_stag monster","monsterId":"monster_2","service":"primalcode-mcp","timestamp":"2025-07-15T14:19:29.287Z"}
{"args":{"intensity":0.6,"route_id":"test_route","weather_type":"rain"},"level":"info","message":"Executing modify_weather tool","service":"primalcode-mcp","timestamp":"2025-07-15T14:19:29.287Z"}
{"intensity":0.6,"level":"info","message":"Modified weather for route test_route","newCondition":"rain","service":"primalcode-mcp","timestamp":"2025-07-15T14:19:29.287Z","weatherType":"rain"}
{"changeType":"weather_changed","level":"info","location":{"x":50,"y":50},"message":"Notified 2 monsters of environmental change","routeId":"test_route","service":"primalcode-mcp","timestamp":"2025-07-15T14:19:29.287Z"}
{"level":"info","message":"Generated environment for route test_route","routeName":"Test Forest","service":"primalcode-mcp","timestamp":"2025-07-15T14:19:29.288Z"}
{"level":"info","message":"Generated aggressive_hunter shadow_wolf monster","monsterId":"monster_1","service":"primalcode-mcp","timestamp":"2025-07-15T14:19:29.288Z"}
{"level":"info","message":"Generated pack_leader frost_bear monster","monsterId":"monster_2","service":"primalcode-mcp","timestamp":"2025-07-15T14:19:29.288Z"}
{"args":{"intensity":0.8,"route_id":"test_route","weather_type":"storm"},"level":"info","message":"Executing modify_weather tool","service":"primalcode-mcp","timestamp":"2025-07-15T14:19:29.288Z"}
{"intensity":0.8,"level":"info","message":"Modified weather for route test_route","newCondition":"storm","service":"primalcode-mcp","timestamp":"2025-07-15T14:19:29.288Z","weatherType":"storm"}
{"changeType":"weather_changed","level":"info","location":{"x":50,"y":50},"message":"Notified 2 monsters of environmental change","routeId":"test_route","service":"primalcode-mcp","timestamp":"2025-07-15T14:19:29.288Z"}
{"level":"info","message":"Generated environment for route test_route","routeName":"Test Forest","service":"primalcode-mcp","timestamp":"2025-07-15T14:19:29.296Z"}
{"level":"info","message":"Generated aggressive_hunter shadow_wolf monster","monsterId":"monster_1","service":"primalcode-mcp","timestamp":"2025-07-15T14:19:29.296Z"}
{"args":{"intensity":0.5,"route_id":"test_route","weather_type":"rain"},"level":"info","message":"Executing modify_weather tool","service":"primalcode-mcp","timestamp":"2025-07-15T14:19:29.296Z"}
{"intensity":0.5,"level":"info","message":"Modified weather for route test_route","newCondition":"rain","service":"primalcode-mcp","timestamp":"2025-07-15T14:19:29.296Z","weatherType":"rain"}
{"changeType":"weather_changed","level":"info","location":{"x":50,"y":50},"message":"Notified 1 monsters of environmental change","routeId":"test_route","service":"primalcode-mcp","timestamp":"2025-07-15T14:19:29.296Z"}
{"level":"info","message":"Generated environment for route test_route","routeName":"Test Forest","service":"primalcode-mcp","timestamp":"2025-07-15T14:19:29.296Z"}
{"level":"info","message":"Generated aggressive_hunter shadow_wolf monster","monsterId":"monster_1","service":"primalcode-mcp","timestamp":"2025-07-15T14:19:29.296Z"}
{"args":{"intensity":0.9,"route_id":"test_route","weather_type":"heat"},"level":"info","message":"Executing modify_weather tool","service":"primalcode-mcp","timestamp":"2025-07-15T14:19:29.296Z"}
{"intensity":0.9,"level":"info","message":"Modified weather for route test_route","newCondition":"clear","service":"primalcode-mcp","timestamp":"2025-07-15T14:19:29.296Z","weatherType":"heat"}
{"changeType":"weather_changed","level":"info","location":{"x":50,"y":50},"message":"Notified 1 monsters of environmental change","routeId":"test_route","service":"primalcode-mcp","timestamp":"2025-07-15T14:19:29.297Z"}
{"level":"info","message":"Generated environment for route test_route","routeName":"Test Forest","service":"primalcode-mcp","timestamp":"2025-07-15T14:19:29.297Z"}
{"level":"info","message":"Generated aggressive_hunter shadow_wolf monster","monsterId":"monster_1","service":"primalcode-mcp","timestamp":"2025-07-15T14:19:29.297Z"}
{"args":{"intensity":0.5,"route_id":"invalid_route","weather_type":"rain"},"level":"info","message":"Executing modify_weather tool","service":"primalcode-mcp","timestamp":"2025-07-15T14:19:29.297Z"}
{"args":{"intensity":0.5,"route_id":"invalid_route","weather_type":"rain"},"error":{},"level":"error","message":"Error executing modify_weather tool","service":"primalcode-mcp","timestamp":"2025-07-15T14:19:29.297Z"}
{"level":"info","message":"Generated environment for route test_route","routeName":"Test Forest","service":"primalcode-mcp","timestamp":"2025-07-15T14:19:29.298Z"}
{"level":"info","message":"Generated aggressive_hunter shadow_wolf monster","monsterId":"monster_1","service":"primalcode-mcp","timestamp":"2025-07-15T14:19:29.298Z"}
{"args":{"intensity":1.5,"route_id":"test_route","weather_type":"rain"},"level":"info","message":"Executing modify_weather tool","service":"primalcode-mcp","timestamp":"2025-07-15T14:19:29.298Z"}
{"args":{"intensity":1.5,"route_id":"test_route","weather_type":"rain"},"error":{},"level":"error","message":"Error executing modify_weather tool","service":"primalcode-mcp","timestamp":"2025-07-15T14:19:29.298Z"}
{"level":"info","message":"Generated environment for route test_route","routeName":"Test Forest","service":"primalcode-mcp","timestamp":"2025-07-15T14:19:29.298Z"}
{"level":"info","message":"Generated aggressive_hunter shadow_wolf monster","monsterId":"monster_1","service":"primalcode-mcp","timestamp":"2025-07-15T14:19:29.298Z"}
{"level":"info","message":"Generated environment for route empty_route","routeName":"Empty Forest","service":"primalcode-mcp","timestamp":"2025-07-15T14:19:29.298Z"}
{"args":{"intensity":0.4,"route_id":"empty_route","weather_type":"storm"},"level":"info","message":"Executing modify_weather tool","service":"primalcode-mcp","timestamp":"2025-07-15T14:19:29.298Z"}
{"intensity":0.4,"level":"info","message":"Modified weather for route empty_route","newCondition":"storm","service":"primalcode-mcp","timestamp":"2025-07-15T14:19:29.298Z","weatherType":"storm"}
{"changeType":"weather_changed","level":"info","location":{"x":50,"y":50},"message":"Notified 0 monsters of environmental change","routeId":"empty_route","service":"primalcode-mcp","timestamp":"2025-07-15T14:19:29.298Z"}
{"level":"info","message":"Generated environment for route test_route","routeName":"Test Forest","service":"primalcode-mcp","timestamp":"2025-07-15T14:19:29.299Z"}
{"level":"info","message":"Generated aggressive_hunter shadow_wolf monster","monsterId":"monster_1","service":"primalcode-mcp","timestamp":"2025-07-15T14:19:29.299Z"}
{"args":{"intensity":0.2,"route_id":"test_route","weather_type":"rain"},"level":"info","message":"Executing modify_weather tool","service":"primalcode-mcp","timestamp":"2025-07-15T14:19:29.299Z"}
{"intensity":0.2,"level":"info","message":"Modified weather for route test_route","newCondition":"rain","service":"primalcode-mcp","timestamp":"2025-07-15T14:19:29.299Z","weatherType":"rain"}
{"changeType":"weather_changed","level":"info","location":{"x":50,"y":50},"message":"Notified 1 monsters of environmental change","routeId":"test_route","service":"primalcode-mcp","timestamp":"2025-07-15T14:19:29.299Z"}
{"level":"info","message":"Generated environment for route test_route","routeName":"Test Forest","service":"primalcode-mcp","timestamp":"2025-07-15T14:19:29.299Z"}
{"level":"info","message":"Generated aggressive_hunter shadow_wolf monster","monsterId":"monster_1","service":"primalcode-mcp","timestamp":"2025-07-15T14:19:29.299Z"}
{"args":{"intensity":0.9,"route_id":"test_route","weather_type":"heat"},"level":"info","message":"Executing modify_weather tool","service":"primalcode-mcp","timestamp":"2025-07-15T14:19:29.299Z"}
{"intensity":0.9,"level":"info","message":"Modified weather for route test_route","newCondition":"clear","service":"primalcode-mcp","timestamp":"2025-07-15T14:19:29.299Z","weatherType":"heat"}
{"changeType":"weather_changed","level":"info","location":{"x":50,"y":50},"message":"Notified 1 monsters of environmental change","routeId":"test_route","service":"primalcode-mcp","timestamp":"2025-07-15T14:19:29.300Z"}
{"level":"info","message":"Generated environment for route test_route","routeName":"Test Forest","service":"primalcode-mcp","timestamp":"2025-07-15T14:19:29.300Z"}
{"level":"info","message":"Generated aggressive_hunter shadow_wolf monster","monsterId":"monster_1","service":"primalcode-mcp","timestamp":"2025-07-15T14:19:29.300Z"}
{"args":{"intensity":0.6,"route_id":"test_route","weather_type":"rain"},"level":"info","message":"Executing modify_weather tool","service":"primalcode-mcp","timestamp":"2025-07-15T14:19:29.300Z"}
{"intensity":0.6,"level":"info","message":"Modified weather for route test_route","newCondition":"rain","service":"primalcode-mcp","timestamp":"2025-07-15T14:19:29.300Z","weatherType":"rain"}
{"changeType":"weather_changed","level":"info","location":{"x":50,"y":50},"message":"Notified 1 monsters of environmental change","routeId":"test_route","service":"primalcode-mcp","timestamp":"2025-07-15T14:19:29.301Z"}
{"level":"info","message":"Generated environment for route test_route","routeName":"Test Forest","service":"primalcode-mcp","timestamp":"2025-07-15T14:19:29.301Z"}
{"level":"info","message":"Generated aggressive_hunter shadow_wolf monster","monsterId":"monster_1","service":"primalcode-mcp","timestamp":"2025-07-15T14:19:29.301Z"}
{"args":{"intensity":0.5,"route_id":"test_route","weather_type":"normal"},"level":"info","message":"Executing modify_weather tool","service":"primalcode-mcp","timestamp":"2025-07-15T14:19:29.301Z"}
{"intensity":0.5,"level":"info","message":"Modified weather for route test_route","newCondition":"clear","service":"primalcode-mcp","timestamp":"2025-07-15T14:19:29.301Z","weatherType":"normal"}
{"changeType":"weather_changed","level":"info","location":{"x":50,"y":50},"message":"Notified 1 monsters of environmental change","routeId":"test_route","service":"primalcode-mcp","timestamp":"2025-07-15T14:19:29.301Z"}
{"level":"info","message":"Generated environment for route test_route","routeName":"Test Forest","service":"primalcode-mcp","timestamp":"2025-07-15T14:19:29.301Z"}
{"level":"info","message":"Generated aggressive_hunter shadow_wolf monster","monsterId":"monster_1","service":"primalcode-mcp","timestamp":"2025-07-15T14:19:29.301Z"}
{"args":{"intensity":0.7,"route_id":"test_route","weather_type":"rain"},"level":"info","message":"Executing modify_weather tool","service":"primalcode-mcp","timestamp":"2025-07-15T14:19:29.301Z"}
{"intensity":0.7,"level":"info","message":"Modified weather for route test_route","newCondition":"rain","service":"primalcode-mcp","timestamp":"2025-07-15T14:19:29.301Z","weatherType":"rain"}
{"changeType":"weather_changed","level":"info","location":{"x":50,"y":50},"message":"Notified 1 monsters of environmental change","routeId":"test_route","service":"primalcode-mcp","timestamp":"2025-07-15T14:19:29.302Z"}
{"level":"info","message":"Generated environment for route test_route","routeName":"Test Forest","service":"primalcode-mcp","timestamp":"2025-07-15T14:19:29.302Z"}
{"level":"info","message":"Generated aggressive_hunter shadow_wolf monster","monsterId":"monster_1","service":"primalcode-mcp","timestamp":"2025-07-15T14:19:29.302Z"}
{"level":"info","message":"Generated pack_leader ember_hawk monster","monsterId":"monster_2","service":"primalcode-mcp","timestamp":"2025-07-15T14:19:29.302Z"}
{"args":{"intensity":0.8,"route_id":"test_route","weather_type":"storm"},"level":"info","message":"Executing modify_weather tool","service":"primalcode-mcp","timestamp":"2025-07-15T14:19:29.302Z"}
{"intensity":0.8,"level":"info","message":"Modified weather for route test_route","newCondition":"storm","service":"primalcode-mcp","timestamp":"2025-07-15T14:19:29.302Z","weatherType":"storm"}
{"changeType":"weather_changed","level":"info","location":{"x":50,"y":50},"message":"Notified 2 monsters of environmental change","routeId":"test_route","service":"primalcode-mcp","timestamp":"2025-07-15T14:19:29.302Z"}
{"level":"info","message":"Generated environment for route test_route","routeName":"Test Forest","service":"primalcode-mcp","timestamp":"2025-07-15T14:20:41.435Z"}
{"level":"info","message":"Generated aggressive_hunter shadow_wolf monster","monsterId":"monster_1","service":"primalcode-mcp","timestamp":"2025-07-15T14:20:41.437Z"}
{"args":{"location":{"x":50,"y":50},"route_id":"test_route","shelter_type":"cave"},"level":"info","message":"Executing build_shelter tool","service":"primalcode-mcp","timestamp":"2025-07-15T14:20:41.437Z"}
{"capacity":4,"level":"info","location":{"x":50,"y":50},"message":"Built shelter in route test_route","service":"primalcode-mcp","shelterType":"cave","timestamp":"2025-07-15T14:20:41.437Z"}
{"changeType":"shelter_built","level":"info","location":{"x":50,"y":50},"message":"Notified 1 monsters of environmental change","routeId":"test_route","service":"primalcode-mcp","timestamp":"2025-07-15T14:20:41.438Z"}
{"level":"info","message":"Generated environment for route test_route","routeName":"Test Forest","service":"primalcode-mcp","timestamp":"2025-07-15T14:20:41.450Z"}
{"level":"info","message":"Generated aggressive_hunter shadow_wolf monster","monsterId":"monster_1","service":"primalcode-mcp","timestamp":"2025-07-15T14:20:41.450Z"}
{"args":{"location":{"x":30,"y":30},"route_id":"test_route","shelter_type":"burrow"},"level":"info","message":"Executing build_shelter tool","service":"primalcode-mcp","timestamp":"2025-07-15T14:20:41.450Z"}
{"capacity":2,"level":"info","location":{"x":30,"y":30},"message":"Built shelter in route test_route","service":"primalcode-mcp","shelterType":"burrow","timestamp":"2025-07-15T14:20:41.451Z"}
{"changeType":"shelter_built","level":"info","location":{"x":30,"y":30},"message":"Notified 1 monsters of environmental change","routeId":"test_route","service":"primalcode-mcp","timestamp":"2025-07-15T14:20:41.451Z"}
{"level":"info","message":"Generated environment for route test_route","routeName":"Test Forest","service":"primalcode-mcp","timestamp":"2025-07-15T14:20:41.451Z"}
{"level":"info","message":"Generated aggressive_hunter shadow_wolf monster","monsterId":"monster_1","service":"primalcode-mcp","timestamp":"2025-07-15T14:20:41.451Z"}
{"args":{"location":{"x":25,"y":25},"route_id":"test_route","shelter_type":"tree"},"level":"info","message":"Executing build_shelter tool","service":"primalcode-mcp","timestamp":"2025-07-15T14:20:41.451Z"}
{"capacity":2,"level":"info","location":{"x":25,"y":25},"message":"Built shelter in route test_route","service":"primalcode-mcp","shelterType":"tree","timestamp":"2025-07-15T14:20:41.451Z"}
{"changeType":"shelter_built","level":"info","location":{"x":25,"y":25},"message":"Notified 1 monsters of environmental change","routeId":"test_route","service":"primalcode-mcp","timestamp":"2025-07-15T14:20:41.451Z"}
{"level":"info","message":"Generated environment for route test_route","routeName":"Test Forest","service":"primalcode-mcp","timestamp":"2025-07-15T14:20:41.452Z"}
{"level":"info","message":"Generated aggressive_hunter shadow_wolf monster","monsterId":"monster_1","service":"primalcode-mcp","timestamp":"2025-07-15T14:20:41.452Z"}
{"args":{"location":{"x":60,"y":60},"route_id":"test_route","shelter_type":"rock"},"level":"info","message":"Executing build_shelter tool","service":"primalcode-mcp","timestamp":"2025-07-15T14:20:41.452Z"}
{"capacity":2,"level":"info","location":{"x":60,"y":60},"message":"Built shelter in route test_route","service":"primalcode-mcp","shelterType":"rock","timestamp":"2025-07-15T14:20:41.452Z"}
{"changeType":"shelter_built","level":"info","location":{"x":60,"y":60},"message":"Notified 1 monsters of environmental change","routeId":"test_route","service":"primalcode-mcp","timestamp":"2025-07-15T14:20:41.452Z"}
{"level":"info","message":"Generated environment for route test_route","routeName":"Test Forest","service":"primalcode-mcp","timestamp":"2025-07-15T14:20:41.452Z"}
{"level":"info","message":"Generated aggressive_hunter shadow_wolf monster","monsterId":"monster_1","service":"primalcode-mcp","timestamp":"2025-07-15T14:20:41.452Z"}
{"level":"info","message":"Generated cautious_forager wind_stag monster","monsterId":"monster_2","service":"primalcode-mcp","timestamp":"2025-07-15T14:20:41.452Z"}
{"args":{"location":{"x":20,"y":20},"route_id":"test_route","shelter_type":"burrow"},"level":"info","message":"Executing build_shelter tool","service":"primalcode-mcp","timestamp":"2025-07-15T14:20:41.452Z"}
{"capacity":3,"level":"info","location":{"x":20,"y":20},"message":"Built shelter in route test_route","service":"primalcode-mcp","shelterType":"burrow","timestamp":"2025-07-15T14:20:41.452Z"}
{"changeType":"shelter_built","level":"info","location":{"x":20,"y":20},"message":"Notified 2 monsters of environmental change","routeId":"test_route","service":"primalcode-mcp","timestamp":"2025-07-15T14:20:41.452Z"}
{"level":"info","message":"Generated environment for route test_route","routeName":"Test Forest","service":"primalcode-mcp","timestamp":"2025-07-15T14:20:41.453Z"}
{"level":"info","message":"Generated aggressive_hunter shadow_wolf monster","monsterId":"monster_1","service":"primalcode-mcp","timestamp":"2025-07-15T14:20:41.453Z"}
{"level":"info","message":"Generated pack_leader frost_bear monster","monsterId":"monster_2","service":"primalcode-mcp","timestamp":"2025-07-15T14:20:41.453Z"}
{"args":{"location":{"x":25,"y":25},"route_id":"test_route","shelter_type":"cave"},"level":"info","message":"Executing build_shelter tool","service":"primalcode-mcp","timestamp":"2025-07-15T14:20:41.453Z"}
{"capacity":4,"level":"info","location":{"x":25,"y":25},"message":"Built shelter in route test_route","service":"primalcode-mcp","shelterType":"cave","timestamp":"2025-07-15T14:20:41.453Z"}
{"changeType":"shelter_built","level":"info","location":{"x":25,"y":25},"message":"Notified 2 monsters of environmental change","routeId":"test_route","service":"primalcode-mcp","timestamp":"2025-07-15T14:20:41.453Z"}
{"level":"info","message":"Generated environment for route test_route","routeName":"Test Forest","service":"primalcode-mcp","timestamp":"2025-07-15T14:20:41.453Z"}
{"level":"info","message":"Generated aggressive_hunter shadow_wolf monster","monsterId":"monster_1","service":"primalcode-mcp","timestamp":"2025-07-15T14:20:41.453Z"}
{"args":{"location":{"x":10,"y":10},"route_id":"test_route","shelter_type":"cave"},"level":"info","message":"Executing build_shelter tool","service":"primalcode-mcp","timestamp":"2025-07-15T14:20:41.453Z"}
{"capacity":2,"level":"info","location":{"x":10,"y":10},"message":"Built shelter in route test_route","service":"primalcode-mcp","shelterType":"cave","timestamp":"2025-07-15T14:20:41.453Z"}
{"changeType":"shelter_built","level":"info","location":{"x":10,"y":10},"message":"Notified 1 monsters of environmental change","routeId":"test_route","service":"primalcode-mcp","timestamp":"2025-07-15T14:20:41.454Z"}
{"level":"info","message":"Generated environment for route test_route","routeName":"Test Forest","service":"primalcode-mcp","timestamp":"2025-07-15T14:20:41.454Z"}
{"level":"info","message":"Generated aggressive_hunter shadow_wolf monster","monsterId":"monster_1","service":"primalcode-mcp","timestamp":"2025-07-15T14:20:41.454Z"}
{"level":"info","message":"Generated cautious_forager ember_hawk monster","monsterId":"monster_2","service":"primalcode-mcp","timestamp":"2025-07-15T14:20:41.454Z"}
{"args":{"location":{"x":25,"y":25},"route_id":"test_route","shelter_type":"burrow"},"level":"info","message":"Executing build_shelter tool","service":"primalcode-mcp","timestamp":"2025-07-15T14:20:41.454Z"}
{"capacity":2,"level":"info","location":{"x":25,"y":25},"message":"Built shelter in route test_route","service":"primalcode-mcp","shelterType":"burrow","timestamp":"2025-07-15T14:20:41.454Z"}
{"changeType":"shelter_built","level":"info","location":{"x":25,"y":25},"message":"Notified 2 monsters of environmental change","routeId":"test_route","service":"primalcode-mcp","timestamp":"2025-07-15T14:20:41.454Z"}
{"level":"info","message":"Generated environment for route test_route","routeName":"Test Forest","service":"primalcode-mcp","timestamp":"2025-07-15T14:20:41.455Z"}
{"level":"info","message":"Generated aggressive_hunter shadow_wolf monster","monsterId":"monster_1","service":"primalcode-mcp","timestamp":"2025-07-15T14:20:41.455Z"}
{"args":{"location":{"x":40,"y":40},"route_id":"test_route","shelter_type":"tree"},"level":"info","message":"Executing build_shelter tool","service":"primalcode-mcp","timestamp":"2025-07-15T14:20:41.455Z"}
{"capacity":4,"level":"info","location":{"x":40,"y":40},"message":"Built shelter in route test_route","service":"primalcode-mcp","shelterType":"tree","timestamp":"2025-07-15T14:20:41.455Z"}
{"changeType":"shelter_built","level":"info","location":{"x":40,"y":40},"message":"Notified 1 monsters of environmental change","routeId":"test_route","service":"primalcode-mcp","timestamp":"2025-07-15T14:20:41.455Z"}
{"level":"info","message":"Generated environment for route test_route","routeName":"Test Forest","service":"primalcode-mcp","timestamp":"2025-07-15T14:20:41.455Z"}
{"level":"info","message":"Generated aggressive_hunter shadow_wolf monster","monsterId":"monster_1","service":"primalcode-mcp","timestamp":"2025-07-15T14:20:41.455Z"}
{"args":{"location":{"x":35,"y":35},"route_id":"test_route","shelter_type":"cave"},"level":"info","message":"Executing build_shelter tool","service":"primalcode-mcp","timestamp":"2025-07-15T14:20:41.455Z"}
{"capacity":4,"level":"info","location":{"x":35,"y":35},"message":"Built shelter in route test_route","service":"primalcode-mcp","shelterType":"cave","timestamp":"2025-07-15T14:20:41.455Z"}
{"changeType":"shelter_built","level":"info","location":{"x":35,"y":35},"message":"Notified 1 monsters of environmental change","routeId":"test_route","service":"primalcode-mcp","timestamp":"2025-07-15T14:20:41.455Z"}
{"level":"info","message":"Generated environment for route test_route","routeName":"Test Forest","service":"primalcode-mcp","timestamp":"2025-07-15T14:20:41.455Z"}
{"level":"info","message":"Generated aggressive_hunter shadow_wolf monster","monsterId":"monster_1","service":"primalcode-mcp","timestamp":"2025-07-15T14:20:41.456Z"}
{"args":{"location":{"x":50,"y":50},"route_id":"invalid_route","shelter_type":"cave"},"level":"info","message":"Executing build_shelter tool","service":"primalcode-mcp","timestamp":"2025-07-15T14:20:41.456Z"}
{"args":{"location":{"x":50,"y":50},"route_id":"invalid_route","shelter_type":"cave"},"error":{},"level":"error","message":"Error executing build_shelter tool","service":"primalcode-mcp","timestamp":"2025-07-15T14:20:41.456Z"}
{"level":"info","message":"Generated environment for route test_route","routeName":"Test Forest","service":"primalcode-mcp","timestamp":"2025-07-15T14:20:41.456Z"}
{"level":"info","message":"Generated aggressive_hunter shadow_wolf monster","monsterId":"monster_1","service":"primalcode-mcp","timestamp":"2025-07-15T14:20:41.456Z"}
{"args":{"location":{"x":50},"route_id":"test_route","shelter_type":"cave"},"level":"info","message":"Executing build_shelter tool","service":"primalcode-mcp","timestamp":"2025-07-15T14:20:41.456Z"}
{"args":{"location":{"x":50},"route_id":"test_route","shelter_type":"cave"},"error":{},"level":"error","message":"Error executing build_shelter tool","service":"primalcode-mcp","timestamp":"2025-07-15T14:20:41.456Z"}
{"level":"info","message":"Generated environment for route test_route","routeName":"Test Forest","service":"primalcode-mcp","timestamp":"2025-07-15T14:20:41.458Z"}
{"level":"info","message":"Generated aggressive_hunter shadow_wolf monster","monsterId":"monster_1","service":"primalcode-mcp","timestamp":"2025-07-15T14:20:41.458Z"}
{"level":"info","message":"Generated environment for route empty_route","routeName":"Empty Forest","service":"primalcode-mcp","timestamp":"2025-07-15T14:20:41.458Z"}
{"args":{"location":{"x":50,"y":50},"route_id":"empty_route","shelter_type":"cave"},"level":"info","message":"Executing build_shelter tool","service":"primalcode-mcp","timestamp":"2025-07-15T14:20:41.458Z"}
{"capacity":4,"level":"info","location":{"x":50,"y":50},"message":"Built shelter in route empty_route","service":"primalcode-mcp","shelterType":"cave","timestamp":"2025-07-15T14:20:41.458Z"}
{"changeType":"shelter_built","level":"info","location":{"x":50,"y":50},"message":"Notified 0 monsters of environmental change","routeId":"empty_route","service":"primalcode-mcp","timestamp":"2025-07-15T14:20:41.458Z"}
{"level":"info","message":"Generated environment for route test_route","routeName":"Test Forest","service":"primalcode-mcp","timestamp":"2025-07-15T14:20:41.459Z"}
{"level":"info","message":"Generated aggressive_hunter shadow_wolf monster","monsterId":"monster_1","service":"primalcode-mcp","timestamp":"2025-07-15T14:20:41.459Z"}
{"args":{"location":{"x":45,"y":45},"route_id":"test_route","shelter_type":"burrow"},"level":"info","message":"Executing build_shelter tool","service":"primalcode-mcp","timestamp":"2025-07-15T14:20:41.459Z"}
{"capacity":2,"level":"info","location":{"x":45,"y":45},"message":"Built shelter in route test_route","service":"primalcode-mcp","shelterType":"burrow","timestamp":"2025-07-15T14:20:41.459Z"}
{"changeType":"shelter_built","level":"info","location":{"x":45,"y":45},"message":"Notified 1 monsters of environmental change","routeId":"test_route","service":"primalcode-mcp","timestamp":"2025-07-15T14:20:41.459Z"}
{"level":"info","message":"Generated environment for route test_route","routeName":"Test Forest","service":"primalcode-mcp","timestamp":"2025-07-15T14:20:41.459Z"}
{"level":"info","message":"Generated aggressive_hunter shadow_wolf monster","monsterId":"monster_1","service":"primalcode-mcp","timestamp":"2025-07-15T14:20:41.459Z"}
{"args":{"location":{"x":50,"y":50},"route_id":"test_route","shelter_type":"cave"},"level":"info","message":"Executing build_shelter tool","service":"primalcode-mcp","timestamp":"2025-07-15T14:20:41.460Z"}
{"capacity":4,"level":"info","location":{"x":50,"y":50},"message":"Built shelter in route test_route","service":"primalcode-mcp","shelterType":"cave","timestamp":"2025-07-15T14:20:41.460Z"}
{"changeType":"shelter_built","level":"info","location":{"x":50,"y":50},"message":"Notified 1 monsters of environmental change","routeId":"test_route","service":"primalcode-mcp","timestamp":"2025-07-15T14:20:41.460Z"}
{"level":"info","message":"Generated environment for route test_route","routeName":"Test Forest","service":"primalcode-mcp","timestamp":"2025-07-15T14:20:41.460Z"}
{"level":"info","message":"Generated aggressive_hunter shadow_wolf monster","monsterId":"monster_1","service":"primalcode-mcp","timestamp":"2025-07-15T14:20:41.460Z"}
{"args":{"location":{"x":40,"y":40},"route_id":"test_route","shelter_type":"rock"},"level":"info","message":"Executing build_shelter tool","service":"primalcode-mcp","timestamp":"2025-07-15T14:20:41.460Z"}
{"capacity":4,"level":"info","location":{"x":40,"y":40},"message":"Built shelter in route test_route","service":"primalcode-mcp","shelterType":"rock","timestamp":"2025-07-15T14:20:41.460Z"}
{"changeType":"shelter_built","level":"info","location":{"x":40,"y":40},"message":"Notified 1 monsters of environmental change","routeId":"test_route","service":"primalcode-mcp","timestamp":"2025-07-15T14:20:41.460Z"}
{"level":"info","message":"Generated environment for route test_route","routeName":"Test Forest","service":"primalcode-mcp","timestamp":"2025-07-15T14:20:41.461Z"}
{"level":"info","message":"Generated aggressive_hunter shadow_wolf monster","monsterId":"monster_1","service":"primalcode-mcp","timestamp":"2025-07-15T14:20:41.461Z"}
{"level":"info","message":"Generated aggressive_hunter stone_serpent monster","monsterId":"monster_2","service":"primalcode-mcp","timestamp":"2025-07-15T14:20:41.461Z"}
{"args":{"location":{"x":35,"y":35},"route_id":"test_route","shelter_type":"tree"},"level":"info","message":"Executing build_shelter tool","service":"primalcode-mcp","timestamp":"2025-07-15T14:20:41.461Z"}
{"capacity":4,"level":"info","location":{"x":35,"y":35},"message":"Built shelter in route test_route","service":"primalcode-mcp","shelterType":"tree","timestamp":"2025-07-15T14:20:41.461Z"}
{"changeType":"shelter_built","level":"info","location":{"x":35,"y":35},"message":"Notified 2 monsters of environmental change","routeId":"test_route","service":"primalcode-mcp","timestamp":"2025-07-15T14:20:41.461Z"}
{"level":"info","message":"Generated environment for route test_route","routeName":"Test Forest","service":"primalcode-mcp","timestamp":"2025-07-15T14:20:41.461Z"}
{"level":"info","message":"Generated aggressive_hunter shadow_wolf monster","monsterId":"monster_1","service":"primalcode-mcp","timestamp":"2025-07-15T14:20:41.461Z"}
{"level":"info","message":"Generated cautious_forager wind_stag monster","monsterId":"monster_2","service":"primalcode-mcp","timestamp":"2025-07-15T14:20:41.461Z"}
{"level":"info","message":"Generated cautious_forager wind_stag monster","monsterId":"monster_3","service":"primalcode-mcp","timestamp":"2025-07-15T14:20:41.461Z"}
{"level":"info","message":"Generated cautious_forager wind_stag monster","monsterId":"monster_4","service":"primalcode-mcp","timestamp":"2025-07-15T14:20:41.461Z"}
{"level":"info","message":"Generated cautious_forager wind_stag monster","monsterId":"monster_5","service":"primalcode-mcp","timestamp":"2025-07-15T14:20:41.461Z"}
{"level":"info","message":"Generated cautious_forager wind_stag monster","monsterId":"monster_6","service":"primalcode-mcp","timestamp":"2025-07-15T14:20:41.461Z"}
{"level":"info","message":"Generated cautious_forager wind_stag monster","monsterId":"monster_7","service":"primalcode-mcp","timestamp":"2025-07-15T14:20:41.461Z"}
{"args":{"location":{"x":25,"y":25},"route_id":"test_route","shelter_type":"cave"},"level":"info","message":"Executing build_shelter tool","service":"primalcode-mcp","timestamp":"2025-07-15T14:20:41.461Z"}
{"capacity":3,"level":"info","location":{"x":25,"y":25},"message":"Built shelter in route test_route","service":"primalcode-mcp","shelterType":"cave","timestamp":"2025-07-15T14:20:41.461Z"}
{"changeType":"shelter_built","level":"info","location":{"x":25,"y":25},"message":"Notified 7 monsters of environmental change","routeId":"test_route","service":"primalcode-mcp","timestamp":"2025-07-15T14:20:41.461Z"}
{"level":"info","message":"Generated environment for route test_route","routeName":"Test Forest","service":"primalcode-mcp","timestamp":"2025-07-15T14:20:41.461Z"}
{"level":"info","message":"Generated aggressive_hunter shadow_wolf monster","monsterId":"monster_1","service":"primalcode-mcp","timestamp":"2025-07-15T14:20:41.461Z"}
{"args":{"location":{"x":55,"y":55},"route_id":"test_route","shelter_type":"burrow"},"level":"info","message":"Executing build_shelter tool","service":"primalcode-mcp","timestamp":"2025-07-15T14:20:41.461Z"}
{"capacity":2,"level":"info","location":{"x":55,"y":55},"message":"Built shelter in route test_route","service":"primalcode-mcp","shelterType":"burrow","timestamp":"2025-07-15T14:20:41.461Z"}
{"changeType":"shelter_built","level":"info","location":{"x":55,"y":55},"message":"Notified 1 monsters of environmental change","routeId":"test_route","service":"primalcode-mcp","timestamp":"2025-07-15T14:20:41.462Z"}
{"level":"info","message":"Generated environment for route test_route","routeName":"Test Forest","service":"primalcode-mcp","timestamp":"2025-07-15T14:20:48.899Z"}
{"level":"info","message":"Generated aggressive_hunter shadow_wolf monster","monsterId":"monster_1","service":"primalcode-mcp","timestamp":"2025-07-15T14:20:48.915Z"}
{"args":{"intensity":0.7,"route_id":"test_route","weather_type":"rain"},"level":"info","message":"Executing modify_weather tool","service":"primalcode-mcp","timestamp":"2025-07-15T14:20:48.916Z"}
{"intensity":0.7,"level":"info","message":"Modified weather for route test_route","newCondition":"rain","service":"primalcode-mcp","timestamp":"2025-07-15T14:20:48.916Z","weatherType":"rain"}
{"changeType":"weather_changed","level":"info","location":{"x":50,"y":50},"message":"Notified 1 monsters of environmental change","routeId":"test_route","service":"primalcode-mcp","timestamp":"2025-07-15T14:20:48.917Z"}
{"level":"info","message":"Generated environment for route test_route","routeName":"Test Forest","service":"primalcode-mcp","timestamp":"2025-07-15T14:20:48.944Z"}
{"level":"info","message":"Generated aggressive_hunter shadow_wolf monster","monsterId":"monster_1","service":"primalcode-mcp","timestamp":"2025-07-15T14:20:48.944Z"}
{"args":{"intensity":0.8,"route_id":"test_route","weather_type":"heat"},"level":"info","message":"Executing modify_weather tool","service":"primalcode-mcp","timestamp":"2025-07-15T14:20:48.944Z"}
{"intensity":0.8,"level":"info","message":"Modified weather for route test_route","newCondition":"clear","service":"primalcode-mcp","timestamp":"2025-07-15T14:20:48.944Z","weatherType":"heat"}
{"changeType":"weather_changed","level":"info","location":{"x":50,"y":50},"message":"Notified 1 monsters of environmental change","routeId":"test_route","service":"primalcode-mcp","timestamp":"2025-07-15T14:20:48.946Z"}
{"level":"info","message":"Generated environment for route test_route","routeName":"Test Forest","service":"primalcode-mcp","timestamp":"2025-07-15T14:20:48.946Z"}
{"level":"info","message":"Generated aggressive_hunter shadow_wolf monster","monsterId":"monster_1","service":"primalcode-mcp","timestamp":"2025-07-15T14:20:48.947Z"}
{"args":{"intensity":0.9,"route_id":"test_route","weather_type":"storm"},"level":"info","message":"Executing modify_weather tool","service":"primalcode-mcp","timestamp":"2025-07-15T14:20:48.947Z"}
{"intensity":0.9,"level":"info","message":"Modified weather for route test_route","newCondition":"storm","service":"primalcode-mcp","timestamp":"2025-07-15T14:20:48.947Z","weatherType":"storm"}
{"changeType":"weather_changed","level":"info","location":{"x":50,"y":50},"message":"Notified 1 monsters of environmental change","routeId":"test_route","service":"primalcode-mcp","timestamp":"2025-07-15T14:20:48.947Z"}
{"level":"info","message":"Generated environment for route test_route","routeName":"Test Forest","service":"primalcode-mcp","timestamp":"2025-07-15T14:20:48.948Z"}
{"level":"info","message":"Generated aggressive_hunter shadow_wolf monster","monsterId":"monster_1","service":"primalcode-mcp","timestamp":"2025-07-15T14:20:48.948Z"}
{"level":"info","message":"Generated cautious_forager wind_stag monster","monsterId":"monster_2","service":"primalcode-mcp","timestamp":"2025-07-15T14:20:48.948Z"}
{"args":{"intensity":0.6,"route_id":"test_route","weather_type":"rain"},"level":"info","message":"Executing modify_weather tool","service":"primalcode-mcp","timestamp":"2025-07-15T14:20:48.948Z"}
{"intensity":0.6,"level":"info","message":"Modified weather for route test_route","newCondition":"rain","service":"primalcode-mcp","timestamp":"2025-07-15T14:20:48.948Z","weatherType":"rain"}
{"changeType":"weather_changed","level":"info","location":{"x":50,"y":50},"message":"Notified 2 monsters of environmental change","routeId":"test_route","service":"primalcode-mcp","timestamp":"2025-07-15T14:20:48.948Z"}
{"level":"info","message":"Generated environment for route test_route","routeName":"Test Forest","service":"primalcode-mcp","timestamp":"2025-07-15T14:20:48.948Z"}
{"level":"info","message":"Generated aggressive_hunter shadow_wolf monster","monsterId":"monster_1","service":"primalcode-mcp","timestamp":"2025-07-15T14:20:48.949Z"}
{"level":"info","message":"Generated pack_leader frost_bear monster","monsterId":"monster_2","service":"primalcode-mcp","timestamp":"2025-07-15T14:20:48.949Z"}
{"args":{"intensity":0.8,"route_id":"test_route","weather_type":"storm"},"level":"info","message":"Executing modify_weather tool","service":"primalcode-mcp","timestamp":"2025-07-15T14:20:48.949Z"}
{"intensity":0.8,"level":"info","message":"Modified weather for route test_route","newCondition":"storm","service":"primalcode-mcp","timestamp":"2025-07-15T14:20:48.949Z","weatherType":"storm"}
{"changeType":"weather_changed","level":"info","location":{"x":50,"y":50},"message":"Notified 2 monsters of environmental change","routeId":"test_route","service":"primalcode-mcp","timestamp":"2025-07-15T14:20:48.949Z"}
{"level":"info","message":"Generated environment for route test_route","routeName":"Test Forest","service":"primalcode-mcp","timestamp":"2025-07-15T14:20:48.960Z"}
{"level":"info","message":"Generated aggressive_hunter shadow_wolf monster","monsterId":"monster_1","service":"primalcode-mcp","timestamp":"2025-07-15T14:20:48.960Z"}
{"args":{"intensity":0.5,"route_id":"test_route","weather_type":"rain"},"level":"info","message":"Executing modify_weather tool","service":"primalcode-mcp","timestamp":"2025-07-15T14:20:48.960Z"}
{"intensity":0.5,"level":"info","message":"Modified weather for route test_route","newCondition":"rain","service":"primalcode-mcp","timestamp":"2025-07-15T14:20:48.961Z","weatherType":"rain"}
{"changeType":"weather_changed","level":"info","location":{"x":50,"y":50},"message":"Notified 1 monsters of environmental change","routeId":"test_route","service":"primalcode-mcp","timestamp":"2025-07-15T14:20:48.961Z"}
{"level":"info","message":"Generated environment for route test_route","routeName":"Test Forest","service":"primalcode-mcp","timestamp":"2025-07-15T14:20:48.962Z"}
{"level":"info","message":"Generated aggressive_hunter shadow_wolf monster","monsterId":"monster_1","service":"primalcode-mcp","timestamp":"2025-07-15T14:20:48.963Z"}
{"args":{"intensity":0.9,"route_id":"test_route","weather_type":"heat"},"level":"info","message":"Executing modify_weather tool","service":"primalcode-mcp","timestamp":"2025-07-15T14:20:48.963Z"}
{"intensity":0.9,"level":"info","message":"Modified weather for route test_route","newCondition":"clear","service":"primalcode-mcp","timestamp":"2025-07-15T14:20:48.963Z","weatherType":"heat"}
{"changeType":"weather_changed","level":"info","location":{"x":50,"y":50},"message":"Notified 1 monsters of environmental change","routeId":"test_route","service":"primalcode-mcp","timestamp":"2025-07-15T14:20:48.963Z"}
{"level":"info","message":"Generated environment for route test_route","routeName":"Test Forest","service":"primalcode-mcp","timestamp":"2025-07-15T14:20:48.963Z"}
{"level":"info","message":"Generated aggressive_hunter shadow_wolf monster","monsterId":"monster_1","service":"primalcode-mcp","timestamp":"2025-07-15T14:20:48.964Z"}
{"args":{"intensity":0.5,"route_id":"invalid_route","weather_type":"rain"},"level":"info","message":"Executing modify_weather tool","service":"primalcode-mcp","timestamp":"2025-07-15T14:20:48.964Z"}
{"args":{"intensity":0.5,"route_id":"invalid_route","weather_type":"rain"},"error":{},"level":"error","message":"Error executing modify_weather tool","service":"primalcode-mcp","timestamp":"2025-07-15T14:20:48.964Z"}
{"level":"info","message":"Generated environment for route test_route","routeName":"Test Forest","service":"primalcode-mcp","timestamp":"2025-07-15T14:20:48.964Z"}
{"level":"info","message":"Generated aggressive_hunter shadow_wolf monster","monsterId":"monster_1","service":"primalcode-mcp","timestamp":"2025-07-15T14:20:48.964Z"}
{"args":{"intensity":1.5,"route_id":"test_route","weather_type":"rain"},"level":"info","message":"Executing modify_weather tool","service":"primalcode-mcp","timestamp":"2025-07-15T14:20:48.964Z"}
{"args":{"intensity":1.5,"route_id":"test_route","weather_type":"rain"},"error":{},"level":"error","message":"Error executing modify_weather tool","service":"primalcode-mcp","timestamp":"2025-07-15T14:20:48.965Z"}
{"level":"info","message":"Generated environment for route test_route","routeName":"Test Forest","service":"primalcode-mcp","timestamp":"2025-07-15T14:20:48.965Z"}
{"level":"info","message":"Generated aggressive_hunter shadow_wolf monster","monsterId":"monster_1","service":"primalcode-mcp","timestamp":"2025-07-15T14:20:48.965Z"}
{"level":"info","message":"Generated environment for route empty_route","routeName":"Empty Forest","service":"primalcode-mcp","timestamp":"2025-07-15T14:20:48.965Z"}
{"args":{"intensity":0.4,"route_id":"empty_route","weather_type":"storm"},"level":"info","message":"Executing modify_weather tool","service":"primalcode-mcp","timestamp":"2025-07-15T14:20:48.965Z"}
{"intensity":0.4,"level":"info","message":"Modified weather for route empty_route","newCondition":"storm","service":"primalcode-mcp","timestamp":"2025-07-15T14:20:48.965Z","weatherType":"storm"}
{"changeType":"weather_changed","level":"info","location":{"x":50,"y":50},"message":"Notified 0 monsters of environmental change","routeId":"empty_route","service":"primalcode-mcp","timestamp":"2025-07-15T14:20:48.965Z"}
{"level":"info","message":"Generated environment for route test_route","routeName":"Test Forest","service":"primalcode-mcp","timestamp":"2025-07-15T14:20:48.966Z"}
{"level":"info","message":"Generated aggressive_hunter shadow_wolf monster","monsterId":"monster_1","service":"primalcode-mcp","timestamp":"2025-07-15T14:20:48.966Z"}
{"args":{"intensity":0.2,"route_id":"test_route","weather_type":"rain"},"level":"info","message":"Executing modify_weather tool","service":"primalcode-mcp","timestamp":"2025-07-15T14:20:48.966Z"}
{"intensity":0.2,"level":"info","message":"Modified weather for route test_route","newCondition":"rain","service":"primalcode-mcp","timestamp":"2025-07-15T14:20:48.966Z","weatherType":"rain"}
{"changeType":"weather_changed","level":"info","location":{"x":50,"y":50},"message":"Notified 1 monsters of environmental change","routeId":"test_route","service":"primalcode-mcp","timestamp":"2025-07-15T14:20:48.966Z"}
{"level":"info","message":"Generated environment for route test_route","routeName":"Test Forest","service":"primalcode-mcp","timestamp":"2025-07-15T14:20:48.966Z"}
{"level":"info","message":"Generated aggressive_hunter shadow_wolf monster","monsterId":"monster_1","service":"primalcode-mcp","timestamp":"2025-07-15T14:20:48.966Z"}
{"args":{"intensity":0.9,"route_id":"test_route","weather_type":"heat"},"level":"info","message":"Executing modify_weather tool","service":"primalcode-mcp","timestamp":"2025-07-15T14:20:48.966Z"}
{"intensity":0.9,"level":"info","message":"Modified weather for route test_route","newCondition":"clear","service":"primalcode-mcp","timestamp":"2025-07-15T14:20:48.966Z","weatherType":"heat"}
{"changeType":"weather_changed","level":"info","location":{"x":50,"y":50},"message":"Notified 1 monsters of environmental change","routeId":"test_route","service":"primalcode-mcp","timestamp":"2025-07-15T14:20:48.966Z"}
{"level":"info","message":"Generated environment for route test_route","routeName":"Test Forest","service":"primalcode-mcp","timestamp":"2025-07-15T14:20:48.967Z"}
{"level":"info","message":"Generated aggressive_hunter shadow_wolf monster","monsterId":"monster_1","service":"primalcode-mcp","timestamp":"2025-07-15T14:20:48.967Z"}
{"args":{"intensity":0.6,"route_id":"test_route","weather_type":"rain"},"level":"info","message":"Executing modify_weather tool","service":"primalcode-mcp","timestamp":"2025-07-15T14:20:48.968Z"}
{"intensity":0.6,"level":"info","message":"Modified weather for route test_route","newCondition":"rain","service":"primalcode-mcp","timestamp":"2025-07-15T14:20:48.968Z","weatherType":"rain"}
{"changeType":"weather_changed","level":"info","location":{"x":50,"y":50},"message":"Notified 1 monsters of environmental change","routeId":"test_route","service":"primalcode-mcp","timestamp":"2025-07-15T14:20:48.968Z"}
{"level":"info","message":"Generated environment for route test_route","routeName":"Test Forest","service":"primalcode-mcp","timestamp":"2025-07-15T14:20:48.969Z"}
{"level":"info","message":"Generated aggressive_hunter shadow_wolf monster","monsterId":"monster_1","service":"primalcode-mcp","timestamp":"2025-07-15T14:20:48.969Z"}
{"args":{"intensity":0.5,"route_id":"test_route","weather_type":"normal"},"level":"info","message":"Executing modify_weather tool","service":"primalcode-mcp","timestamp":"2025-07-15T14:20:48.969Z"}
{"intensity":0.5,"level":"info","message":"Modified weather for route test_route","newCondition":"clear","service":"primalcode-mcp","timestamp":"2025-07-15T14:20:48.969Z","weatherType":"normal"}
{"changeType":"weather_changed","level":"info","location":{"x":50,"y":50},"message":"Notified 1 monsters of environmental change","routeId":"test_route","service":"primalcode-mcp","timestamp":"2025-07-15T14:20:48.969Z"}
{"level":"info","message":"Generated environment for route test_route","routeName":"Test Forest","service":"primalcode-mcp","timestamp":"2025-07-15T14:20:48.969Z"}
{"level":"info","message":"Generated aggressive_hunter shadow_wolf monster","monsterId":"monster_1","service":"primalcode-mcp","timestamp":"2025-07-15T14:20:48.969Z"}
{"args":{"intensity":0.7,"route_id":"test_route","weather_type":"rain"},"level":"info","message":"Executing modify_weather tool","service":"primalcode-mcp","timestamp":"2025-07-15T14:20:48.969Z"}
{"intensity":0.7,"level":"info","message":"Modified weather for route test_route","newCondition":"rain","service":"primalcode-mcp","timestamp":"2025-07-15T14:20:48.969Z","weatherType":"rain"}
{"changeType":"weather_changed","level":"info","location":{"x":50,"y":50},"message":"Notified 1 monsters of environmental change","routeId":"test_route","service":"primalcode-mcp","timestamp":"2025-07-15T14:20:48.969Z"}
{"level":"info","message":"Generated environment for route test_route","routeName":"Test Forest","service":"primalcode-mcp","timestamp":"2025-07-15T14:20:48.970Z"}
{"level":"info","message":"Generated aggressive_hunter shadow_wolf monster","monsterId":"monster_1","service":"primalcode-mcp","timestamp":"2025-07-15T14:20:48.970Z"}
{"level":"info","message":"Generated pack_leader ember_hawk monster","monsterId":"monster_2","service":"primalcode-mcp","timestamp":"2025-07-15T14:20:48.970Z"}
{"args":{"intensity":0.8,"route_id":"test_route","weather_type":"storm"},"level":"info","message":"Executing modify_weather tool","service":"primalcode-mcp","timestamp":"2025-07-15T14:20:48.970Z"}
{"intensity":0.8,"level":"info","message":"Modified weather for route test_route","newCondition":"storm","service":"primalcode-mcp","timestamp":"2025-07-15T14:20:48.970Z","weatherType":"storm"}
{"changeType":"weather_changed","level":"info","location":{"x":50,"y":50},"message":"Notified 2 monsters of environmental change","routeId":"test_route","service":"primalcode-mcp","timestamp":"2025-07-15T14:20:48.970Z"}
{"level":"info","message":"Generated environment for route test_route","routeName":"Test Forest","service":"primalcode-mcp","timestamp":"2025-07-15T14:20:48.981Z"}
{"level":"info","message":"Generated aggressive_hunter shadow_wolf monster","monsterId":"monster_1","service":"primalcode-mcp","timestamp":"2025-07-15T14:20:48.984Z"}
{"args":{"location":{"x":50,"y":50},"route_id":"test_route","shelter_type":"cave"},"level":"info","message":"Executing build_shelter tool","service":"primalcode-mcp","timestamp":"2025-07-15T14:20:48.985Z"}
{"capacity":4,"level":"info","location":{"x":50,"y":50},"message":"Built shelter in route test_route","service":"primalcode-mcp","shelterType":"cave","timestamp":"2025-07-15T14:20:48.986Z"}
{"changeType":"shelter_built","level":"info","location":{"x":50,"y":50},"message":"Notified 1 monsters of environmental change","routeId":"test_route","service":"primalcode-mcp","timestamp":"2025-07-15T14:20:48.987Z"}
{"level":"info","message":"Generated environment for route test_route","routeName":"Test Forest","service":"primalcode-mcp","timestamp":"2025-07-15T14:20:49.002Z"}
{"level":"info","message":"Generated aggressive_hunter shadow_wolf monster","monsterId":"monster_1","service":"primalcode-mcp","timestamp":"2025-07-15T14:20:49.002Z"}
{"args":{"location":{"x":30,"y":30},"route_id":"test_route","shelter_type":"burrow"},"level":"info","message":"Executing build_shelter tool","service":"primalcode-mcp","timestamp":"2025-07-15T14:20:49.002Z"}
{"capacity":2,"level":"info","location":{"x":30,"y":30},"message":"Built shelter in route test_route","service":"primalcode-mcp","shelterType":"burrow","timestamp":"2025-07-15T14:20:49.002Z"}
{"changeType":"shelter_built","level":"info","location":{"x":30,"y":30},"message":"Notified 1 monsters of environmental change","routeId":"test_route","service":"primalcode-mcp","timestamp":"2025-07-15T14:20:49.003Z"}
{"level":"info","message":"Generated environment for route test_route","routeName":"Test Forest","service":"primalcode-mcp","timestamp":"2025-07-15T14:20:49.003Z"}
{"level":"info","message":"Generated aggressive_hunter shadow_wolf monster","monsterId":"monster_1","service":"primalcode-mcp","timestamp":"2025-07-15T14:20:49.003Z"}
{"args":{"location":{"x":25,"y":25},"route_id":"test_route","shelter_type":"tree"},"level":"info","message":"Executing build_shelter tool","service":"primalcode-mcp","timestamp":"2025-07-15T14:20:49.003Z"}
{"capacity":3,"level":"info","location":{"x":25,"y":25},"message":"Built shelter in route test_route","service":"primalcode-mcp","shelterType":"tree","timestamp":"2025-07-15T14:20:49.003Z"}
{"changeType":"shelter_built","level":"info","location":{"x":25,"y":25},"message":"Notified 1 monsters of environmental change","routeId":"test_route","service":"primalcode-mcp","timestamp":"2025-07-15T14:20:49.003Z"}
{"level":"info","message":"Generated environment for route test_route","routeName":"Test Forest","service":"primalcode-mcp","timestamp":"2025-07-15T14:20:49.004Z"}
{"level":"info","message":"Generated aggressive_hunter shadow_wolf monster","monsterId":"monster_1","service":"primalcode-mcp","timestamp":"2025-07-15T14:20:49.004Z"}
{"args":{"location":{"x":60,"y":60},"route_id":"test_route","shelter_type":"rock"},"level":"info","message":"Executing build_shelter tool","service":"primalcode-mcp","timestamp":"2025-07-15T14:20:49.004Z"}
{"capacity":2,"level":"info","location":{"x":60,"y":60},"message":"Built shelter in route test_route","service":"primalcode-mcp","shelterType":"rock","timestamp":"2025-07-15T14:20:49.004Z"}
{"changeType":"shelter_built","level":"info","location":{"x":60,"y":60},"message":"Notified 1 monsters of environmental change","routeId":"test_route","service":"primalcode-mcp","timestamp":"2025-07-15T14:20:49.004Z"}
{"level":"info","message":"Generated environment for route test_route","routeName":"Test Forest","service":"primalcode-mcp","timestamp":"2025-07-15T14:20:49.004Z"}
{"level":"info","message":"Generated aggressive_hunter shadow_wolf monster","monsterId":"monster_1","service":"primalcode-mcp","timestamp":"2025-07-15T14:20:49.004Z"}
{"level":"info","message":"Generated cautious_forager wind_stag monster","monsterId":"monster_2","service":"primalcode-mcp","timestamp":"2025-07-15T14:20:49.004Z"}
{"args":{"location":{"x":20,"y":20},"route_id":"test_route","shelter_type":"burrow"},"level":"info","message":"Executing build_shelter tool","service":"primalcode-mcp","timestamp":"2025-07-15T14:20:49.004Z"}
{"capacity":3,"level":"info","location":{"x":20,"y":20},"message":"Built shelter in route test_route","service":"primalcode-mcp","shelterType":"burrow","timestamp":"2025-07-15T14:20:49.005Z"}
{"changeType":"shelter_built","level":"info","location":{"x":20,"y":20},"message":"Notified 2 monsters of environmental change","routeId":"test_route","service":"primalcode-mcp","timestamp":"2025-07-15T14:20:49.005Z"}
{"level":"info","message":"Generated environment for route test_route","routeName":"Test Forest","service":"primalcode-mcp","timestamp":"2025-07-15T14:20:49.005Z"}
{"level":"info","message":"Generated aggressive_hunter shadow_wolf monster","monsterId":"monster_1","service":"primalcode-mcp","timestamp":"2025-07-15T14:20:49.005Z"}
{"level":"info","message":"Generated pack_leader frost_bear monster","monsterId":"monster_2","service":"primalcode-mcp","timestamp":"2025-07-15T14:20:49.005Z"}
{"args":{"location":{"x":25,"y":25},"route_id":"test_route","shelter_type":"cave"},"level":"info","message":"Executing build_shelter tool","service":"primalcode-mcp","timestamp":"2025-07-15T14:20:49.005Z"}
{"capacity":3,"level":"info","location":{"x":25,"y":25},"message":"Built shelter in route test_route","service":"primalcode-mcp","shelterType":"cave","timestamp":"2025-07-15T14:20:49.005Z"}
{"changeType":"shelter_built","level":"info","location":{"x":25,"y":25},"message":"Notified 2 monsters of environmental change","routeId":"test_route","service":"primalcode-mcp","timestamp":"2025-07-15T14:20:49.005Z"}
{"level":"info","message":"Generated environment for route test_route","routeName":"Test Forest","service":"primalcode-mcp","timestamp":"2025-07-15T14:20:49.005Z"}
{"level":"info","message":"Generated aggressive_hunter shadow_wolf monster","monsterId":"monster_1","service":"primalcode-mcp","timestamp":"2025-07-15T14:20:49.006Z"}
{"args":{"location":{"x":10,"y":10},"route_id":"test_route","shelter_type":"cave"},"level":"info","message":"Executing build_shelter tool","service":"primalcode-mcp","timestamp":"2025-07-15T14:20:49.006Z"}
{"capacity":3,"level":"info","location":{"x":10,"y":10},"message":"Built shelter in route test_route","service":"primalcode-mcp","shelterType":"cave","timestamp":"2025-07-15T14:20:49.006Z"}
{"changeType":"shelter_built","level":"info","location":{"x":10,"y":10},"message":"Notified 1 monsters of environmental change","routeId":"test_route","service":"primalcode-mcp","timestamp":"2025-07-15T14:20:49.006Z"}
{"level":"info","message":"Generated environment for route test_route","routeName":"Test Forest","service":"primalcode-mcp","timestamp":"2025-07-15T14:20:49.006Z"}
{"level":"info","message":"Generated aggressive_hunter shadow_wolf monster","monsterId":"monster_1","service":"primalcode-mcp","timestamp":"2025-07-15T14:20:49.006Z"}
{"level":"info","message":"Generated cautious_forager ember_hawk monster","monsterId":"monster_2","service":"primalcode-mcp","timestamp":"2025-07-15T14:20:49.006Z"}
{"args":{"location":{"x":25,"y":25},"route_id":"test_route","shelter_type":"burrow"},"level":"info","message":"Executing build_shelter tool","service":"primalcode-mcp","timestamp":"2025-07-15T14:20:49.006Z"}
{"capacity":3,"level":"info","location":{"x":25,"y":25},"message":"Built shelter in route test_route","service":"primalcode-mcp","shelterType":"burrow","timestamp":"2025-07-15T14:20:49.006Z"}
{"changeType":"shelter_built","level":"info","location":{"x":25,"y":25},"message":"Notified 2 monsters of environmental change","routeId":"test_route","service":"primalcode-mcp","timestamp":"2025-07-15T14:20:49.006Z"}
{"level":"info","message":"Generated environment for route test_route","routeName":"Test Forest","service":"primalcode-mcp","timestamp":"2025-07-15T14:20:49.007Z"}
{"level":"info","message":"Generated aggressive_hunter shadow_wolf monster","monsterId":"monster_1","service":"primalcode-mcp","timestamp":"2025-07-15T14:20:49.007Z"}
{"args":{"location":{"x":40,"y":40},"route_id":"test_route","shelter_type":"tree"},"level":"info","message":"Executing build_shelter tool","service":"primalcode-mcp","timestamp":"2025-07-15T14:20:49.007Z"}
{"capacity":2,"level":"info","location":{"x":40,"y":40},"message":"Built shelter in route test_route","service":"primalcode-mcp","shelterType":"tree","timestamp":"2025-07-15T14:20:49.007Z"}
{"changeType":"shelter_built","level":"info","location":{"x":40,"y":40},"message":"Notified 1 monsters of environmental change","routeId":"test_route","service":"primalcode-mcp","timestamp":"2025-07-15T14:20:49.007Z"}
{"level":"info","message":"Generated environment for route test_route","routeName":"Test Forest","service":"primalcode-mcp","timestamp":"2025-07-15T14:20:49.007Z"}
{"level":"info","message":"Generated aggressive_hunter shadow_wolf monster","monsterId":"monster_1","service":"primalcode-mcp","timestamp":"2025-07-15T14:20:49.007Z"}
{"args":{"location":{"x":35,"y":35},"route_id":"test_route","shelter_type":"cave"},"level":"info","message":"Executing build_shelter tool","service":"primalcode-mcp","timestamp":"2025-07-15T14:20:49.007Z"}
{"capacity":3,"level":"info","location":{"x":35,"y":35},"message":"Built shelter in route test_route","service":"primalcode-mcp","shelterType":"cave","timestamp":"2025-07-15T14:20:49.007Z"}
{"changeType":"shelter_built","level":"info","location":{"x":35,"y":35},"message":"Notified 1 monsters of environmental change","routeId":"test_route","service":"primalcode-mcp","timestamp":"2025-07-15T14:20:49.007Z"}
{"level":"info","message":"Generated environment for route test_route","routeName":"Test Forest","service":"primalcode-mcp","timestamp":"2025-07-15T14:20:49.008Z"}
{"level":"info","message":"Generated aggressive_hunter shadow_wolf monster","monsterId":"monster_1","service":"primalcode-mcp","timestamp":"2025-07-15T14:20:49.008Z"}
{"args":{"location":{"x":50,"y":50},"route_id":"invalid_route","shelter_type":"cave"},"level":"info","message":"Executing build_shelter tool","service":"primalcode-mcp","timestamp":"2025-07-15T14:20:49.008Z"}
{"args":{"location":{"x":50,"y":50},"route_id":"invalid_route","shelter_type":"cave"},"error":{},"level":"error","message":"Error executing build_shelter tool","service":"primalcode-mcp","timestamp":"2025-07-15T14:20:49.008Z"}
{"level":"info","message":"Generated environment for route test_route","routeName":"Test Forest","service":"primalcode-mcp","timestamp":"2025-07-15T14:20:49.008Z"}
{"level":"info","message":"Generated aggressive_hunter shadow_wolf monster","monsterId":"monster_1","service":"primalcode-mcp","timestamp":"2025-07-15T14:20:49.008Z"}
{"args":{"location":{"x":50},"route_id":"test_route","shelter_type":"cave"},"level":"info","message":"Executing build_shelter tool","service":"primalcode-mcp","timestamp":"2025-07-15T14:20:49.008Z"}
{"args":{"location":{"x":50},"route_id":"test_route","shelter_type":"cave"},"error":{},"level":"error","message":"Error executing build_shelter tool","service":"primalcode-mcp","timestamp":"2025-07-15T14:20:49.008Z"}
{"level":"info","message":"Generated environment for route test_route","routeName":"Test Forest","service":"primalcode-mcp","timestamp":"2025-07-15T14:20:49.009Z"}
{"level":"info","message":"Generated aggressive_hunter shadow_wolf monster","monsterId":"monster_1","service":"primalcode-mcp","timestamp":"2025-07-15T14:20:49.009Z"}
{"level":"info","message":"Generated environment for route empty_route","routeName":"Empty Forest","service":"primalcode-mcp","timestamp":"2025-07-15T14:20:49.009Z"}
{"args":{"location":{"x":50,"y":50},"route_id":"empty_route","shelter_type":"cave"},"level":"info","message":"Executing build_shelter tool","service":"primalcode-mcp","timestamp":"2025-07-15T14:20:49.009Z"}
{"capacity":4,"level":"info","location":{"x":50,"y":50},"message":"Built shelter in route empty_route","service":"primalcode-mcp","shelterType":"cave","timestamp":"2025-07-15T14:20:49.009Z"}
{"changeType":"shelter_built","level":"info","location":{"x":50,"y":50},"message":"Notified 0 monsters of environmental change","routeId":"empty_route","service":"primalcode-mcp","timestamp":"2025-07-15T14:20:49.009Z"}
{"level":"info","message":"Generated environment for route test_route","routeName":"Test Forest","service":"primalcode-mcp","timestamp":"2025-07-15T14:20:49.009Z"}
{"level":"info","message":"Generated aggressive_hunter shadow_wolf monster","monsterId":"monster_1","service":"primalcode-mcp","timestamp":"2025-07-15T14:20:49.009Z"}
{"args":{"location":{"x":45,"y":45},"route_id":"test_route","shelter_type":"burrow"},"level":"info","message":"Executing build_shelter tool","service":"primalcode-mcp","timestamp":"2025-07-15T14:20:49.009Z"}
{"capacity":2,"level":"info","location":{"x":45,"y":45},"message":"Built shelter in route test_route","service":"primalcode-mcp","shelterType":"burrow","timestamp":"2025-07-15T14:20:49.009Z"}
{"changeType":"shelter_built","level":"info","location":{"x":45,"y":45},"message":"Notified 1 monsters of environmental change","routeId":"test_route","service":"primalcode-mcp","timestamp":"2025-07-15T14:20:49.009Z"}
{"level":"info","message":"Generated environment for route test_route","routeName":"Test Forest","service":"primalcode-mcp","timestamp":"2025-07-15T14:20:49.010Z"}
{"level":"info","message":"Generated aggressive_hunter shadow_wolf monster","monsterId":"monster_1","service":"primalcode-mcp","timestamp":"2025-07-15T14:20:49.010Z"}
{"args":{"location":{"x":50,"y":50},"route_id":"test_route","shelter_type":"cave"},"level":"info","message":"Executing build_shelter tool","service":"primalcode-mcp","timestamp":"2025-07-15T14:20:49.010Z"}
{"capacity":4,"level":"info","location":{"x":50,"y":50},"message":"Built shelter in route test_route","service":"primalcode-mcp","shelterType":"cave","timestamp":"2025-07-15T14:20:49.010Z"}
{"changeType":"shelter_built","level":"info","location":{"x":50,"y":50},"message":"Notified 1 monsters of environmental change","routeId":"test_route","service":"primalcode-mcp","timestamp":"2025-07-15T14:20:49.010Z"}
{"level":"info","message":"Generated environment for route test_route","routeName":"Test Forest","service":"primalcode-mcp","timestamp":"2025-07-15T14:20:49.011Z"}
{"level":"info","message":"Generated aggressive_hunter shadow_wolf monster","monsterId":"monster_1","service":"primalcode-mcp","timestamp":"2025-07-15T14:20:49.011Z"}
{"args":{"location":{"x":40,"y":40},"route_id":"test_route","shelter_type":"rock"},"level":"info","message":"Executing build_shelter tool","service":"primalcode-mcp","timestamp":"2025-07-15T14:20:49.011Z"}
{"capacity":4,"level":"info","location":{"x":40,"y":40},"message":"Built shelter in route test_route","service":"primalcode-mcp","shelterType":"rock","timestamp":"2025-07-15T14:20:49.011Z"}
{"changeType":"shelter_built","level":"info","location":{"x":40,"y":40},"message":"Notified 1 monsters of environmental change","routeId":"test_route","service":"primalcode-mcp","timestamp":"2025-07-15T14:20:49.011Z"}
{"level":"info","message":"Generated environment for route test_route","routeName":"Test Forest","service":"primalcode-mcp","timestamp":"2025-07-15T14:20:49.011Z"}
{"level":"info","message":"Generated aggressive_hunter shadow_wolf monster","monsterId":"monster_1","service":"primalcode-mcp","timestamp":"2025-07-15T14:20:49.011Z"}
{"level":"info","message":"Generated aggressive_hunter stone_serpent monster","monsterId":"monster_2","service":"primalcode-mcp","timestamp":"2025-07-15T14:20:49.011Z"}
{"args":{"location":{"x":35,"y":35},"route_id":"test_route","shelter_type":"tree"},"level":"info","message":"Executing build_shelter tool","service":"primalcode-mcp","timestamp":"2025-07-15T14:20:49.011Z"}
{"capacity":3,"level":"info","location":{"x":35,"y":35},"message":"Built shelter in route test_route","service":"primalcode-mcp","shelterType":"tree","timestamp":"2025-07-15T14:20:49.011Z"}
{"changeType":"shelter_built","level":"info","location":{"x":35,"y":35},"message":"Notified 2 monsters of environmental change","routeId":"test_route","service":"primalcode-mcp","timestamp":"2025-07-15T14:20:49.011Z"}
{"level":"info","message":"Generated environment for route test_route","routeName":"Test Forest","service":"primalcode-mcp","timestamp":"2025-07-15T14:20:49.011Z"}
{"level":"info","message":"Generated aggressive_hunter shadow_wolf monster","monsterId":"monster_1","service":"primalcode-mcp","timestamp":"2025-07-15T14:20:49.011Z"}
{"level":"info","message":"Generated cautious_forager wind_stag monster","monsterId":"monster_2","service":"primalcode-mcp","timestamp":"2025-07-15T14:20:49.012Z"}
{"level":"info","message":"Generated cautious_forager wind_stag monster","monsterId":"monster_3","service":"primalcode-mcp","timestamp":"2025-07-15T14:20:49.012Z"}
{"level":"info","message":"Generated cautious_forager wind_stag monster","monsterId":"monster_4","service":"primalcode-mcp","timestamp":"2025-07-15T14:20:49.012Z"}
{"level":"info","message":"Generated cautious_forager wind_stag monster","monsterId":"monster_5","service":"primalcode-mcp","timestamp":"2025-07-15T14:20:49.012Z"}
{"level":"info","message":"Generated cautious_forager wind_stag monster","monsterId":"monster_6","service":"primalcode-mcp","timestamp":"2025-07-15T14:20:49.012Z"}
{"level":"info","message":"Generated cautious_forager wind_stag monster","monsterId":"monster_7","service":"primalcode-mcp","timestamp":"2025-07-15T14:20:49.012Z"}
{"args":{"location":{"x":25,"y":25},"route_id":"test_route","shelter_type":"cave"},"level":"info","message":"Executing build_shelter tool","service":"primalcode-mcp","timestamp":"2025-07-15T14:20:49.012Z"}
{"capacity":4,"level":"info","location":{"x":25,"y":25},"message":"Built shelter in route test_route","service":"primalcode-mcp","shelterType":"cave","timestamp":"2025-07-15T14:20:49.012Z"}
{"changeType":"shelter_built","level":"info","location":{"x":25,"y":25},"message":"Notified 7 monsters of environmental change","routeId":"test_route","service":"primalcode-mcp","timestamp":"2025-07-15T14:20:49.012Z"}
{"level":"info","message":"Generated environment for route test_route","routeName":"Test Forest","service":"primalcode-mcp","timestamp":"2025-07-15T14:20:49.021Z"}
{"level":"info","message":"Generated aggressive_hunter shadow_wolf monster","monsterId":"monster_1","service":"primalcode-mcp","timestamp":"2025-07-15T14:20:49.022Z"}
{"args":{"location":{"x":55,"y":55},"route_id":"test_route","shelter_type":"burrow"},"level":"info","message":"Executing build_shelter tool","service":"primalcode-mcp","timestamp":"2025-07-15T14:20:49.022Z"}
{"capacity":3,"level":"info","location":{"x":55,"y":55},"message":"Built shelter in route test_route","service":"primalcode-mcp","shelterType":"burrow","timestamp":"2025-07-15T14:20:49.022Z"}
{"changeType":"shelter_built","level":"info","location":{"x":55,"y":55},"message":"Notified 1 monsters of environmental change","routeId":"test_route","service":"primalcode-mcp","timestamp":"2025-07-15T14:20:49.022Z"}
{"level":"info","message":"Generated environment for route test_route","routeName":"Test Forest","service":"primalcode-mcp","timestamp":"2025-07-15T14:20:49.335Z"}
{"level":"info","message":"Generated aggressive_hunter shadow_wolf monster","monsterId":"monster_1","service":"primalcode-mcp","timestamp":"2025-07-15T14:20:49.337Z"}
{"args":{"food_type":"meat","location":{"x":50,"y":50},"route_id":"test_route"},"level":"info","message":"Executing place_food tool","service":"primalcode-mcp","timestamp":"2025-07-15T14:20:49.337Z"}
{"foodType":"meat","level":"info","location":{"x":50,"y":50},"message":"Added food source to route test_route","quality":0.7943563434506595,"service":"primalcode-mcp","timestamp":"2025-07-15T14:20:49.338Z"}
{"changeType":"food_placed","level":"info","location":{"x":50,"y":50},"message":"Notified 1 monsters of environmental change","routeId":"test_route","service":"primalcode-mcp","timestamp":"2025-07-15T14:20:49.338Z"}
{"level":"info","message":"Generated environment for route test_route","routeName":"Test Forest","service":"primalcode-mcp","timestamp":"2025-07-15T14:20:49.350Z"}
{"level":"info","message":"Generated aggressive_hunter shadow_wolf monster","monsterId":"monster_1","service":"primalcode-mcp","timestamp":"2025-07-15T14:20:49.350Z"}
{"args":{"food_type":"plants","location":{"x":30,"y":30},"route_id":"test_route"},"level":"info","message":"Executing place_food tool","service":"primalcode-mcp","timestamp":"2025-07-15T14:20:49.351Z"}
{"foodType":"plants","level":"info","location":{"x":30,"y":30},"message":"Added food source to route test_route","quality":0.7208772054791367,"service":"primalcode-mcp","timestamp":"2025-07-15T14:20:49.351Z"}
{"changeType":"food_placed","level":"info","location":{"x":30,"y":30},"message":"Notified 1 monsters of environmental change","routeId":"test_route","service":"primalcode-mcp","timestamp":"2025-07-15T14:20:49.351Z"}
{"level":"info","message":"Generated environment for route test_route","routeName":"Test Forest","service":"primalcode-mcp","timestamp":"2025-07-15T14:20:49.351Z"}
{"level":"info","message":"Generated aggressive_hunter shadow_wolf monster","monsterId":"monster_1","service":"primalcode-mcp","timestamp":"2025-07-15T14:20:49.352Z"}
{"level":"info","message":"Generated cautious_forager wind_stag monster","monsterId":"monster_2","service":"primalcode-mcp","timestamp":"2025-07-15T14:20:49.352Z"}
{"args":{"food_type":"plants","location":{"x":20,"y":20},"route_id":"test_route"},"level":"info","message":"Executing place_food tool","service":"primalcode-mcp","timestamp":"2025-07-15T14:20:49.352Z"}
{"foodType":"plants","level":"info","location":{"x":20,"y":20},"message":"Added food source to route test_route","quality":0.8831434257285309,"service":"primalcode-mcp","timestamp":"2025-07-15T14:20:49.352Z"}
{"changeType":"food_placed","level":"info","location":{"x":20,"y":20},"message":"Notified 2 monsters of environmental change","routeId":"test_route","service":"primalcode-mcp","timestamp":"2025-07-15T14:20:49.352Z"}
{"level":"info","message":"Generated environment for route test_route","routeName":"Test Forest","service":"primalcode-mcp","timestamp":"2025-07-15T14:20:49.352Z"}
{"level":"info","message":"Generated aggressive_hunter shadow_wolf monster","monsterId":"monster_1","service":"primalcode-mcp","timestamp":"2025-07-15T14:20:49.352Z"}
{"args":{"food_type":"meat","location":{"x":10,"y":10},"route_id":"test_route"},"level":"info","message":"Executing place_food tool","service":"primalcode-mcp","timestamp":"2025-07-15T14:20:49.352Z"}
{"foodType":"meat","level":"info","location":{"x":10,"y":10},"message":"Added food source to route test_route","quality":0.7498160221208466,"service":"primalcode-mcp","timestamp":"2025-07-15T14:20:49.352Z"}
{"changeType":"food_placed","level":"info","location":{"x":10,"y":10},"message":"Notified 1 monsters of environmental change","routeId":"test_route","service":"primalcode-mcp","timestamp":"2025-07-15T14:20:49.352Z"}
{"level":"info","message":"Generated environment for route test_route","routeName":"Test Forest","service":"primalcode-mcp","timestamp":"2025-07-15T14:20:49.353Z"}
{"level":"info","message":"Generated aggressive_hunter shadow_wolf monster","monsterId":"monster_1","service":"primalcode-mcp","timestamp":"2025-07-15T14:20:49.353Z"}
{"args":{"food_type":"water","location":{"x":25,"y":25},"route_id":"test_route"},"level":"info","message":"Executing place_food tool","service":"primalcode-mcp","timestamp":"2025-07-15T14:20:49.353Z"}
{"foodType":"water","level":"info","location":{"x":25,"y":25},"message":"Added food source to route test_route","quality":0.7793494174857393,"service":"primalcode-mcp","timestamp":"2025-07-15T14:20:49.353Z"}
{"changeType":"food_placed","level":"info","location":{"x":25,"y":25},"message":"Notified 1 monsters of environmental change","routeId":"test_route","service":"primalcode-mcp","timestamp":"2025-07-15T14:20:49.353Z"}
{"level":"info","message":"Generated environment for route test_route","routeName":"Test Forest","service":"primalcode-mcp","timestamp":"2025-07-15T14:20:49.353Z"}
{"level":"info","message":"Generated aggressive_hunter shadow_wolf monster","monsterId":"monster_1","service":"primalcode-mcp","timestamp":"2025-07-15T14:20:49.353Z"}
{"args":{"food_type":"meat","location":{"x":50,"y":50},"route_id":"invalid_route"},"level":"info","message":"Executing place_food tool","service":"primalcode-mcp","timestamp":"2025-07-15T14:20:49.353Z"}
{"args":{"food_type":"meat","location":{"x":50,"y":50},"route_id":"invalid_route"},"error":{},"level":"error","message":"Error executing place_food tool","service":"primalcode-mcp","timestamp":"2025-07-15T14:20:49.353Z"}
{"level":"info","message":"Generated environment for route test_route","routeName":"Test Forest","service":"primalcode-mcp","timestamp":"2025-07-15T14:20:49.354Z"}
{"level":"info","message":"Generated aggressive_hunter shadow_wolf monster","monsterId":"monster_1","service":"primalcode-mcp","timestamp":"2025-07-15T14:20:49.354Z"}
{"args":{"food_type":"meat","location":{"x":50},"route_id":"test_route"},"level":"info","message":"Executing place_food tool","service":"primalcode-mcp","timestamp":"2025-07-15T14:20:49.354Z"}
{"args":{"food_type":"meat","location":{"x":50},"route_id":"test_route"},"error":{},"level":"error","message":"Error executing place_food tool","service":"primalcode-mcp","timestamp":"2025-07-15T14:20:49.354Z"}
{"level":"info","message":"Generated environment for route test_route","routeName":"Test Forest","service":"primalcode-mcp","timestamp":"2025-07-15T14:20:49.354Z"}
{"level":"info","message":"Generated aggressive_hunter shadow_wolf monster","monsterId":"monster_1","service":"primalcode-mcp","timestamp":"2025-07-15T14:20:49.354Z"}
{"level":"info","message":"Generated environment for route empty_route","routeName":"Empty Forest","service":"primalcode-mcp","timestamp":"2025-07-15T14:20:49.354Z"}
{"args":{"food_type":"meat","location":{"x":50,"y":50},"route_id":"empty_route"},"level":"info","message":"Executing place_food tool","service":"primalcode-mcp","timestamp":"2025-07-15T14:20:49.354Z"}
{"foodType":"meat","level":"info","location":{"x":50,"y":50},"message":"Added food source to route empty_route","quality":0.9058883837456057,"service":"primalcode-mcp","timestamp":"2025-07-15T14:20:49.354Z"}
{"changeType":"food_placed","level":"info","location":{"x":50,"y":50},"message":"Notified 0 monsters of environmental change","routeId":"empty_route","service":"primalcode-mcp","timestamp":"2025-07-15T14:20:49.355Z"}
{"level":"info","message":"Generated environment for route test_route","routeName":"Test Forest","service":"primalcode-mcp","timestamp":"2025-07-15T14:20:49.355Z"}
{"level":"info","message":"Generated aggressive_hunter shadow_wolf monster","monsterId":"monster_1","service":"primalcode-mcp","timestamp":"2025-07-15T14:20:49.355Z"}
{"args":{"food_type":"meat","location":{"x":40,"y":40},"route_id":"test_route"},"level":"info","message":"Executing place_food tool","service":"primalcode-mcp","timestamp":"2025-07-15T14:20:49.355Z"}
{"foodType":"meat","level":"info","location":{"x":40,"y":40},"message":"Added food source to route test_route","quality":0.9389546510838356,"service":"primalcode-mcp","timestamp":"2025-07-15T14:20:49.355Z"}
{"changeType":"food_placed","level":"info","location":{"x":40,"y":40},"message":"Notified 1 monsters of environmental change","routeId":"test_route","service":"primalcode-mcp","timestamp":"2025-07-15T14:20:49.355Z"}
{"level":"info","message":"Generated environment for route test_route","routeName":"Test Forest","service":"primalcode-mcp","timestamp":"2025-07-15T14:20:49.355Z"}
{"level":"info","message":"Generated aggressive_hunter shadow_wolf monster","monsterId":"monster_1","service":"primalcode-mcp","timestamp":"2025-07-15T14:20:49.355Z"}
{"args":{"food_type":"meat","location":{"x":50,"y":50},"route_id":"test_route"},"level":"info","message":"Executing place_food tool","service":"primalcode-mcp","timestamp":"2025-07-15T14:20:49.356Z"}
{"foodType":"meat","level":"info","location":{"x":50,"y":50},"message":"Added food source to route test_route","quality":0.9347637758955134,"service":"primalcode-mcp","timestamp":"2025-07-15T14:20:49.356Z"}
{"changeType":"food_placed","level":"info","location":{"x":50,"y":50},"message":"Notified 1 monsters of environmental change","routeId":"test_route","service":"primalcode-mcp","timestamp":"2025-07-15T14:20:49.356Z"}
{"level":"info","message":"Generated environment for route test_route","routeName":"Test Forest","service":"primalcode-mcp","timestamp":"2025-07-15T14:20:49.356Z"}
{"level":"info","message":"Generated aggressive_hunter shadow_wolf monster","monsterId":"monster_1","service":"primalcode-mcp","timestamp":"2025-07-15T14:20:49.356Z"}
{"level":"info","message":"Generated pack_leader frost_bear monster","monsterId":"monster_2","service":"primalcode-mcp","timestamp":"2025-07-15T14:20:49.357Z"}
{"args":{"food_type":"meat","location":{"x":25,"y":25},"route_id":"test_route"},"level":"info","message":"Executing place_food tool","service":"primalcode-mcp","timestamp":"2025-07-15T14:20:49.357Z"}
{"foodType":"meat","level":"info","location":{"x":25,"y":25},"message":"Added food source to route test_route","quality":0.9641629095177271,"service":"primalcode-mcp","timestamp":"2025-07-15T14:20:49.357Z"}
{"changeType":"food_placed","level":"info","location":{"x":25,"y":25},"message":"Notified 2 monsters of environmental change","routeId":"test_route","service":"primalcode-mcp","timestamp":"2025-07-15T14:20:49.357Z"}
{"level":"info","message":"Generated environment for route test_route","routeName":"Test Forest","service":"primalcode-mcp","timestamp":"2025-07-15T14:21:07.025Z"}
{"level":"info","message":"Generated aggressive_hunter shadow_wolf monster","monsterId":"monster_1","service":"primalcode-mcp","timestamp":"2025-07-15T14:21:07.028Z"}
{"args":{"food_type":"meat","location":{"x":50,"y":50},"route_id":"test_route"},"level":"info","message":"Executing place_food tool","service":"primalcode-mcp","timestamp":"2025-07-15T14:21:07.029Z"}
{"foodType":"meat","level":"info","location":{"x":50,"y":50},"message":"Added food source to route test_route","quality":0.7723240689131824,"service":"primalcode-mcp","timestamp":"2025-07-15T14:21:07.029Z"}
{"changeType":"food_placed","level":"info","location":{"x":50,"y":50},"message":"Notified 1 monsters of environmental change","routeId":"test_route","service":"primalcode-mcp","timestamp":"2025-07-15T14:21:07.029Z"}
{"level":"info","message":"Generated environment for route test_route","routeName":"Test Forest","service":"primalcode-mcp","timestamp":"2025-07-15T14:21:07.052Z"}
{"level":"info","message":"Generated aggressive_hunter shadow_wolf monster","monsterId":"monster_1","service":"primalcode-mcp","timestamp":"2025-07-15T14:21:07.052Z"}
{"args":{"food_type":"plants","location":{"x":30,"y":30},"route_id":"test_route"},"level":"info","message":"Executing place_food tool","service":"primalcode-mcp","timestamp":"2025-07-15T14:21:07.052Z"}
{"foodType":"plants","level":"info","location":{"x":30,"y":30},"message":"Added food source to route test_route","quality":0.9816414338110974,"service":"primalcode-mcp","timestamp":"2025-07-15T14:21:07.053Z"}
{"changeType":"food_placed","level":"info","location":{"x":30,"y":30},"message":"Notified 1 monsters of environmental change","routeId":"test_route","service":"primalcode-mcp","timestamp":"2025-07-15T14:21:07.053Z"}
{"level":"info","message":"Generated environment for route test_route","routeName":"Test Forest","service":"primalcode-mcp","timestamp":"2025-07-15T14:21:07.053Z"}
{"level":"info","message":"Generated aggressive_hunter shadow_wolf monster","monsterId":"monster_1","service":"primalcode-mcp","timestamp":"2025-07-15T14:21:07.054Z"}
{"level":"info","message":"Generated cautious_forager wind_stag monster","monsterId":"monster_2","service":"primalcode-mcp","timestamp":"2025-07-15T14:21:07.054Z"}
{"args":{"food_type":"plants","location":{"x":20,"y":20},"route_id":"test_route"},"level":"info","message":"Executing place_food tool","service":"primalcode-mcp","timestamp":"2025-07-15T14:21:07.054Z"}
{"foodType":"plants","level":"info","location":{"x":20,"y":20},"message":"Added food source to route test_route","quality":0.8237598729321165,"service":"primalcode-mcp","timestamp":"2025-07-15T14:21:07.054Z"}
{"changeType":"food_placed","level":"info","location":{"x":20,"y":20},"message":"Notified 2 monsters of environmental change","routeId":"test_route","service":"primalcode-mcp","timestamp":"2025-07-15T14:21:07.054Z"}
{"level":"info","message":"Generated environment for route test_route","routeName":"Test Forest","service":"primalcode-mcp","timestamp":"2025-07-15T14:21:07.054Z"}
{"level":"info","message":"Generated aggressive_hunter shadow_wolf monster","monsterId":"monster_1","service":"primalcode-mcp","timestamp":"2025-07-15T14:21:07.054Z"}
{"args":{"food_type":"meat","location":{"x":10,"y":10},"route_id":"test_route"},"level":"info","message":"Executing place_food tool","service":"primalcode-mcp","timestamp":"2025-07-15T14:21:07.054Z"}
{"foodType":"meat","level":"info","location":{"x":10,"y":10},"message":"Added food source to route test_route","quality":0.9889991323028027,"service":"primalcode-mcp","timestamp":"2025-07-15T14:21:07.054Z"}
{"changeType":"food_placed","level":"info","location":{"x":10,"y":10},"message":"Notified 1 monsters of environmental change","routeId":"test_route","service":"primalcode-mcp","timestamp":"2025-07-15T14:21:07.054Z"}
{"level":"info","message":"Generated environment for route test_route","routeName":"Test Forest","service":"primalcode-mcp","timestamp":"2025-07-15T14:21:07.055Z"}
{"level":"info","message":"Generated aggressive_hunter shadow_wolf monster","monsterId":"monster_1","service":"primalcode-mcp","timestamp":"2025-07-15T14:21:07.055Z"}
{"args":{"food_type":"water","location":{"x":25,"y":25},"route_id":"test_route"},"level":"info","message":"Executing place_food tool","service":"primalcode-mcp","timestamp":"2025-07-15T14:21:07.055Z"}
{"foodType":"water","level":"info","location":{"x":25,"y":25},"message":"Added food source to route test_route","quality":0.7145475985371197,"service":"primalcode-mcp","timestamp":"2025-07-15T14:21:07.055Z"}
{"changeType":"food_placed","level":"info","location":{"x":25,"y":25},"message":"Notified 1 monsters of environmental change","routeId":"test_route","service":"primalcode-mcp","timestamp":"2025-07-15T14:21:07.055Z"}
{"level":"info","message":"Generated environment for route test_route","routeName":"Test Forest","service":"primalcode-mcp","timestamp":"2025-07-15T14:21:07.055Z"}
{"level":"info","message":"Generated aggressive_hunter shadow_wolf monster","monsterId":"monster_1","service":"primalcode-mcp","timestamp":"2025-07-15T14:21:07.055Z"}
{"args":{"food_type":"meat","location":{"x":50,"y":50},"route_id":"invalid_route"},"level":"info","message":"Executing place_food tool","service":"primalcode-mcp","timestamp":"2025-07-15T14:21:07.055Z"}
{"args":{"food_type":"meat","location":{"x":50,"y":50},"route_id":"invalid_route"},"error":{},"level":"error","message":"Error executing place_food tool","service":"primalcode-mcp","timestamp":"2025-07-15T14:21:07.055Z"}
{"level":"info","message":"Generated environment for route test_route","routeName":"Test Forest","service":"primalcode-mcp","timestamp":"2025-07-15T14:21:07.056Z"}
{"level":"info","message":"Generated aggressive_hunter shadow_wolf monster","monsterId":"monster_1","service":"primalcode-mcp","timestamp":"2025-07-15T14:21:07.056Z"}
{"args":{"food_type":"meat","location":{"x":50},"route_id":"test_route"},"level":"info","message":"Executing place_food tool","service":"primalcode-mcp","timestamp":"2025-07-15T14:21:07.056Z"}
{"args":{"food_type":"meat","location":{"x":50},"route_id":"test_route"},"error":{},"level":"error","message":"Error executing place_food tool","service":"primalcode-mcp","timestamp":"2025-07-15T14:21:07.056Z"}
{"level":"info","message":"Generated environment for route test_route","routeName":"Test Forest","service":"primalcode-mcp","timestamp":"2025-07-15T14:21:07.056Z"}
{"level":"info","message":"Generated aggressive_hunter shadow_wolf monster","monsterId":"monster_1","service":"primalcode-mcp","timestamp":"2025-07-15T14:21:07.056Z"}
{"level":"info","message":"Generated environment for route empty_route","routeName":"Empty Forest","service":"primalcode-mcp","timestamp":"2025-07-15T14:21:07.056Z"}
{"args":{"food_type":"meat","location":{"x":50,"y":50},"route_id":"empty_route"},"level":"info","message":"Executing place_food tool","service":"primalcode-mcp","timestamp":"2025-07-15T14:21:07.056Z"}
{"foodType":"meat","level":"info","location":{"x":50,"y":50},"message":"Added food source to route empty_route","quality":0.943601361315512,"service":"primalcode-mcp","timestamp":"2025-07-15T14:21:07.056Z"}
{"changeType":"food_placed","level":"info","location":{"x":50,"y":50},"message":"Notified 0 monsters of environmental change","routeId":"empty_route","service":"primalcode-mcp","timestamp":"2025-07-15T14:21:07.056Z"}
{"level":"info","message":"Generated environment for route test_route","routeName":"Test Forest","service":"primalcode-mcp","timestamp":"2025-07-15T14:21:07.057Z"}
{"level":"info","message":"Generated aggressive_hunter shadow_wolf monster","monsterId":"monster_1","service":"primalcode-mcp","timestamp":"2025-07-15T14:21:07.057Z"}
{"args":{"food_type":"meat","location":{"x":40,"y":40},"route_id":"test_route"},"level":"info","message":"Executing place_food tool","service":"primalcode-mcp","timestamp":"2025-07-15T14:21:07.057Z"}
{"foodType":"meat","level":"info","location":{"x":40,"y":40},"message":"Added food source to route test_route","quality":0.7219130047218358,"service":"primalcode-mcp","timestamp":"2025-07-15T14:21:07.057Z"}
{"changeType":"food_placed","level":"info","location":{"x":40,"y":40},"message":"Notified 1 monsters of environmental change","routeId":"test_route","service":"primalcode-mcp","timestamp":"2025-07-15T14:21:07.057Z"}
{"level":"info","message":"Generated environment for route test_route","routeName":"Test Forest","service":"primalcode-mcp","timestamp":"2025-07-15T14:21:07.057Z"}
{"level":"info","message":"Generated aggressive_hunter shadow_wolf monster","monsterId":"monster_1","service":"primalcode-mcp","timestamp":"2025-07-15T14:21:07.057Z"}
{"args":{"food_type":"meat","location":{"x":50,"y":50},"route_id":"test_route"},"level":"info","message":"Executing place_food tool","service":"primalcode-mcp","timestamp":"2025-07-15T14:21:07.058Z"}
{"foodType":"meat","level":"info","location":{"x":50,"y":50},"message":"Added food source to route test_route","quality":0.7755580758551939,"service":"primalcode-mcp","timestamp":"2025-07-15T14:21:07.058Z"}
{"changeType":"food_placed","level":"info","location":{"x":50,"y":50},"message":"Notified 1 monsters of environmental change","routeId":"test_route","service":"primalcode-mcp","timestamp":"2025-07-15T14:21:07.058Z"}
{"level":"info","message":"Generated environment for route test_route","routeName":"Test Forest","service":"primalcode-mcp","timestamp":"2025-07-15T14:21:07.058Z"}
{"level":"info","message":"Generated aggressive_hunter shadow_wolf monster","monsterId":"monster_1","service":"primalcode-mcp","timestamp":"2025-07-15T14:21:07.058Z"}
{"level":"info","message":"Generated pack_leader frost_bear monster","monsterId":"monster_2","service":"primalcode-mcp","timestamp":"2025-07-15T14:21:07.058Z"}
{"args":{"food_type":"meat","location":{"x":25,"y":25},"route_id":"test_route"},"level":"info","message":"Executing place_food tool","service":"primalcode-mcp","timestamp":"2025-07-15T14:21:07.059Z"}
{"foodType":"meat","level":"info","location":{"x":25,"y":25},"message":"Added food source to route test_route","quality":0.8646831765543836,"service":"primalcode-mcp","timestamp":"2025-07-15T14:21:07.059Z"}
{"changeType":"food_placed","level":"info","location":{"x":25,"y":25},"message":"Notified 2 monsters of environmental change","routeId":"test_route","service":"primalcode-mcp","timestamp":"2025-07-15T14:21:07.059Z"}
{"level":"info","message":"Generated environment for route test_route","routeName":"Test Forest","service":"primalcode-mcp","timestamp":"2025-07-15T14:21:07.277Z"}
{"level":"info","message":"Generated aggressive_hunter shadow_wolf monster","monsterId":"monster_1","service":"primalcode-mcp","timestamp":"2025-07-15T14:21:07.279Z"}
{"args":{"intensity":0.7,"route_id":"test_route","weather_type":"rain"},"level":"info","message":"Executing modify_weather tool","service":"primalcode-mcp","timestamp":"2025-07-15T14:21:07.280Z"}
{"intensity":0.7,"level":"info","message":"Modified weather for route test_route","newCondition":"rain","service":"primalcode-mcp","timestamp":"2025-07-15T14:21:07.280Z","weatherType":"rain"}
{"changeType":"weather_changed","level":"info","location":{"x":50,"y":50},"message":"Notified 1 monsters of environmental change","routeId":"test_route","service":"primalcode-mcp","timestamp":"2025-07-15T14:21:07.280Z"}
{"level":"info","message":"Generated environment for route test_route","routeName":"Test Forest","service":"primalcode-mcp","timestamp":"2025-07-15T14:21:07.293Z"}
{"level":"info","message":"Generated aggressive_hunter shadow_wolf monster","monsterId":"monster_1","service":"primalcode-mcp","timestamp":"2025-07-15T14:21:07.293Z"}
{"args":{"intensity":0.8,"route_id":"test_route","weather_type":"heat"},"level":"info","message":"Executing modify_weather tool","service":"primalcode-mcp","timestamp":"2025-07-15T14:21:07.293Z"}
{"intensity":0.8,"level":"info","message":"Modified weather for route test_route","newCondition":"clear","service":"primalcode-mcp","timestamp":"2025-07-15T14:21:07.293Z","weatherType":"heat"}
{"changeType":"weather_changed","level":"info","location":{"x":50,"y":50},"message":"Notified 1 monsters of environmental change","routeId":"test_route","service":"primalcode-mcp","timestamp":"2025-07-15T14:21:07.294Z"}
{"level":"info","message":"Generated environment for route test_route","routeName":"Test Forest","service":"primalcode-mcp","timestamp":"2025-07-15T14:21:07.294Z"}
{"level":"info","message":"Generated aggressive_hunter shadow_wolf monster","monsterId":"monster_1","service":"primalcode-mcp","timestamp":"2025-07-15T14:21:07.294Z"}
{"args":{"intensity":0.9,"route_id":"test_route","weather_type":"storm"},"level":"info","message":"Executing modify_weather tool","service":"primalcode-mcp","timestamp":"2025-07-15T14:21:07.294Z"}
{"intensity":0.9,"level":"info","message":"Modified weather for route test_route","newCondition":"storm","service":"primalcode-mcp","timestamp":"2025-07-15T14:21:07.294Z","weatherType":"storm"}
{"changeType":"weather_changed","level":"info","location":{"x":50,"y":50},"message":"Notified 1 monsters of environmental change","routeId":"test_route","service":"primalcode-mcp","timestamp":"2025-07-15T14:21:07.294Z"}
{"level":"info","message":"Generated environment for route test_route","routeName":"Test Forest","service":"primalcode-mcp","timestamp":"2025-07-15T14:21:07.295Z"}
{"level":"info","message":"Generated aggressive_hunter shadow_wolf monster","monsterId":"monster_1","service":"primalcode-mcp","timestamp":"2025-07-15T14:21:07.295Z"}
{"level":"info","message":"Generated cautious_forager wind_stag monster","monsterId":"monster_2","service":"primalcode-mcp","timestamp":"2025-07-15T14:21:07.295Z"}
{"args":{"intensity":0.6,"route_id":"test_route","weather_type":"rain"},"level":"info","message":"Executing modify_weather tool","service":"primalcode-mcp","timestamp":"2025-07-15T14:21:07.295Z"}
{"intensity":0.6,"level":"info","message":"Modified weather for route test_route","newCondition":"rain","service":"primalcode-mcp","timestamp":"2025-07-15T14:21:07.295Z","weatherType":"rain"}
{"changeType":"weather_changed","level":"info","location":{"x":50,"y":50},"message":"Notified 2 monsters of environmental change","routeId":"test_route","service":"primalcode-mcp","timestamp":"2025-07-15T14:21:07.295Z"}
{"level":"info","message":"Generated environment for route test_route","routeName":"Test Forest","service":"primalcode-mcp","timestamp":"2025-07-15T14:21:07.295Z"}
{"level":"info","message":"Generated aggressive_hunter shadow_wolf monster","monsterId":"monster_1","service":"primalcode-mcp","timestamp":"2025-07-15T14:21:07.295Z"}
{"level":"info","message":"Generated pack_leader frost_bear monster","monsterId":"monster_2","service":"primalcode-mcp","timestamp":"2025-07-15T14:21:07.295Z"}
{"args":{"intensity":0.8,"route_id":"test_route","weather_type":"storm"},"level":"info","message":"Executing modify_weather tool","service":"primalcode-mcp","timestamp":"2025-07-15T14:21:07.296Z"}
{"intensity":0.8,"level":"info","message":"Modified weather for route test_route","newCondition":"storm","service":"primalcode-mcp","timestamp":"2025-07-15T14:21:07.296Z","weatherType":"storm"}
{"changeType":"weather_changed","level":"info","location":{"x":50,"y":50},"message":"Notified 2 monsters of environmental change","routeId":"test_route","service":"primalcode-mcp","timestamp":"2025-07-15T14:21:07.296Z"}
{"level":"info","message":"Generated environment for route test_route","routeName":"Test Forest","service":"primalcode-mcp","timestamp":"2025-07-15T14:21:07.296Z"}
{"level":"info","message":"Generated aggressive_hunter shadow_wolf monster","monsterId":"monster_1","service":"primalcode-mcp","timestamp":"2025-07-15T14:21:07.296Z"}
{"args":{"intensity":0.5,"route_id":"test_route","weather_type":"rain"},"level":"info","message":"Executing modify_weather tool","service":"primalcode-mcp","timestamp":"2025-07-15T14:21:07.296Z"}
{"intensity":0.5,"level":"info","message":"Modified weather for route test_route","newCondition":"rain","service":"primalcode-mcp","timestamp":"2025-07-15T14:21:07.296Z","weatherType":"rain"}
{"changeType":"weather_changed","level":"info","location":{"x":50,"y":50},"message":"Notified 1 monsters of environmental change","routeId":"test_route","service":"primalcode-mcp","timestamp":"2025-07-15T14:21:07.296Z"}
{"level":"info","message":"Generated environment for route test_route","routeName":"Test Forest","service":"primalcode-mcp","timestamp":"2025-07-15T14:21:07.296Z"}
{"level":"info","message":"Generated aggressive_hunter shadow_wolf monster","monsterId":"monster_1","service":"primalcode-mcp","timestamp":"2025-07-15T14:21:07.296Z"}
{"args":{"intensity":0.9,"route_id":"test_route","weather_type":"heat"},"level":"info","message":"Executing modify_weather tool","service":"primalcode-mcp","timestamp":"2025-07-15T14:21:07.296Z"}
{"intensity":0.9,"level":"info","message":"Modified weather for route test_route","newCondition":"clear","service":"primalcode-mcp","timestamp":"2025-07-15T14:21:07.297Z","weatherType":"heat"}
{"changeType":"weather_changed","level":"info","location":{"x":50,"y":50},"message":"Notified 1 monsters of environmental change","routeId":"test_route","service":"primalcode-mcp","timestamp":"2025-07-15T14:21:07.297Z"}
{"level":"info","message":"Generated environment for route test_route","routeName":"Test Forest","service":"primalcode-mcp","timestamp":"2025-07-15T14:21:07.297Z"}
{"level":"info","message":"Generated aggressive_hunter shadow_wolf monster","monsterId":"monster_1","service":"primalcode-mcp","timestamp":"2025-07-15T14:21:07.297Z"}
{"args":{"intensity":0.5,"route_id":"invalid_route","weather_type":"rain"},"level":"info","message":"Executing modify_weather tool","service":"primalcode-mcp","timestamp":"2025-07-15T14:21:07.297Z"}
{"args":{"intensity":0.5,"route_id":"invalid_route","weather_type":"rain"},"error":{},"level":"error","message":"Error executing modify_weather tool","service":"primalcode-mcp","timestamp":"2025-07-15T14:21:07.297Z"}
{"level":"info","message":"Generated environment for route test_route","routeName":"Test Forest","service":"primalcode-mcp","timestamp":"2025-07-15T14:21:07.297Z"}
{"level":"info","message":"Generated aggressive_hunter shadow_wolf monster","monsterId":"monster_1","service":"primalcode-mcp","timestamp":"2025-07-15T14:21:07.298Z"}
{"args":{"intensity":1.5,"route_id":"test_route","weather_type":"rain"},"level":"info","message":"Executing modify_weather tool","service":"primalcode-mcp","timestamp":"2025-07-15T14:21:07.298Z"}
{"args":{"intensity":1.5,"route_id":"test_route","weather_type":"rain"},"error":{},"level":"error","message":"Error executing modify_weather tool","service":"primalcode-mcp","timestamp":"2025-07-15T14:21:07.298Z"}
{"level":"info","message":"Generated environment for route test_route","routeName":"Test Forest","service":"primalcode-mcp","timestamp":"2025-07-15T14:21:07.298Z"}
{"level":"info","message":"Generated aggressive_hunter shadow_wolf monster","monsterId":"monster_1","service":"primalcode-mcp","timestamp":"2025-07-15T14:21:07.298Z"}
{"level":"info","message":"Generated environment for route empty_route","routeName":"Empty Forest","service":"primalcode-mcp","timestamp":"2025-07-15T14:21:07.298Z"}
{"args":{"intensity":0.4,"route_id":"empty_route","weather_type":"storm"},"level":"info","message":"Executing modify_weather tool","service":"primalcode-mcp","timestamp":"2025-07-15T14:21:07.298Z"}
{"intensity":0.4,"level":"info","message":"Modified weather for route empty_route","newCondition":"storm","service":"primalcode-mcp","timestamp":"2025-07-15T14:21:07.298Z","weatherType":"storm"}
{"changeType":"weather_changed","level":"info","location":{"x":50,"y":50},"message":"Notified 0 monsters of environmental change","routeId":"empty_route","service":"primalcode-mcp","timestamp":"2025-07-15T14:21:07.298Z"}
{"level":"info","message":"Generated environment for route test_route","routeName":"Test Forest","service":"primalcode-mcp","timestamp":"2025-07-15T14:21:07.298Z"}
{"level":"info","message":"Generated aggressive_hunter shadow_wolf monster","monsterId":"monster_1","service":"primalcode-mcp","timestamp":"2025-07-15T14:21:07.298Z"}
{"args":{"intensity":0.2,"route_id":"test_route","weather_type":"rain"},"level":"info","message":"Executing modify_weather tool","service":"primalcode-mcp","timestamp":"2025-07-15T14:21:07.298Z"}
{"intensity":0.2,"level":"info","message":"Modified weather for route test_route","newCondition":"rain","service":"primalcode-mcp","timestamp":"2025-07-15T14:21:07.298Z","weatherType":"rain"}
{"changeType":"weather_changed","level":"info","location":{"x":50,"y":50},"message":"Notified 1 monsters of environmental change","routeId":"test_route","service":"primalcode-mcp","timestamp":"2025-07-15T14:21:07.299Z"}
{"level":"info","message":"Generated environment for route test_route","routeName":"Test Forest","service":"primalcode-mcp","timestamp":"2025-07-15T14:21:07.299Z"}
{"level":"info","message":"Generated aggressive_hunter shadow_wolf monster","monsterId":"monster_1","service":"primalcode-mcp","timestamp":"2025-07-15T14:21:07.299Z"}
{"args":{"intensity":0.9,"route_id":"test_route","weather_type":"heat"},"level":"info","message":"Executing modify_weather tool","service":"primalcode-mcp","timestamp":"2025-07-15T14:21:07.299Z"}
{"intensity":0.9,"level":"info","message":"Modified weather for route test_route","newCondition":"clear","service":"primalcode-mcp","timestamp":"2025-07-15T14:21:07.300Z","weatherType":"heat"}
{"changeType":"weather_changed","level":"info","location":{"x":50,"y":50},"message":"Notified 1 monsters of environmental change","routeId":"test_route","service":"primalcode-mcp","timestamp":"2025-07-15T14:21:07.300Z"}
{"level":"info","message":"Generated environment for route test_route","routeName":"Test Forest","service":"primalcode-mcp","timestamp":"2025-07-15T14:21:07.300Z"}
{"level":"info","message":"Generated aggressive_hunter shadow_wolf monster","monsterId":"monster_1","service":"primalcode-mcp","timestamp":"2025-07-15T14:21:07.300Z"}
{"args":{"intensity":0.6,"route_id":"test_route","weather_type":"rain"},"level":"info","message":"Executing modify_weather tool","service":"primalcode-mcp","timestamp":"2025-07-15T14:21:07.300Z"}
{"intensity":0.6,"level":"info","message":"Modified weather for route test_route","newCondition":"rain","service":"primalcode-mcp","timestamp":"2025-07-15T14:21:07.300Z","weatherType":"rain"}
{"changeType":"weather_changed","level":"info","location":{"x":50,"y":50},"message":"Notified 1 monsters of environmental change","routeId":"test_route","service":"primalcode-mcp","timestamp":"2025-07-15T14:21:07.301Z"}
{"level":"info","message":"Generated environment for route test_route","routeName":"Test Forest","service":"primalcode-mcp","timestamp":"2025-07-15T14:21:07.301Z"}
{"level":"info","message":"Generated aggressive_hunter shadow_wolf monster","monsterId":"monster_1","service":"primalcode-mcp","timestamp":"2025-07-15T14:21:07.301Z"}
{"args":{"intensity":0.5,"route_id":"test_route","weather_type":"normal"},"level":"info","message":"Executing modify_weather tool","service":"primalcode-mcp","timestamp":"2025-07-15T14:21:07.301Z"}
{"intensity":0.5,"level":"info","message":"Modified weather for route test_route","newCondition":"clear","service":"primalcode-mcp","timestamp":"2025-07-15T14:21:07.301Z","weatherType":"normal"}
{"changeType":"weather_changed","level":"info","location":{"x":50,"y":50},"message":"Notified 1 monsters of environmental change","routeId":"test_route","service":"primalcode-mcp","timestamp":"2025-07-15T14:21:07.301Z"}
{"level":"info","message":"Generated environment for route test_route","routeName":"Test Forest","service":"primalcode-mcp","timestamp":"2025-07-15T14:21:07.301Z"}
{"level":"info","message":"Generated aggressive_hunter shadow_wolf monster","monsterId":"monster_1","service":"primalcode-mcp","timestamp":"2025-07-15T14:21:07.301Z"}
{"args":{"intensity":0.7,"route_id":"test_route","weather_type":"rain"},"level":"info","message":"Executing modify_weather tool","service":"primalcode-mcp","timestamp":"2025-07-15T14:21:07.301Z"}
{"intensity":0.7,"level":"info","message":"Modified weather for route test_route","newCondition":"rain","service":"primalcode-mcp","timestamp":"2025-07-15T14:21:07.301Z","weatherType":"rain"}
{"changeType":"weather_changed","level":"info","location":{"x":50,"y":50},"message":"Notified 1 monsters of environmental change","routeId":"test_route","service":"primalcode-mcp","timestamp":"2025-07-15T14:21:07.301Z"}
{"level":"info","message":"Generated environment for route test_route","routeName":"Test Forest","service":"primalcode-mcp","timestamp":"2025-07-15T14:21:07.302Z"}
{"level":"info","message":"Generated aggressive_hunter shadow_wolf monster","monsterId":"monster_1","service":"primalcode-mcp","timestamp":"2025-07-15T14:21:07.302Z"}
{"level":"info","message":"Generated pack_leader ember_hawk monster","monsterId":"monster_2","service":"primalcode-mcp","timestamp":"2025-07-15T14:21:07.302Z"}
{"args":{"intensity":0.8,"route_id":"test_route","weather_type":"storm"},"level":"info","message":"Executing modify_weather tool","service":"primalcode-mcp","timestamp":"2025-07-15T14:21:07.302Z"}
{"intensity":0.8,"level":"info","message":"Modified weather for route test_route","newCondition":"storm","service":"primalcode-mcp","timestamp":"2025-07-15T14:21:07.302Z","weatherType":"storm"}
{"changeType":"weather_changed","level":"info","location":{"x":50,"y":50},"message":"Notified 2 monsters of environmental change","routeId":"test_route","service":"primalcode-mcp","timestamp":"2025-07-15T14:21:07.302Z"}
{"level":"info","message":"Generated environment for route test_route","routeName":"Test Forest","service":"primalcode-mcp","timestamp":"2025-07-15T14:21:07.281Z"}
{"level":"info","message":"Generated aggressive_hunter shadow_wolf monster","monsterId":"monster_1","service":"primalcode-mcp","timestamp":"2025-07-15T14:21:07.283Z"}
{"args":{"location":{"x":50,"y":50},"route_id":"test_route","shelter_type":"cave"},"level":"info","message":"Executing build_shelter tool","service":"primalcode-mcp","timestamp":"2025-07-15T14:21:07.283Z"}
{"capacity":2,"level":"info","location":{"x":50,"y":50},"message":"Built shelter in route test_route","service":"primalcode-mcp","shelterType":"cave","timestamp":"2025-07-15T14:21:07.284Z"}
{"changeType":"shelter_built","level":"info","location":{"x":50,"y":50},"message":"Notified 1 monsters of environmental change","routeId":"test_route","service":"primalcode-mcp","timestamp":"2025-07-15T14:21:07.284Z"}
{"level":"info","message":"Generated environment for route test_route","routeName":"Test Forest","service":"primalcode-mcp","timestamp":"2025-07-15T14:21:07.297Z"}
{"level":"info","message":"Generated aggressive_hunter shadow_wolf monster","monsterId":"monster_1","service":"primalcode-mcp","timestamp":"2025-07-15T14:21:07.297Z"}
{"args":{"location":{"x":30,"y":30},"route_id":"test_route","shelter_type":"burrow"},"level":"info","message":"Executing build_shelter tool","service":"primalcode-mcp","timestamp":"2025-07-15T14:21:07.297Z"}
{"capacity":2,"level":"info","location":{"x":30,"y":30},"message":"Built shelter in route test_route","service":"primalcode-mcp","shelterType":"burrow","timestamp":"2025-07-15T14:21:07.297Z"}
{"changeType":"shelter_built","level":"info","location":{"x":30,"y":30},"message":"Notified 1 monsters of environmental change","routeId":"test_route","service":"primalcode-mcp","timestamp":"2025-07-15T14:21:07.298Z"}
{"level":"info","message":"Generated environment for route test_route","routeName":"Test Forest","service":"primalcode-mcp","timestamp":"2025-07-15T14:21:07.298Z"}
{"level":"info","message":"Generated aggressive_hunter shadow_wolf monster","monsterId":"monster_1","service":"primalcode-mcp","timestamp":"2025-07-15T14:21:07.298Z"}
{"args":{"location":{"x":25,"y":25},"route_id":"test_route","shelter_type":"tree"},"level":"info","message":"Executing build_shelter tool","service":"primalcode-mcp","timestamp":"2025-07-15T14:21:07.298Z"}
{"capacity":4,"level":"info","location":{"x":25,"y":25},"message":"Built shelter in route test_route","service":"primalcode-mcp","shelterType":"tree","timestamp":"2025-07-15T14:21:07.298Z"}
{"changeType":"shelter_built","level":"info","location":{"x":25,"y":25},"message":"Notified 1 monsters of environmental change","routeId":"test_route","service":"primalcode-mcp","timestamp":"2025-07-15T14:21:07.298Z"}
{"level":"info","message":"Generated environment for route test_route","routeName":"Test Forest","service":"primalcode-mcp","timestamp":"2025-07-15T14:21:07.299Z"}
{"level":"info","message":"Generated aggressive_hunter shadow_wolf monster","monsterId":"monster_1","service":"primalcode-mcp","timestamp":"2025-07-15T14:21:07.299Z"}
{"args":{"location":{"x":60,"y":60},"route_id":"test_route","shelter_type":"rock"},"level":"info","message":"Executing build_shelter tool","service":"primalcode-mcp","timestamp":"2025-07-15T14:21:07.299Z"}
{"capacity":2,"level":"info","location":{"x":60,"y":60},"message":"Built shelter in route test_route","service":"primalcode-mcp","shelterType":"rock","timestamp":"2025-07-15T14:21:07.299Z"}
{"changeType":"shelter_built","level":"info","location":{"x":60,"y":60},"message":"Notified 1 monsters of environmental change","routeId":"test_route","service":"primalcode-mcp","timestamp":"2025-07-15T14:21:07.299Z"}
{"level":"info","message":"Generated environment for route test_route","routeName":"Test Forest","service":"primalcode-mcp","timestamp":"2025-07-15T14:21:07.300Z"}
{"level":"info","message":"Generated aggressive_hunter shadow_wolf monster","monsterId":"monster_1","service":"primalcode-mcp","timestamp":"2025-07-15T14:21:07.300Z"}
{"level":"info","message":"Generated cautious_forager wind_stag monster","monsterId":"monster_2","service":"primalcode-mcp","timestamp":"2025-07-15T14:21:07.300Z"}
{"args":{"location":{"x":20,"y":20},"route_id":"test_route","shelter_type":"burrow"},"level":"info","message":"Executing build_shelter tool","service":"primalcode-mcp","timestamp":"2025-07-15T14:21:07.300Z"}
{"capacity":2,"level":"info","location":{"x":20,"y":20},"message":"Built shelter in route test_route","service":"primalcode-mcp","shelterType":"burrow","timestamp":"2025-07-15T14:21:07.300Z"}
{"changeType":"shelter_built","level":"info","location":{"x":20,"y":20},"message":"Notified 2 monsters of environmental change","routeId":"test_route","service":"primalcode-mcp","timestamp":"2025-07-15T14:21:07.300Z"}
{"level":"info","message":"Generated environment for route test_route","routeName":"Test Forest","service":"primalcode-mcp","timestamp":"2025-07-15T14:21:07.300Z"}
{"level":"info","message":"Generated aggressive_hunter shadow_wolf monster","monsterId":"monster_1","service":"primalcode-mcp","timestamp":"2025-07-15T14:21:07.300Z"}
{"level":"info","message":"Generated pack_leader frost_bear monster","monsterId":"monster_2","service":"primalcode-mcp","timestamp":"2025-07-15T14:21:07.300Z"}
{"args":{"location":{"x":25,"y":25},"route_id":"test_route","shelter_type":"cave"},"level":"info","message":"Executing build_shelter tool","service":"primalcode-mcp","timestamp":"2025-07-15T14:21:07.300Z"}
{"capacity":3,"level":"info","location":{"x":25,"y":25},"message":"Built shelter in route test_route","service":"primalcode-mcp","shelterType":"cave","timestamp":"2025-07-15T14:21:07.300Z"}
{"changeType":"shelter_built","level":"info","location":{"x":25,"y":25},"message":"Notified 2 monsters of environmental change","routeId":"test_route","service":"primalcode-mcp","timestamp":"2025-07-15T14:21:07.301Z"}
{"level":"info","message":"Generated environment for route test_route","routeName":"Test Forest","service":"primalcode-mcp","timestamp":"2025-07-15T14:21:07.301Z"}
{"level":"info","message":"Generated aggressive_hunter shadow_wolf monster","monsterId":"monster_1","service":"primalcode-mcp","timestamp":"2025-07-15T14:21:07.301Z"}
{"args":{"location":{"x":10,"y":10},"route_id":"test_route","shelter_type":"cave"},"level":"info","message":"Executing build_shelter tool","service":"primalcode-mcp","timestamp":"2025-07-15T14:21:07.301Z"}
{"capacity":4,"level":"info","location":{"x":10,"y":10},"message":"Built shelter in route test_route","service":"primalcode-mcp","shelterType":"cave","timestamp":"2025-07-15T14:21:07.301Z"}
{"changeType":"shelter_built","level":"info","location":{"x":10,"y":10},"message":"Notified 1 monsters of environmental change","routeId":"test_route","service":"primalcode-mcp","timestamp":"2025-07-15T14:21:07.301Z"}
{"level":"info","message":"Generated environment for route test_route","routeName":"Test Forest","service":"primalcode-mcp","timestamp":"2025-07-15T14:21:07.301Z"}
{"level":"info","message":"Generated aggressive_hunter shadow_wolf monster","monsterId":"monster_1","service":"primalcode-mcp","timestamp":"2025-07-15T14:21:07.301Z"}
{"level":"info","message":"Generated cautious_forager ember_hawk monster","monsterId":"monster_2","service":"primalcode-mcp","timestamp":"2025-07-15T14:21:07.302Z"}
{"args":{"location":{"x":25,"y":25},"route_id":"test_route","shelter_type":"burrow"},"level":"info","message":"Executing build_shelter tool","service":"primalcode-mcp","timestamp":"2025-07-15T14:21:07.302Z"}
{"capacity":2,"level":"info","location":{"x":25,"y":25},"message":"Built shelter in route test_route","service":"primalcode-mcp","shelterType":"burrow","timestamp":"2025-07-15T14:21:07.302Z"}
{"changeType":"shelter_built","level":"info","location":{"x":25,"y":25},"message":"Notified 2 monsters of environmental change","routeId":"test_route","service":"primalcode-mcp","timestamp":"2025-07-15T14:21:07.302Z"}
{"level":"info","message":"Generated environment for route test_route","routeName":"Test Forest","service":"primalcode-mcp","timestamp":"2025-07-15T14:21:07.302Z"}
{"level":"info","message":"Generated aggressive_hunter shadow_wolf monster","monsterId":"monster_1","service":"primalcode-mcp","timestamp":"2025-07-15T14:21:07.302Z"}
{"args":{"location":{"x":40,"y":40},"route_id":"test_route","shelter_type":"tree"},"level":"info","message":"Executing build_shelter tool","service":"primalcode-mcp","timestamp":"2025-07-15T14:21:07.302Z"}
{"capacity":4,"level":"info","location":{"x":40,"y":40},"message":"Built shelter in route test_route","service":"primalcode-mcp","shelterType":"tree","timestamp":"2025-07-15T14:21:07.302Z"}
{"changeType":"shelter_built","level":"info","location":{"x":40,"y":40},"message":"Notified 1 monsters of environmental change","routeId":"test_route","service":"primalcode-mcp","timestamp":"2025-07-15T14:21:07.302Z"}
{"level":"info","message":"Generated environment for route test_route","routeName":"Test Forest","service":"primalcode-mcp","timestamp":"2025-07-15T14:21:07.303Z"}
{"level":"info","message":"Generated aggressive_hunter shadow_wolf monster","monsterId":"monster_1","service":"primalcode-mcp","timestamp":"2025-07-15T14:21:07.303Z"}
{"args":{"location":{"x":35,"y":35},"route_id":"test_route","shelter_type":"cave"},"level":"info","message":"Executing build_shelter tool","service":"primalcode-mcp","timestamp":"2025-07-15T14:21:07.303Z"}
{"capacity":2,"level":"info","location":{"x":35,"y":35},"message":"Built shelter in route test_route","service":"primalcode-mcp","shelterType":"cave","timestamp":"2025-07-15T14:21:07.303Z"}
{"changeType":"shelter_built","level":"info","location":{"x":35,"y":35},"message":"Notified 1 monsters of environmental change","routeId":"test_route","service":"primalcode-mcp","timestamp":"2025-07-15T14:21:07.303Z"}
{"level":"info","message":"Generated environment for route test_route","routeName":"Test Forest","service":"primalcode-mcp","timestamp":"2025-07-15T14:21:07.303Z"}
{"level":"info","message":"Generated aggressive_hunter shadow_wolf monster","monsterId":"monster_1","service":"primalcode-mcp","timestamp":"2025-07-15T14:21:07.303Z"}
{"args":{"location":{"x":50,"y":50},"route_id":"invalid_route","shelter_type":"cave"},"level":"info","message":"Executing build_shelter tool","service":"primalcode-mcp","timestamp":"2025-07-15T14:21:07.303Z"}
{"args":{"location":{"x":50,"y":50},"route_id":"invalid_route","shelter_type":"cave"},"error":{},"level":"error","message":"Error executing build_shelter tool","service":"primalcode-mcp","timestamp":"2025-07-15T14:21:07.303Z"}
{"level":"info","message":"Generated environment for route test_route","routeName":"Test Forest","service":"primalcode-mcp","timestamp":"2025-07-15T14:21:07.303Z"}
{"level":"info","message":"Generated aggressive_hunter shadow_wolf monster","monsterId":"monster_1","service":"primalcode-mcp","timestamp":"2025-07-15T14:21:07.303Z"}
{"args":{"location":{"x":50},"route_id":"test_route","shelter_type":"cave"},"level":"info","message":"Executing build_shelter tool","service":"primalcode-mcp","timestamp":"2025-07-15T14:21:07.303Z"}
{"args":{"location":{"x":50},"route_id":"test_route","shelter_type":"cave"},"error":{},"level":"error","message":"Error executing build_shelter tool","service":"primalcode-mcp","timestamp":"2025-07-15T14:21:07.303Z"}
{"level":"info","message":"Generated environment for route test_route","routeName":"Test Forest","service":"primalcode-mcp","timestamp":"2025-07-15T14:21:07.304Z"}
{"level":"info","message":"Generated aggressive_hunter shadow_wolf monster","monsterId":"monster_1","service":"primalcode-mcp","timestamp":"2025-07-15T14:21:07.304Z"}
{"level":"info","message":"Generated environment for route empty_route","routeName":"Empty Forest","service":"primalcode-mcp","timestamp":"2025-07-15T14:21:07.304Z"}
{"args":{"location":{"x":50,"y":50},"route_id":"empty_route","shelter_type":"cave"},"level":"info","message":"Executing build_shelter tool","service":"primalcode-mcp","timestamp":"2025-07-15T14:21:07.304Z"}
{"capacity":3,"level":"info","location":{"x":50,"y":50},"message":"Built shelter in route empty_route","service":"primalcode-mcp","shelterType":"cave","timestamp":"2025-07-15T14:21:07.304Z"}
{"changeType":"shelter_built","level":"info","location":{"x":50,"y":50},"message":"Notified 0 monsters of environmental change","routeId":"empty_route","service":"primalcode-mcp","timestamp":"2025-07-15T14:21:07.304Z"}
{"level":"info","message":"Generated environment for route test_route","routeName":"Test Forest","service":"primalcode-mcp","timestamp":"2025-07-15T14:21:07.304Z"}
{"level":"info","message":"Generated aggressive_hunter shadow_wolf monster","monsterId":"monster_1","service":"primalcode-mcp","timestamp":"2025-07-15T14:21:07.304Z"}
{"args":{"location":{"x":45,"y":45},"route_id":"test_route","shelter_type":"burrow"},"level":"info","message":"Executing build_shelter tool","service":"primalcode-mcp","timestamp":"2025-07-15T14:21:07.304Z"}
{"capacity":3,"level":"info","location":{"x":45,"y":45},"message":"Built shelter in route test_route","service":"primalcode-mcp","shelterType":"burrow","timestamp":"2025-07-15T14:21:07.304Z"}
{"changeType":"shelter_built","level":"info","location":{"x":45,"y":45},"message":"Notified 1 monsters of environmental change","routeId":"test_route","service":"primalcode-mcp","timestamp":"2025-07-15T14:21:07.304Z"}
{"level":"info","message":"Generated environment for route test_route","routeName":"Test Forest","service":"primalcode-mcp","timestamp":"2025-07-15T14:21:07.305Z"}
{"level":"info","message":"Generated aggressive_hunter shadow_wolf monster","monsterId":"monster_1","service":"primalcode-mcp","timestamp":"2025-07-15T14:21:07.305Z"}
{"args":{"location":{"x":50,"y":50},"route_id":"test_route","shelter_type":"cave"},"level":"info","message":"Executing build_shelter tool","service":"primalcode-mcp","timestamp":"2025-07-15T14:21:07.305Z"}
{"capacity":2,"level":"info","location":{"x":50,"y":50},"message":"Built shelter in route test_route","service":"primalcode-mcp","shelterType":"cave","timestamp":"2025-07-15T14:21:07.305Z"}
{"changeType":"shelter_built","level":"info","location":{"x":50,"y":50},"message":"Notified 1 monsters of environmental change","routeId":"test_route","service":"primalcode-mcp","timestamp":"2025-07-15T14:21:07.305Z"}
{"level":"info","message":"Generated environment for route test_route","routeName":"Test Forest","service":"primalcode-mcp","timestamp":"2025-07-15T14:21:07.306Z"}
{"level":"info","message":"Generated aggressive_hunter shadow_wolf monster","monsterId":"monster_1","service":"primalcode-mcp","timestamp":"2025-07-15T14:21:07.306Z"}
{"args":{"location":{"x":40,"y":40},"route_id":"test_route","shelter_type":"rock"},"level":"info","message":"Executing build_shelter tool","service":"primalcode-mcp","timestamp":"2025-07-15T14:21:07.306Z"}
{"capacity":4,"level":"info","location":{"x":40,"y":40},"message":"Built shelter in route test_route","service":"primalcode-mcp","shelterType":"rock","timestamp":"2025-07-15T14:21:07.306Z"}
{"changeType":"shelter_built","level":"info","location":{"x":40,"y":40},"message":"Notified 1 monsters of environmental change","routeId":"test_route","service":"primalcode-mcp","timestamp":"2025-07-15T14:21:07.306Z"}
{"level":"info","message":"Generated environment for route test_route","routeName":"Test Forest","service":"primalcode-mcp","timestamp":"2025-07-15T14:21:07.306Z"}
{"level":"info","message":"Generated aggressive_hunter shadow_wolf monster","monsterId":"monster_1","service":"primalcode-mcp","timestamp":"2025-07-15T14:21:07.306Z"}
{"level":"info","message":"Generated aggressive_hunter stone_serpent monster","monsterId":"monster_2","service":"primalcode-mcp","timestamp":"2025-07-15T14:21:07.307Z"}
{"args":{"location":{"x":35,"y":35},"route_id":"test_route","shelter_type":"tree"},"level":"info","message":"Executing build_shelter tool","service":"primalcode-mcp","timestamp":"2025-07-15T14:21:07.307Z"}
{"capacity":2,"level":"info","location":{"x":35,"y":35},"message":"Built shelter in route test_route","service":"primalcode-mcp","shelterType":"tree","timestamp":"2025-07-15T14:21:07.307Z"}
{"changeType":"shelter_built","level":"info","location":{"x":35,"y":35},"message":"Notified 2 monsters of environmental change","routeId":"test_route","service":"primalcode-mcp","timestamp":"2025-07-15T14:21:07.307Z"}
{"level":"info","message":"Generated environment for route test_route","routeName":"Test Forest","service":"primalcode-mcp","timestamp":"2025-07-15T14:21:07.307Z"}
{"level":"info","message":"Generated aggressive_hunter shadow_wolf monster","monsterId":"monster_1","service":"primalcode-mcp","timestamp":"2025-07-15T14:21:07.307Z"}
{"level":"info","message":"Generated cautious_forager wind_stag monster","monsterId":"monster_2","service":"primalcode-mcp","timestamp":"2025-07-15T14:21:07.307Z"}
{"level":"info","message":"Generated cautious_forager wind_stag monster","monsterId":"monster_3","service":"primalcode-mcp","timestamp":"2025-07-15T14:21:07.307Z"}
{"level":"info","message":"Generated cautious_forager wind_stag monster","monsterId":"monster_4","service":"primalcode-mcp","timestamp":"2025-07-15T14:21:07.307Z"}
{"level":"info","message":"Generated cautious_forager wind_stag monster","monsterId":"monster_5","service":"primalcode-mcp","timestamp":"2025-07-15T14:21:07.307Z"}
{"level":"info","message":"Generated cautious_forager wind_stag monster","monsterId":"monster_6","service":"primalcode-mcp","timestamp":"2025-07-15T14:21:07.307Z"}
{"level":"info","message":"Generated cautious_forager wind_stag monster","monsterId":"monster_7","service":"primalcode-mcp","timestamp":"2025-07-15T14:21:07.307Z"}
{"args":{"location":{"x":25,"y":25},"route_id":"test_route","shelter_type":"cave"},"level":"info","message":"Executing build_shelter tool","service":"primalcode-mcp","timestamp":"2025-07-15T14:21:07.307Z"}
{"capacity":3,"level":"info","location":{"x":25,"y":25},"message":"Built shelter in route test_route","service":"primalcode-mcp","shelterType":"cave","timestamp":"2025-07-15T14:21:07.307Z"}
{"changeType":"shelter_built","level":"info","location":{"x":25,"y":25},"message":"Notified 7 monsters of environmental change","routeId":"test_route","service":"primalcode-mcp","timestamp":"2025-07-15T14:21:07.307Z"}
{"level":"info","message":"Generated environment for route test_route","routeName":"Test Forest","service":"primalcode-mcp","timestamp":"2025-07-15T14:21:07.316Z"}
{"level":"info","message":"Generated aggressive_hunter shadow_wolf monster","monsterId":"monster_1","service":"primalcode-mcp","timestamp":"2025-07-15T14:21:07.316Z"}
{"args":{"location":{"x":55,"y":55},"route_id":"test_route","shelter_type":"burrow"},"level":"info","message":"Executing build_shelter tool","service":"primalcode-mcp","timestamp":"2025-07-15T14:21:07.316Z"}
{"capacity":2,"level":"info","location":{"x":55,"y":55},"message":"Built shelter in route test_route","service":"primalcode-mcp","shelterType":"burrow","timestamp":"2025-07-15T14:21:07.316Z"}
{"changeType":"shelter_built","level":"info","location":{"x":55,"y":55},"message":"Notified 1 monsters of environmental change","routeId":"test_route","service":"primalcode-mcp","timestamp":"2025-07-15T14:21:07.316Z"}
{"level":"info","message":"Generated environment for route test_route","routeName":"Test Forest","service":"primalcode-mcp","timestamp":"2025-07-15T14:21:20.792Z"}
{"level":"info","message":"Generated aggressive_hunter shadow_wolf monster","monsterId":"monster_1","service":"primalcode-mcp","timestamp":"2025-07-15T14:21:20.801Z"}
{"args":{"intensity":0.7,"route_id":"test_route","weather_type":"rain"},"level":"info","message":"Executing modify_weather tool","service":"primalcode-mcp","timestamp":"2025-07-15T14:21:20.802Z"}
{"intensity":0.7,"level":"info","message":"Modified weather for route test_route","newCondition":"rain","service":"primalcode-mcp","timestamp":"2025-07-15T14:21:20.803Z","weatherType":"rain"}
{"changeType":"weather_changed","level":"info","location":{"x":50,"y":50},"message":"Notified 1 monsters of environmental change","routeId":"test_route","service":"primalcode-mcp","timestamp":"2025-07-15T14:21:20.804Z"}
{"level":"info","message":"Generated environment for route test_route","routeName":"Test Forest","service":"primalcode-mcp","timestamp":"2025-07-15T14:21:20.834Z"}
{"level":"info","message":"Generated aggressive_hunter shadow_wolf monster","monsterId":"monster_1","service":"primalcode-mcp","timestamp":"2025-07-15T14:21:20.835Z"}
{"args":{"intensity":0.8,"route_id":"test_route","weather_type":"heat"},"level":"info","message":"Executing modify_weather tool","service":"primalcode-mcp","timestamp":"2025-07-15T14:21:20.835Z"}
{"intensity":0.8,"level":"info","message":"Modified weather for route test_route","newCondition":"clear","service":"primalcode-mcp","timestamp":"2025-07-15T14:21:20.835Z","weatherType":"heat"}
{"changeType":"weather_changed","level":"info","location":{"x":50,"y":50},"message":"Notified 1 monsters of environmental change","routeId":"test_route","service":"primalcode-mcp","timestamp":"2025-07-15T14:21:20.836Z"}
{"level":"info","message":"Generated environment for route test_route","routeName":"Test Forest","service":"primalcode-mcp","timestamp":"2025-07-15T14:21:20.838Z"}
{"level":"info","message":"Generated aggressive_hunter shadow_wolf monster","monsterId":"monster_1","service":"primalcode-mcp","timestamp":"2025-07-15T14:21:20.839Z"}
{"args":{"intensity":0.9,"route_id":"test_route","weather_type":"storm"},"level":"info","message":"Executing modify_weather tool","service":"primalcode-mcp","timestamp":"2025-07-15T14:21:20.840Z"}
{"intensity":0.9,"level":"info","message":"Modified weather for route test_route","newCondition":"storm","service":"primalcode-mcp","timestamp":"2025-07-15T14:21:20.842Z","weatherType":"storm"}
{"changeType":"weather_changed","level":"info","location":{"x":50,"y":50},"message":"Notified 1 monsters of environmental change","routeId":"test_route","service":"primalcode-mcp","timestamp":"2025-07-15T14:21:20.843Z"}
{"level":"info","message":"Generated environment for route test_route","routeName":"Test Forest","service":"primalcode-mcp","timestamp":"2025-07-15T14:21:20.845Z"}
{"level":"info","message":"Generated aggressive_hunter shadow_wolf monster","monsterId":"monster_1","service":"primalcode-mcp","timestamp":"2025-07-15T14:21:20.846Z"}
{"level":"info","message":"Generated cautious_forager wind_stag monster","monsterId":"monster_2","service":"primalcode-mcp","timestamp":"2025-07-15T14:21:20.846Z"}
{"args":{"intensity":0.6,"route_id":"test_route","weather_type":"rain"},"level":"info","message":"Executing modify_weather tool","service":"primalcode-mcp","timestamp":"2025-07-15T14:21:20.846Z"}
{"intensity":0.6,"level":"info","message":"Modified weather for route test_route","newCondition":"rain","service":"primalcode-mcp","timestamp":"2025-07-15T14:21:20.846Z","weatherType":"rain"}
{"changeType":"weather_changed","level":"info","location":{"x":50,"y":50},"message":"Notified 2 monsters of environmental change","routeId":"test_route","service":"primalcode-mcp","timestamp":"2025-07-15T14:21:20.846Z"}
{"level":"info","message":"Generated environment for route test_route","routeName":"Test Forest","service":"primalcode-mcp","timestamp":"2025-07-15T14:21:20.847Z"}
{"level":"info","message":"Generated aggressive_hunter shadow_wolf monster","monsterId":"monster_1","service":"primalcode-mcp","timestamp":"2025-07-15T14:21:20.847Z"}
{"level":"info","message":"Generated pack_leader frost_bear monster","monsterId":"monster_2","service":"primalcode-mcp","timestamp":"2025-07-15T14:21:20.847Z"}
{"args":{"intensity":0.8,"route_id":"test_route","weather_type":"storm"},"level":"info","message":"Executing modify_weather tool","service":"primalcode-mcp","timestamp":"2025-07-15T14:21:20.847Z"}
{"intensity":0.8,"level":"info","message":"Modified weather for route test_route","newCondition":"storm","service":"primalcode-mcp","timestamp":"2025-07-15T14:21:20.847Z","weatherType":"storm"}
{"changeType":"weather_changed","level":"info","location":{"x":50,"y":50},"message":"Notified 2 monsters of environmental change","routeId":"test_route","service":"primalcode-mcp","timestamp":"2025-07-15T14:21:20.847Z"}
{"level":"info","message":"Generated environment for route test_route","routeName":"Test Forest","service":"primalcode-mcp","timestamp":"2025-07-15T14:21:20.848Z"}
{"level":"info","message":"Generated aggressive_hunter shadow_wolf monster","monsterId":"monster_1","service":"primalcode-mcp","timestamp":"2025-07-15T14:21:20.848Z"}
{"args":{"intensity":0.5,"route_id":"test_route","weather_type":"rain"},"level":"info","message":"Executing modify_weather tool","service":"primalcode-mcp","timestamp":"2025-07-15T14:21:20.848Z"}
{"intensity":0.5,"level":"info","message":"Modified weather for route test_route","newCondition":"rain","service":"primalcode-mcp","timestamp":"2025-07-15T14:21:20.849Z","weatherType":"rain"}
{"changeType":"weather_changed","level":"info","location":{"x":50,"y":50},"message":"Notified 1 monsters of environmental change","routeId":"test_route","service":"primalcode-mcp","timestamp":"2025-07-15T14:21:20.849Z"}
{"level":"info","message":"Generated environment for route test_route","routeName":"Test Forest","service":"primalcode-mcp","timestamp":"2025-07-15T14:21:20.849Z"}
{"level":"info","message":"Generated aggressive_hunter shadow_wolf monster","monsterId":"monster_1","service":"primalcode-mcp","timestamp":"2025-07-15T14:21:20.851Z"}
{"args":{"intensity":0.9,"route_id":"test_route","weather_type":"heat"},"level":"info","message":"Executing modify_weather tool","service":"primalcode-mcp","timestamp":"2025-07-15T14:21:20.851Z"}
{"intensity":0.9,"level":"info","message":"Modified weather for route test_route","newCondition":"clear","service":"primalcode-mcp","timestamp":"2025-07-15T14:21:20.851Z","weatherType":"heat"}
{"changeType":"weather_changed","level":"info","location":{"x":50,"y":50},"message":"Notified 1 monsters of environmental change","routeId":"test_route","service":"primalcode-mcp","timestamp":"2025-07-15T14:21:20.852Z"}
{"level":"info","message":"Generated environment for route test_route","routeName":"Test Forest","service":"primalcode-mcp","timestamp":"2025-07-15T14:21:20.853Z"}
{"level":"info","message":"Generated aggressive_hunter shadow_wolf monster","monsterId":"monster_1","service":"primalcode-mcp","timestamp":"2025-07-15T14:21:20.853Z"}
{"args":{"intensity":0.5,"route_id":"invalid_route","weather_type":"rain"},"level":"info","message":"Executing modify_weather tool","service":"primalcode-mcp","timestamp":"2025-07-15T14:21:20.854Z"}
{"args":{"intensity":0.5,"route_id":"invalid_route","weather_type":"rain"},"error":{},"level":"error","message":"Error executing modify_weather tool","service":"primalcode-mcp","timestamp":"2025-07-15T14:21:20.854Z"}
{"level":"info","message":"Generated environment for route test_route","routeName":"Test Forest","service":"primalcode-mcp","timestamp":"2025-07-15T14:21:20.855Z"}
{"level":"info","message":"Generated aggressive_hunter shadow_wolf monster","monsterId":"monster_1","service":"primalcode-mcp","timestamp":"2025-07-15T14:21:20.855Z"}
{"args":{"intensity":1.5,"route_id":"test_route","weather_type":"rain"},"level":"info","message":"Executing modify_weather tool","service":"primalcode-mcp","timestamp":"2025-07-15T14:21:20.856Z"}
{"args":{"intensity":1.5,"route_id":"test_route","weather_type":"rain"},"error":{},"level":"error","message":"Error executing modify_weather tool","service":"primalcode-mcp","timestamp":"2025-07-15T14:21:20.856Z"}
{"level":"info","message":"Generated environment for route test_route","routeName":"Test Forest","service":"primalcode-mcp","timestamp":"2025-07-15T14:21:20.857Z"}
{"level":"info","message":"Generated aggressive_hunter shadow_wolf monster","monsterId":"monster_1","service":"primalcode-mcp","timestamp":"2025-07-15T14:21:20.857Z"}
{"level":"info","message":"Generated environment for route empty_route","routeName":"Empty Forest","service":"primalcode-mcp","timestamp":"2025-07-15T14:21:20.857Z"}
{"args":{"intensity":0.4,"route_id":"empty_route","weather_type":"storm"},"level":"info","message":"Executing modify_weather tool","service":"primalcode-mcp","timestamp":"2025-07-15T14:21:20.858Z"}
{"intensity":0.4,"level":"info","message":"Modified weather for route empty_route","newCondition":"storm","service":"primalcode-mcp","timestamp":"2025-07-15T14:21:20.858Z","weatherType":"storm"}
{"changeType":"weather_changed","level":"info","location":{"x":50,"y":50},"message":"Notified 0 monsters of environmental change","routeId":"empty_route","service":"primalcode-mcp","timestamp":"2025-07-15T14:21:20.858Z"}
{"level":"info","message":"Generated environment for route test_route","routeName":"Test Forest","service":"primalcode-mcp","timestamp":"2025-07-15T14:21:20.858Z"}
{"level":"info","message":"Generated aggressive_hunter shadow_wolf monster","monsterId":"monster_1","service":"primalcode-mcp","timestamp":"2025-07-15T14:21:20.859Z"}
{"args":{"intensity":0.2,"route_id":"test_route","weather_type":"rain"},"level":"info","message":"Executing modify_weather tool","service":"primalcode-mcp","timestamp":"2025-07-15T14:21:20.859Z"}
{"intensity":0.2,"level":"info","message":"Modified weather for route test_route","newCondition":"rain","service":"primalcode-mcp","timestamp":"2025-07-15T14:21:20.859Z","weatherType":"rain"}
{"changeType":"weather_changed","level":"info","location":{"x":50,"y":50},"message":"Notified 1 monsters of environmental change","routeId":"test_route","service":"primalcode-mcp","timestamp":"2025-07-15T14:21:20.860Z"}
{"level":"info","message":"Generated environment for route test_route","routeName":"Test Forest","service":"primalcode-mcp","timestamp":"2025-07-15T14:21:20.861Z"}
{"level":"info","message":"Generated aggressive_hunter shadow_wolf monster","monsterId":"monster_1","service":"primalcode-mcp","timestamp":"2025-07-15T14:21:20.861Z"}
{"args":{"intensity":0.9,"route_id":"test_route","weather_type":"heat"},"level":"info","message":"Executing modify_weather tool","service":"primalcode-mcp","timestamp":"2025-07-15T14:21:20.862Z"}
{"intensity":0.9,"level":"info","message":"Modified weather for route test_route","newCondition":"clear","service":"primalcode-mcp","timestamp":"2025-07-15T14:21:20.862Z","weatherType":"heat"}
{"changeType":"weather_changed","level":"info","location":{"x":50,"y":50},"message":"Notified 1 monsters of environmental change","routeId":"test_route","service":"primalcode-mcp","timestamp":"2025-07-15T14:21:20.862Z"}
{"level":"info","message":"Generated environment for route test_route","routeName":"Test Forest","service":"primalcode-mcp","timestamp":"2025-07-15T14:21:20.864Z"}
{"level":"info","message":"Generated aggressive_hunter shadow_wolf monster","monsterId":"monster_1","service":"primalcode-mcp","timestamp":"2025-07-15T14:21:20.865Z"}
{"args":{"intensity":0.6,"route_id":"test_route","weather_type":"rain"},"level":"info","message":"Executing modify_weather tool","service":"primalcode-mcp","timestamp":"2025-07-15T14:21:20.868Z"}
{"intensity":0.6,"level":"info","message":"Modified weather for route test_route","newCondition":"rain","service":"primalcode-mcp","timestamp":"2025-07-15T14:21:20.868Z","weatherType":"rain"}
{"changeType":"weather_changed","level":"info","location":{"x":50,"y":50},"message":"Notified 1 monsters of environmental change","routeId":"test_route","service":"primalcode-mcp","timestamp":"2025-07-15T14:21:20.868Z"}
{"level":"info","message":"Generated environment for route test_route","routeName":"Test Forest","service":"primalcode-mcp","timestamp":"2025-07-15T14:21:20.875Z"}
{"level":"info","message":"Generated aggressive_hunter shadow_wolf monster","monsterId":"monster_1","service":"primalcode-mcp","timestamp":"2025-07-15T14:21:20.876Z"}
{"args":{"intensity":0.5,"route_id":"test_route","weather_type":"normal"},"level":"info","message":"Executing modify_weather tool","service":"primalcode-mcp","timestamp":"2025-07-15T14:21:20.876Z"}
{"intensity":0.5,"level":"info","message":"Modified weather for route test_route","newCondition":"clear","service":"primalcode-mcp","timestamp":"2025-07-15T14:21:20.877Z","weatherType":"normal"}
{"changeType":"weather_changed","level":"info","location":{"x":50,"y":50},"message":"Notified 1 monsters of environmental change","routeId":"test_route","service":"primalcode-mcp","timestamp":"2025-07-15T14:21:20.877Z"}
{"level":"info","message":"Generated environment for route test_route","routeName":"Test Forest","service":"primalcode-mcp","timestamp":"2025-07-15T14:21:20.881Z"}
{"level":"info","message":"Generated aggressive_hunter shadow_wolf monster","monsterId":"monster_1","service":"primalcode-mcp","timestamp":"2025-07-15T14:21:20.881Z"}
{"args":{"intensity":0.7,"route_id":"test_route","weather_type":"rain"},"level":"info","message":"Executing modify_weather tool","service":"primalcode-mcp","timestamp":"2025-07-15T14:21:20.881Z"}
{"intensity":0.7,"level":"info","message":"Modified weather for route test_route","newCondition":"rain","service":"primalcode-mcp","timestamp":"2025-07-15T14:21:20.881Z","weatherType":"rain"}
{"changeType":"weather_changed","level":"info","location":{"x":50,"y":50},"message":"Notified 1 monsters of environmental change","routeId":"test_route","service":"primalcode-mcp","timestamp":"2025-07-15T14:21:20.881Z"}
{"level":"info","message":"Generated environment for route test_route","routeName":"Test Forest","service":"primalcode-mcp","timestamp":"2025-07-15T14:21:20.883Z"}
{"level":"info","message":"Generated aggressive_hunter shadow_wolf monster","monsterId":"monster_1","service":"primalcode-mcp","timestamp":"2025-07-15T14:21:20.884Z"}
{"level":"info","message":"Generated pack_leader ember_hawk monster","monsterId":"monster_2","service":"primalcode-mcp","timestamp":"2025-07-15T14:21:20.884Z"}
{"args":{"intensity":0.8,"route_id":"test_route","weather_type":"storm"},"level":"info","message":"Executing modify_weather tool","service":"primalcode-mcp","timestamp":"2025-07-15T14:21:20.884Z"}
{"intensity":0.8,"level":"info","message":"Modified weather for route test_route","newCondition":"storm","service":"primalcode-mcp","timestamp":"2025-07-15T14:21:20.885Z","weatherType":"storm"}
{"changeType":"weather_changed","level":"info","location":{"x":50,"y":50},"message":"Notified 2 monsters of environmental change","routeId":"test_route","service":"primalcode-mcp","timestamp":"2025-07-15T14:21:20.886Z"}
{"level":"info","message":"Generated environment for route test_route","routeName":"Test Forest","service":"primalcode-mcp","timestamp":"2025-07-15T14:21:21.050Z"}
{"level":"info","message":"Generated aggressive_hunter shadow_wolf monster","monsterId":"monster_1","service":"primalcode-mcp","timestamp":"2025-07-15T14:21:21.054Z"}
{"args":{"food_type":"meat","location":{"x":50,"y":50},"route_id":"test_route"},"level":"info","message":"Executing place_food tool","service":"primalcode-mcp","timestamp":"2025-07-15T14:21:21.054Z"}
{"foodType":"meat","level":"info","location":{"x":50,"y":50},"message":"Added food source to route test_route","quality":0.974010608032238,"service":"primalcode-mcp","timestamp":"2025-07-15T14:21:21.055Z"}
{"changeType":"food_placed","level":"info","location":{"x":50,"y":50},"message":"Notified 1 monsters of environmental change","routeId":"test_route","service":"primalcode-mcp","timestamp":"2025-07-15T14:21:21.055Z"}
{"level":"info","message":"Generated environment for route test_route","routeName":"Test Forest","service":"primalcode-mcp","timestamp":"2025-07-15T14:21:21.072Z"}
{"level":"info","message":"Generated aggressive_hunter shadow_wolf monster","monsterId":"monster_1","service":"primalcode-mcp","timestamp":"2025-07-15T14:21:21.073Z"}
{"args":{"food_type":"plants","location":{"x":30,"y":30},"route_id":"test_route"},"level":"info","message":"Executing place_food tool","service":"primalcode-mcp","timestamp":"2025-07-15T14:21:21.073Z"}
{"foodType":"plants","level":"info","location":{"x":30,"y":30},"message":"Added food source to route test_route","quality":0.7916095980095579,"service":"primalcode-mcp","timestamp":"2025-07-15T14:21:21.074Z"}
{"changeType":"food_placed","level":"info","location":{"x":30,"y":30},"message":"Notified 1 monsters of environmental change","routeId":"test_route","service":"primalcode-mcp","timestamp":"2025-07-15T14:21:21.075Z"}
{"level":"info","message":"Generated environment for route test_route","routeName":"Test Forest","service":"primalcode-mcp","timestamp":"2025-07-15T14:21:21.076Z"}
{"level":"info","message":"Generated aggressive_hunter shadow_wolf monster","monsterId":"monster_1","service":"primalcode-mcp","timestamp":"2025-07-15T14:21:21.076Z"}
{"level":"info","message":"Generated cautious_forager wind_stag monster","monsterId":"monster_2","service":"primalcode-mcp","timestamp":"2025-07-15T14:21:21.076Z"}
{"args":{"food_type":"plants","location":{"x":20,"y":20},"route_id":"test_route"},"level":"info","message":"Executing place_food tool","service":"primalcode-mcp","timestamp":"2025-07-15T14:21:21.076Z"}
{"foodType":"plants","level":"info","location":{"x":20,"y":20},"message":"Added food source to route test_route","quality":0.9827908889844641,"service":"primalcode-mcp","timestamp":"2025-07-15T14:21:21.076Z"}
{"changeType":"food_placed","level":"info","location":{"x":20,"y":20},"message":"Notified 2 monsters of environmental change","routeId":"test_route","service":"primalcode-mcp","timestamp":"2025-07-15T14:21:21.076Z"}
{"level":"info","message":"Generated environment for route test_route","routeName":"Test Forest","service":"primalcode-mcp","timestamp":"2025-07-15T14:21:21.077Z"}
{"level":"info","message":"Generated aggressive_hunter shadow_wolf monster","monsterId":"monster_1","service":"primalcode-mcp","timestamp":"2025-07-15T14:21:21.077Z"}
{"args":{"food_type":"meat","location":{"x":10,"y":10},"route_id":"test_route"},"level":"info","message":"Executing place_food tool","service":"primalcode-mcp","timestamp":"2025-07-15T14:21:21.077Z"}
{"foodType":"meat","level":"info","location":{"x":10,"y":10},"message":"Added food source to route test_route","quality":0.9532681267307038,"service":"primalcode-mcp","timestamp":"2025-07-15T14:21:21.077Z"}
{"changeType":"food_placed","level":"info","location":{"x":10,"y":10},"message":"Notified 1 monsters of environmental change","routeId":"test_route","service":"primalcode-mcp","timestamp":"2025-07-15T14:21:21.078Z"}
{"level":"info","message":"Generated environment for route test_route","routeName":"Test Forest","service":"primalcode-mcp","timestamp":"2025-07-15T14:21:21.078Z"}
{"level":"info","message":"Generated aggressive_hunter shadow_wolf monster","monsterId":"monster_1","service":"primalcode-mcp","timestamp":"2025-07-15T14:21:21.078Z"}
{"args":{"food_type":"water","location":{"x":25,"y":25},"route_id":"test_route"},"level":"info","message":"Executing place_food tool","service":"primalcode-mcp","timestamp":"2025-07-15T14:21:21.078Z"}
{"foodType":"water","level":"info","location":{"x":25,"y":25},"message":"Added food source to route test_route","quality":0.9923893601492926,"service":"primalcode-mcp","timestamp":"2025-07-15T14:21:21.078Z"}
{"changeType":"food_placed","level":"info","location":{"x":25,"y":25},"message":"Notified 1 monsters of environmental change","routeId":"test_route","service":"primalcode-mcp","timestamp":"2025-07-15T14:21:21.078Z"}
{"level":"info","message":"Generated environment for route test_route","routeName":"Test Forest","service":"primalcode-mcp","timestamp":"2025-07-15T14:21:21.079Z"}
{"level":"info","message":"Generated aggressive_hunter shadow_wolf monster","monsterId":"monster_1","service":"primalcode-mcp","timestamp":"2025-07-15T14:21:21.079Z"}
{"args":{"food_type":"meat","location":{"x":50,"y":50},"route_id":"invalid_route"},"level":"info","message":"Executing place_food tool","service":"primalcode-mcp","timestamp":"2025-07-15T14:21:21.079Z"}
{"args":{"food_type":"meat","location":{"x":50,"y":50},"route_id":"invalid_route"},"error":{},"level":"error","message":"Error executing place_food tool","service":"primalcode-mcp","timestamp":"2025-07-15T14:21:21.079Z"}
{"level":"info","message":"Generated environment for route test_route","routeName":"Test Forest","service":"primalcode-mcp","timestamp":"2025-07-15T14:21:21.079Z"}
{"level":"info","message":"Generated aggressive_hunter shadow_wolf monster","monsterId":"monster_1","service":"primalcode-mcp","timestamp":"2025-07-15T14:21:21.079Z"}
{"args":{"food_type":"meat","location":{"x":50},"route_id":"test_route"},"level":"info","message":"Executing place_food tool","service":"primalcode-mcp","timestamp":"2025-07-15T14:21:21.079Z"}
{"args":{"food_type":"meat","location":{"x":50},"route_id":"test_route"},"error":{},"level":"error","message":"Error executing place_food tool","service":"primalcode-mcp","timestamp":"2025-07-15T14:21:21.079Z"}
{"level":"info","message":"Generated environment for route test_route","routeName":"Test Forest","service":"primalcode-mcp","timestamp":"2025-07-15T14:21:21.080Z"}
{"level":"info","message":"Generated aggressive_hunter shadow_wolf monster","monsterId":"monster_1","service":"primalcode-mcp","timestamp":"2025-07-15T14:21:21.080Z"}
{"level":"info","message":"Generated environment for route empty_route","routeName":"Empty Forest","service":"primalcode-mcp","timestamp":"2025-07-15T14:21:21.080Z"}
{"args":{"food_type":"meat","location":{"x":50,"y":50},"route_id":"empty_route"},"level":"info","message":"Executing place_food tool","service":"primalcode-mcp","timestamp":"2025-07-15T14:21:21.080Z"}
{"foodType":"meat","level":"info","location":{"x":50,"y":50},"message":"Added food source to route empty_route","quality":0.9439056968672829,"service":"primalcode-mcp","timestamp":"2025-07-15T14:21:21.080Z"}
{"changeType":"food_placed","level":"info","location":{"x":50,"y":50},"message":"Notified 0 monsters of environmental change","routeId":"empty_route","service":"primalcode-mcp","timestamp":"2025-07-15T14:21:21.080Z"}
{"level":"info","message":"Generated environment for route test_route","routeName":"Test Forest","service":"primalcode-mcp","timestamp":"2025-07-15T14:21:21.080Z"}
{"level":"info","message":"Generated aggressive_hunter shadow_wolf monster","monsterId":"monster_1","service":"primalcode-mcp","timestamp":"2025-07-15T14:21:21.081Z"}
{"args":{"food_type":"meat","location":{"x":40,"y":40},"route_id":"test_route"},"level":"info","message":"Executing place_food tool","service":"primalcode-mcp","timestamp":"2025-07-15T14:21:21.081Z"}
{"foodType":"meat","level":"info","location":{"x":40,"y":40},"message":"Added food source to route test_route","quality":0.9778120430554118,"service":"primalcode-mcp","timestamp":"2025-07-15T14:21:21.081Z"}
{"changeType":"food_placed","level":"info","location":{"x":40,"y":40},"message":"Notified 1 monsters of environmental change","routeId":"test_route","service":"primalcode-mcp","timestamp":"2025-07-15T14:21:21.081Z"}
{"level":"info","message":"Generated environment for route test_route","routeName":"Test Forest","service":"primalcode-mcp","timestamp":"2025-07-15T14:21:21.081Z"}
{"level":"info","message":"Generated aggressive_hunter shadow_wolf monster","monsterId":"monster_1","service":"primalcode-mcp","timestamp":"2025-07-15T14:21:21.081Z"}
{"args":{"food_type":"meat","location":{"x":50,"y":50},"route_id":"test_route"},"level":"info","message":"Executing place_food tool","service":"primalcode-mcp","timestamp":"2025-07-15T14:21:21.082Z"}
{"foodType":"meat","level":"info","location":{"x":50,"y":50},"message":"Added food source to route test_route","quality":0.7818834454441707,"service":"primalcode-mcp","timestamp":"2025-07-15T14:21:21.082Z"}
{"changeType":"food_placed","level":"info","location":{"x":50,"y":50},"message":"Notified 1 monsters of environmental change","routeId":"test_route","service":"primalcode-mcp","timestamp":"2025-07-15T14:21:21.082Z"}
{"level":"info","message":"Generated environment for route test_route","routeName":"Test Forest","service":"primalcode-mcp","timestamp":"2025-07-15T14:21:21.082Z"}
{"level":"info","message":"Generated aggressive_hunter shadow_wolf monster","monsterId":"monster_1","service":"primalcode-mcp","timestamp":"2025-07-15T14:21:21.082Z"}
{"level":"info","message":"Generated pack_leader frost_bear monster","monsterId":"monster_2","service":"primalcode-mcp","timestamp":"2025-07-15T14:21:21.082Z"}
{"args":{"food_type":"meat","location":{"x":25,"y":25},"route_id":"test_route"},"level":"info","message":"Executing place_food tool","service":"primalcode-mcp","timestamp":"2025-07-15T14:21:21.083Z"}
{"foodType":"meat","level":"info","location":{"x":25,"y":25},"message":"Added food source to route test_route","quality":0.7530479947569583,"service":"primalcode-mcp","timestamp":"2025-07-15T14:21:21.083Z"}
{"changeType":"food_placed","level":"info","location":{"x":25,"y":25},"message":"Notified 2 monsters of environmental change","routeId":"test_route","service":"primalcode-mcp","timestamp":"2025-07-15T14:21:21.083Z"}
{"level":"info","message":"Generated environment for route test_route","routeName":"Test Forest","service":"primalcode-mcp","timestamp":"2025-07-15T14:21:21.095Z"}
{"level":"info","message":"Generated aggressive_hunter shadow_wolf monster","monsterId":"monster_1","service":"primalcode-mcp","timestamp":"2025-07-15T14:21:21.097Z"}
{"args":{"location":{"x":50,"y":50},"route_id":"test_route","shelter_type":"cave"},"level":"info","message":"Executing build_shelter tool","service":"primalcode-mcp","timestamp":"2025-07-15T14:21:21.098Z"}
{"capacity":3,"level":"info","location":{"x":50,"y":50},"message":"Built shelter in route test_route","service":"primalcode-mcp","shelterType":"cave","timestamp":"2025-07-15T14:21:21.098Z"}
{"changeType":"shelter_built","level":"info","location":{"x":50,"y":50},"message":"Notified 1 monsters of environmental change","routeId":"test_route","service":"primalcode-mcp","timestamp":"2025-07-15T14:21:21.098Z"}
{"level":"info","message":"Generated environment for route test_route","routeName":"Test Forest","service":"primalcode-mcp","timestamp":"2025-07-15T14:21:21.113Z"}
{"level":"info","message":"Generated aggressive_hunter shadow_wolf monster","monsterId":"monster_1","service":"primalcode-mcp","timestamp":"2025-07-15T14:21:21.113Z"}
{"args":{"location":{"x":30,"y":30},"route_id":"test_route","shelter_type":"burrow"},"level":"info","message":"Executing build_shelter tool","service":"primalcode-mcp","timestamp":"2025-07-15T14:21:21.113Z"}
{"capacity":3,"level":"info","location":{"x":30,"y":30},"message":"Built shelter in route test_route","service":"primalcode-mcp","shelterType":"burrow","timestamp":"2025-07-15T14:21:21.114Z"}
{"changeType":"shelter_built","level":"info","location":{"x":30,"y":30},"message":"Notified 1 monsters of environmental change","routeId":"test_route","service":"primalcode-mcp","timestamp":"2025-07-15T14:21:21.114Z"}
{"level":"info","message":"Generated environment for route test_route","routeName":"Test Forest","service":"primalcode-mcp","timestamp":"2025-07-15T14:21:21.115Z"}
{"level":"info","message":"Generated aggressive_hunter shadow_wolf monster","monsterId":"monster_1","service":"primalcode-mcp","timestamp":"2025-07-15T14:21:21.115Z"}
{"args":{"location":{"x":25,"y":25},"route_id":"test_route","shelter_type":"tree"},"level":"info","message":"Executing build_shelter tool","service":"primalcode-mcp","timestamp":"2025-07-15T14:21:21.115Z"}
{"capacity":4,"level":"info","location":{"x":25,"y":25},"message":"Built shelter in route test_route","service":"primalcode-mcp","shelterType":"tree","timestamp":"2025-07-15T14:21:21.115Z"}
{"changeType":"shelter_built","level":"info","location":{"x":25,"y":25},"message":"Notified 1 monsters of environmental change","routeId":"test_route","service":"primalcode-mcp","timestamp":"2025-07-15T14:21:21.115Z"}
{"level":"info","message":"Generated environment for route test_route","routeName":"Test Forest","service":"primalcode-mcp","timestamp":"2025-07-15T14:21:21.116Z"}
{"level":"info","message":"Generated aggressive_hunter shadow_wolf monster","monsterId":"monster_1","service":"primalcode-mcp","timestamp":"2025-07-15T14:21:21.116Z"}
{"args":{"location":{"x":60,"y":60},"route_id":"test_route","shelter_type":"rock"},"level":"info","message":"Executing build_shelter tool","service":"primalcode-mcp","timestamp":"2025-07-15T14:21:21.116Z"}
{"capacity":3,"level":"info","location":{"x":60,"y":60},"message":"Built shelter in route test_route","service":"primalcode-mcp","shelterType":"rock","timestamp":"2025-07-15T14:21:21.116Z"}
{"changeType":"shelter_built","level":"info","location":{"x":60,"y":60},"message":"Notified 1 monsters of environmental change","routeId":"test_route","service":"primalcode-mcp","timestamp":"2025-07-15T14:21:21.116Z"}
{"level":"info","message":"Generated environment for route test_route","routeName":"Test Forest","service":"primalcode-mcp","timestamp":"2025-07-15T14:21:21.117Z"}
{"level":"info","message":"Generated aggressive_hunter shadow_wolf monster","monsterId":"monster_1","service":"primalcode-mcp","timestamp":"2025-07-15T14:21:21.117Z"}
{"level":"info","message":"Generated cautious_forager wind_stag monster","monsterId":"monster_2","service":"primalcode-mcp","timestamp":"2025-07-15T14:21:21.117Z"}
{"args":{"location":{"x":20,"y":20},"route_id":"test_route","shelter_type":"burrow"},"level":"info","message":"Executing build_shelter tool","service":"primalcode-mcp","timestamp":"2025-07-15T14:21:21.117Z"}
{"capacity":3,"level":"info","location":{"x":20,"y":20},"message":"Built shelter in route test_route","service":"primalcode-mcp","shelterType":"burrow","timestamp":"2025-07-15T14:21:21.117Z"}
{"changeType":"shelter_built","level":"info","location":{"x":20,"y":20},"message":"Notified 2 monsters of environmental change","routeId":"test_route","service":"primalcode-mcp","timestamp":"2025-07-15T14:21:21.117Z"}
{"level":"info","message":"Generated environment for route test_route","routeName":"Test Forest","service":"primalcode-mcp","timestamp":"2025-07-15T14:21:21.118Z"}
{"level":"info","message":"Generated aggressive_hunter shadow_wolf monster","monsterId":"monster_1","service":"primalcode-mcp","timestamp":"2025-07-15T14:21:21.118Z"}
{"level":"info","message":"Generated pack_leader frost_bear monster","monsterId":"monster_2","service":"primalcode-mcp","timestamp":"2025-07-15T14:21:21.118Z"}
{"args":{"location":{"x":25,"y":25},"route_id":"test_route","shelter_type":"cave"},"level":"info","message":"Executing build_shelter tool","service":"primalcode-mcp","timestamp":"2025-07-15T14:21:21.118Z"}
{"capacity":2,"level":"info","location":{"x":25,"y":25},"message":"Built shelter in route test_route","service":"primalcode-mcp","shelterType":"cave","timestamp":"2025-07-15T14:21:21.118Z"}
{"changeType":"shelter_built","level":"info","location":{"x":25,"y":25},"message":"Notified 2 monsters of environmental change","routeId":"test_route","service":"primalcode-mcp","timestamp":"2025-07-15T14:21:21.118Z"}
{"level":"info","message":"Generated environment for route test_route","routeName":"Test Forest","service":"primalcode-mcp","timestamp":"2025-07-15T14:21:21.119Z"}
{"level":"info","message":"Generated aggressive_hunter shadow_wolf monster","monsterId":"monster_1","service":"primalcode-mcp","timestamp":"2025-07-15T14:21:21.119Z"}
{"args":{"location":{"x":10,"y":10},"route_id":"test_route","shelter_type":"cave"},"level":"info","message":"Executing build_shelter tool","service":"primalcode-mcp","timestamp":"2025-07-15T14:21:21.119Z"}
{"capacity":3,"level":"info","location":{"x":10,"y":10},"message":"Built shelter in route test_route","service":"primalcode-mcp","shelterType":"cave","timestamp":"2025-07-15T14:21:21.120Z"}
{"changeType":"shelter_built","level":"info","location":{"x":10,"y":10},"message":"Notified 1 monsters of environmental change","routeId":"test_route","service":"primalcode-mcp","timestamp":"2025-07-15T14:21:21.120Z"}
{"level":"info","message":"Generated environment for route test_route","routeName":"Test Forest","service":"primalcode-mcp","timestamp":"2025-07-15T14:21:21.120Z"}
{"level":"info","message":"Generated aggressive_hunter shadow_wolf monster","monsterId":"monster_1","service":"primalcode-mcp","timestamp":"2025-07-15T14:21:21.120Z"}
{"level":"info","message":"Generated cautious_forager ember_hawk monster","monsterId":"monster_2","service":"primalcode-mcp","timestamp":"2025-07-15T14:21:21.120Z"}
{"args":{"location":{"x":25,"y":25},"route_id":"test_route","shelter_type":"burrow"},"level":"info","message":"Executing build_shelter tool","service":"primalcode-mcp","timestamp":"2025-07-15T14:21:21.120Z"}
{"capacity":2,"level":"info","location":{"x":25,"y":25},"message":"Built shelter in route test_route","service":"primalcode-mcp","shelterType":"burrow","timestamp":"2025-07-15T14:21:21.120Z"}
{"changeType":"shelter_built","level":"info","location":{"x":25,"y":25},"message":"Notified 2 monsters of environmental change","routeId":"test_route","service":"primalcode-mcp","timestamp":"2025-07-15T14:21:21.120Z"}
{"level":"info","message":"Generated environment for route test_route","routeName":"Test Forest","service":"primalcode-mcp","timestamp":"2025-07-15T14:21:21.121Z"}
{"level":"info","message":"Generated aggressive_hunter shadow_wolf monster","monsterId":"monster_1","service":"primalcode-mcp","timestamp":"2025-07-15T14:21:21.121Z"}
{"args":{"location":{"x":40,"y":40},"route_id":"test_route","shelter_type":"tree"},"level":"info","message":"Executing build_shelter tool","service":"primalcode-mcp","timestamp":"2025-07-15T14:21:21.121Z"}
{"capacity":2,"level":"info","location":{"x":40,"y":40},"message":"Built shelter in route test_route","service":"primalcode-mcp","shelterType":"tree","timestamp":"2025-07-15T14:21:21.121Z"}
{"changeType":"shelter_built","level":"info","location":{"x":40,"y":40},"message":"Notified 1 monsters of environmental change","routeId":"test_route","service":"primalcode-mcp","timestamp":"2025-07-15T14:21:21.121Z"}
{"level":"info","message":"Generated environment for route test_route","routeName":"Test Forest","service":"primalcode-mcp","timestamp":"2025-07-15T14:21:21.122Z"}
{"level":"info","message":"Generated aggressive_hunter shadow_wolf monster","monsterId":"monster_1","service":"primalcode-mcp","timestamp":"2025-07-15T14:21:21.122Z"}
{"args":{"location":{"x":35,"y":35},"route_id":"test_route","shelter_type":"cave"},"level":"info","message":"Executing build_shelter tool","service":"primalcode-mcp","timestamp":"2025-07-15T14:21:21.122Z"}
{"capacity":2,"level":"info","location":{"x":35,"y":35},"message":"Built shelter in route test_route","service":"primalcode-mcp","shelterType":"cave","timestamp":"2025-07-15T14:21:21.122Z"}
{"changeType":"shelter_built","level":"info","location":{"x":35,"y":35},"message":"Notified 1 monsters of environmental change","routeId":"test_route","service":"primalcode-mcp","timestamp":"2025-07-15T14:21:21.122Z"}
{"level":"info","message":"Generated environment for route test_route","routeName":"Test Forest","service":"primalcode-mcp","timestamp":"2025-07-15T14:21:21.122Z"}
{"level":"info","message":"Generated aggressive_hunter shadow_wolf monster","monsterId":"monster_1","service":"primalcode-mcp","timestamp":"2025-07-15T14:21:21.122Z"}
{"args":{"location":{"x":50,"y":50},"route_id":"invalid_route","shelter_type":"cave"},"level":"info","message":"Executing build_shelter tool","service":"primalcode-mcp","timestamp":"2025-07-15T14:21:21.122Z"}
{"args":{"location":{"x":50,"y":50},"route_id":"invalid_route","shelter_type":"cave"},"error":{},"level":"error","message":"Error executing build_shelter tool","service":"primalcode-mcp","timestamp":"2025-07-15T14:21:21.122Z"}
{"level":"info","message":"Generated environment for route test_route","routeName":"Test Forest","service":"primalcode-mcp","timestamp":"2025-07-15T14:21:21.122Z"}
{"level":"info","message":"Generated aggressive_hunter shadow_wolf monster","monsterId":"monster_1","service":"primalcode-mcp","timestamp":"2025-07-15T14:21:21.122Z"}
{"args":{"location":{"x":50},"route_id":"test_route","shelter_type":"cave"},"level":"info","message":"Executing build_shelter tool","service":"primalcode-mcp","timestamp":"2025-07-15T14:21:21.123Z"}
{"args":{"location":{"x":50},"route_id":"test_route","shelter_type":"cave"},"error":{},"level":"error","message":"Error executing build_shelter tool","service":"primalcode-mcp","timestamp":"2025-07-15T14:21:21.123Z"}
{"level":"info","message":"Generated environment for route test_route","routeName":"Test Forest","service":"primalcode-mcp","timestamp":"2025-07-15T14:21:21.123Z"}
{"level":"info","message":"Generated aggressive_hunter shadow_wolf monster","monsterId":"monster_1","service":"primalcode-mcp","timestamp":"2025-07-15T14:21:21.123Z"}
{"level":"info","message":"Generated environment for route empty_route","routeName":"Empty Forest","service":"primalcode-mcp","timestamp":"2025-07-15T14:21:21.123Z"}
{"args":{"location":{"x":50,"y":50},"route_id":"empty_route","shelter_type":"cave"},"level":"info","message":"Executing build_shelter tool","service":"primalcode-mcp","timestamp":"2025-07-15T14:21:21.123Z"}
{"capacity":4,"level":"info","location":{"x":50,"y":50},"message":"Built shelter in route empty_route","service":"primalcode-mcp","shelterType":"cave","timestamp":"2025-07-15T14:21:21.123Z"}
{"changeType":"shelter_built","level":"info","location":{"x":50,"y":50},"message":"Notified 0 monsters of environmental change","routeId":"empty_route","service":"primalcode-mcp","timestamp":"2025-07-15T14:21:21.123Z"}
{"level":"info","message":"Generated environment for route test_route","routeName":"Test Forest","service":"primalcode-mcp","timestamp":"2025-07-15T14:21:21.124Z"}
{"level":"info","message":"Generated aggressive_hunter shadow_wolf monster","monsterId":"monster_1","service":"primalcode-mcp","timestamp":"2025-07-15T14:21:21.124Z"}
{"args":{"location":{"x":45,"y":45},"route_id":"test_route","shelter_type":"burrow"},"level":"info","message":"Executing build_shelter tool","service":"primalcode-mcp","timestamp":"2025-07-15T14:21:21.124Z"}
{"capacity":3,"level":"info","location":{"x":45,"y":45},"message":"Built shelter in route test_route","service":"primalcode-mcp","shelterType":"burrow","timestamp":"2025-07-15T14:21:21.124Z"}
{"changeType":"shelter_built","level":"info","location":{"x":45,"y":45},"message":"Notified 1 monsters of environmental change","routeId":"test_route","service":"primalcode-mcp","timestamp":"2025-07-15T14:21:21.124Z"}
{"level":"info","message":"Generated environment for route test_route","routeName":"Test Forest","service":"primalcode-mcp","timestamp":"2025-07-15T14:21:21.125Z"}
{"level":"info","message":"Generated aggressive_hunter shadow_wolf monster","monsterId":"monster_1","service":"primalcode-mcp","timestamp":"2025-07-15T14:21:21.125Z"}
{"args":{"location":{"x":50,"y":50},"route_id":"test_route","shelter_type":"cave"},"level":"info","message":"Executing build_shelter tool","service":"primalcode-mcp","timestamp":"2025-07-15T14:21:21.125Z"}
{"capacity":4,"level":"info","location":{"x":50,"y":50},"message":"Built shelter in route test_route","service":"primalcode-mcp","shelterType":"cave","timestamp":"2025-07-15T14:21:21.125Z"}
{"changeType":"shelter_built","level":"info","location":{"x":50,"y":50},"message":"Notified 1 monsters of environmental change","routeId":"test_route","service":"primalcode-mcp","timestamp":"2025-07-15T14:21:21.125Z"}
{"level":"info","message":"Generated environment for route test_route","routeName":"Test Forest","service":"primalcode-mcp","timestamp":"2025-07-15T14:21:21.126Z"}
{"level":"info","message":"Generated aggressive_hunter shadow_wolf monster","monsterId":"monster_1","service":"primalcode-mcp","timestamp":"2025-07-15T14:21:21.126Z"}
{"args":{"location":{"x":40,"y":40},"route_id":"test_route","shelter_type":"rock"},"level":"info","message":"Executing build_shelter tool","service":"primalcode-mcp","timestamp":"2025-07-15T14:21:21.127Z"}
{"capacity":3,"level":"info","location":{"x":40,"y":40},"message":"Built shelter in route test_route","service":"primalcode-mcp","shelterType":"rock","timestamp":"2025-07-15T14:21:21.127Z"}
{"changeType":"shelter_built","level":"info","location":{"x":40,"y":40},"message":"Notified 1 monsters of environmental change","routeId":"test_route","service":"primalcode-mcp","timestamp":"2025-07-15T14:21:21.127Z"}
{"level":"info","message":"Generated environment for route test_route","routeName":"Test Forest","service":"primalcode-mcp","timestamp":"2025-07-15T14:21:21.138Z"}
{"level":"info","message":"Generated aggressive_hunter shadow_wolf monster","monsterId":"monster_1","service":"primalcode-mcp","timestamp":"2025-07-15T14:21:21.138Z"}
{"level":"info","message":"Generated aggressive_hunter stone_serpent monster","monsterId":"monster_2","service":"primalcode-mcp","timestamp":"2025-07-15T14:21:21.138Z"}
{"args":{"location":{"x":35,"y":35},"route_id":"test_route","shelter_type":"tree"},"level":"info","message":"Executing build_shelter tool","service":"primalcode-mcp","timestamp":"2025-07-15T14:21:21.138Z"}
{"capacity":2,"level":"info","location":{"x":35,"y":35},"message":"Built shelter in route test_route","service":"primalcode-mcp","shelterType":"tree","timestamp":"2025-07-15T14:21:21.138Z"}
{"changeType":"shelter_built","level":"info","location":{"x":35,"y":35},"message":"Notified 2 monsters of environmental change","routeId":"test_route","service":"primalcode-mcp","timestamp":"2025-07-15T14:21:21.138Z"}
{"level":"info","message":"Generated environment for route test_route","routeName":"Test Forest","service":"primalcode-mcp","timestamp":"2025-07-15T14:21:21.139Z"}
{"level":"info","message":"Generated aggressive_hunter shadow_wolf monster","monsterId":"monster_1","service":"primalcode-mcp","timestamp":"2025-07-15T14:21:21.139Z"}
{"level":"info","message":"Generated cautious_forager wind_stag monster","monsterId":"monster_2","service":"primalcode-mcp","timestamp":"2025-07-15T14:21:21.139Z"}
{"level":"info","message":"Generated cautious_forager wind_stag monster","monsterId":"monster_3","service":"primalcode-mcp","timestamp":"2025-07-15T14:21:21.139Z"}
{"level":"info","message":"Generated cautious_forager wind_stag monster","monsterId":"monster_4","service":"primalcode-mcp","timestamp":"2025-07-15T14:21:21.139Z"}
{"level":"info","message":"Generated cautious_forager wind_stag monster","monsterId":"monster_5","service":"primalcode-mcp","timestamp":"2025-07-15T14:21:21.139Z"}
{"level":"info","message":"Generated cautious_forager wind_stag monster","monsterId":"monster_6","service":"primalcode-mcp","timestamp":"2025-07-15T14:21:21.139Z"}
{"level":"info","message":"Generated cautious_forager wind_stag monster","monsterId":"monster_7","service":"primalcode-mcp","timestamp":"2025-07-15T14:21:21.139Z"}
{"args":{"location":{"x":25,"y":25},"route_id":"test_route","shelter_type":"cave"},"level":"info","message":"Executing build_shelter tool","service":"primalcode-mcp","timestamp":"2025-07-15T14:21:21.139Z"}
{"capacity":2,"level":"info","location":{"x":25,"y":25},"message":"Built shelter in route test_route","service":"primalcode-mcp","shelterType":"cave","timestamp":"2025-07-15T14:21:21.139Z"}
{"changeType":"shelter_built","level":"info","location":{"x":25,"y":25},"message":"Notified 7 monsters of environmental change","routeId":"test_route","service":"primalcode-mcp","timestamp":"2025-07-15T14:21:21.139Z"}
{"level":"info","message":"Generated environment for route test_route","routeName":"Test Forest","service":"primalcode-mcp","timestamp":"2025-07-15T14:21:21.139Z"}
{"level":"info","message":"Generated aggressive_hunter shadow_wolf monster","monsterId":"monster_1","service":"primalcode-mcp","timestamp":"2025-07-15T14:21:21.139Z"}
{"args":{"location":{"x":55,"y":55},"route_id":"test_route","shelter_type":"burrow"},"level":"info","message":"Executing build_shelter tool","service":"primalcode-mcp","timestamp":"2025-07-15T14:21:21.139Z"}
{"capacity":4,"level":"info","location":{"x":55,"y":55},"message":"Built shelter in route test_route","service":"primalcode-mcp","shelterType":"burrow","timestamp":"2025-07-15T14:21:21.139Z"}
{"changeType":"shelter_built","level":"info","location":{"x":55,"y":55},"message":"Notified 1 monsters of environmental change","routeId":"test_route","service":"primalcode-mcp","timestamp":"2025-07-15T14:21:21.140Z"}
{"level":"info","message":"Generated environment for route test_route","routeName":"Test Forest","service":"primalcode-mcp","timestamp":"2025-07-15T14:22:28.522Z"}
{"level":"info","message":"Generated aggressive_hunter shadow_wolf monster","monsterId":"monster_1","service":"primalcode-mcp","timestamp":"2025-07-15T14:22:28.523Z"}
{"args":{"location":{"x":50,"y":50},"route_id":"test_route","shelter_type":"cave"},"level":"info","message":"Executing build_shelter tool","service":"primalcode-mcp","timestamp":"2025-07-15T14:22:28.524Z"}
{"capacity":4,"level":"info","location":{"x":50,"y":50},"message":"Built shelter in route test_route","service":"primalcode-mcp","shelterType":"cave","timestamp":"2025-07-15T14:22:28.524Z"}
{"changeType":"shelter_built","level":"info","location":{"x":50,"y":50},"message":"Notified 1 monsters of environmental change","routeId":"test_route","service":"primalcode-mcp","timestamp":"2025-07-15T14:22:28.524Z"}
{"level":"info","message":"Generated environment for route test_route","routeName":"Test Forest","service":"primalcode-mcp","timestamp":"2025-07-15T14:22:28.537Z"}
{"level":"info","message":"Generated aggressive_hunter shadow_wolf monster","monsterId":"monster_1","service":"primalcode-mcp","timestamp":"2025-07-15T14:22:28.537Z"}
{"args":{"location":{"x":30,"y":30},"route_id":"test_route","shelter_type":"burrow"},"level":"info","message":"Executing build_shelter tool","service":"primalcode-mcp","timestamp":"2025-07-15T14:22:28.537Z"}
{"capacity":2,"level":"info","location":{"x":30,"y":30},"message":"Built shelter in route test_route","service":"primalcode-mcp","shelterType":"burrow","timestamp":"2025-07-15T14:22:28.538Z"}
{"changeType":"shelter_built","level":"info","location":{"x":30,"y":30},"message":"Notified 1 monsters of environmental change","routeId":"test_route","service":"primalcode-mcp","timestamp":"2025-07-15T14:22:28.538Z"}
{"level":"info","message":"Generated environment for route test_route","routeName":"Test Forest","service":"primalcode-mcp","timestamp":"2025-07-15T14:22:28.538Z"}
{"level":"info","message":"Generated aggressive_hunter shadow_wolf monster","monsterId":"monster_1","service":"primalcode-mcp","timestamp":"2025-07-15T14:22:28.538Z"}
{"args":{"location":{"x":25,"y":25},"route_id":"test_route","shelter_type":"tree"},"level":"info","message":"Executing build_shelter tool","service":"primalcode-mcp","timestamp":"2025-07-15T14:22:28.539Z"}
{"capacity":4,"level":"info","location":{"x":25,"y":25},"message":"Built shelter in route test_route","service":"primalcode-mcp","shelterType":"tree","timestamp":"2025-07-15T14:22:28.539Z"}
{"changeType":"shelter_built","level":"info","location":{"x":25,"y":25},"message":"Notified 1 monsters of environmental change","routeId":"test_route","service":"primalcode-mcp","timestamp":"2025-07-15T14:22:28.539Z"}
{"level":"info","message":"Generated environment for route test_route","routeName":"Test Forest","service":"primalcode-mcp","timestamp":"2025-07-15T14:22:28.539Z"}
{"level":"info","message":"Generated aggressive_hunter shadow_wolf monster","monsterId":"monster_1","service":"primalcode-mcp","timestamp":"2025-07-15T14:22:28.539Z"}
{"args":{"location":{"x":60,"y":60},"route_id":"test_route","shelter_type":"rock"},"level":"info","message":"Executing build_shelter tool","service":"primalcode-mcp","timestamp":"2025-07-15T14:22:28.539Z"}
{"capacity":2,"level":"info","location":{"x":60,"y":60},"message":"Built shelter in route test_route","service":"primalcode-mcp","shelterType":"rock","timestamp":"2025-07-15T14:22:28.539Z"}
{"changeType":"shelter_built","level":"info","location":{"x":60,"y":60},"message":"Notified 1 monsters of environmental change","routeId":"test_route","service":"primalcode-mcp","timestamp":"2025-07-15T14:22:28.539Z"}
{"level":"info","message":"Generated environment for route test_route","routeName":"Test Forest","service":"primalcode-mcp","timestamp":"2025-07-15T14:22:28.540Z"}
{"level":"info","message":"Generated aggressive_hunter shadow_wolf monster","monsterId":"monster_1","service":"primalcode-mcp","timestamp":"2025-07-15T14:22:28.540Z"}
{"level":"info","message":"Generated cautious_forager wind_stag monster","monsterId":"monster_2","service":"primalcode-mcp","timestamp":"2025-07-15T14:22:28.540Z"}
{"args":{"location":{"x":20,"y":20},"route_id":"test_route","shelter_type":"burrow"},"level":"info","message":"Executing build_shelter tool","service":"primalcode-mcp","timestamp":"2025-07-15T14:22:28.540Z"}
{"capacity":3,"level":"info","location":{"x":20,"y":20},"message":"Built shelter in route test_route","service":"primalcode-mcp","shelterType":"burrow","timestamp":"2025-07-15T14:22:28.540Z"}
{"changeType":"shelter_built","level":"info","location":{"x":20,"y":20},"message":"Notified 2 monsters of environmental change","routeId":"test_route","service":"primalcode-mcp","timestamp":"2025-07-15T14:22:28.540Z"}
{"level":"info","message":"Generated environment for route test_route","routeName":"Test Forest","service":"primalcode-mcp","timestamp":"2025-07-15T14:22:28.540Z"}
{"level":"info","message":"Generated aggressive_hunter shadow_wolf monster","monsterId":"monster_1","service":"primalcode-mcp","timestamp":"2025-07-15T14:22:28.540Z"}
{"level":"info","message":"Generated pack_leader frost_bear monster","monsterId":"monster_2","service":"primalcode-mcp","timestamp":"2025-07-15T14:22:28.540Z"}
{"args":{"location":{"x":25,"y":25},"route_id":"test_route","shelter_type":"cave"},"level":"info","message":"Executing build_shelter tool","service":"primalcode-mcp","timestamp":"2025-07-15T14:22:28.540Z"}
{"capacity":2,"level":"info","location":{"x":25,"y":25},"message":"Built shelter in route test_route","service":"primalcode-mcp","shelterType":"cave","timestamp":"2025-07-15T14:22:28.540Z"}
{"changeType":"shelter_built","level":"info","location":{"x":25,"y":25},"message":"Notified 2 monsters of environmental change","routeId":"test_route","service":"primalcode-mcp","timestamp":"2025-07-15T14:22:28.540Z"}
{"level":"info","message":"Generated environment for route test_route","routeName":"Test Forest","service":"primalcode-mcp","timestamp":"2025-07-15T14:22:28.541Z"}
{"level":"info","message":"Generated aggressive_hunter shadow_wolf monster","monsterId":"monster_1","service":"primalcode-mcp","timestamp":"2025-07-15T14:22:28.541Z"}
{"args":{"location":{"x":10,"y":10},"route_id":"test_route","shelter_type":"cave"},"level":"info","message":"Executing build_shelter tool","service":"primalcode-mcp","timestamp":"2025-07-15T14:22:28.541Z"}
{"capacity":4,"level":"info","location":{"x":10,"y":10},"message":"Built shelter in route test_route","service":"primalcode-mcp","shelterType":"cave","timestamp":"2025-07-15T14:22:28.541Z"}
{"changeType":"shelter_built","level":"info","location":{"x":10,"y":10},"message":"Notified 1 monsters of environmental change","routeId":"test_route","service":"primalcode-mcp","timestamp":"2025-07-15T14:22:28.541Z"}
{"level":"info","message":"Generated environment for route test_route","routeName":"Test Forest","service":"primalcode-mcp","timestamp":"2025-07-15T14:22:28.541Z"}
{"level":"info","message":"Generated aggressive_hunter shadow_wolf monster","monsterId":"monster_1","service":"primalcode-mcp","timestamp":"2025-07-15T14:22:28.541Z"}
{"level":"info","message":"Generated cautious_forager ember_hawk monster","monsterId":"monster_2","service":"primalcode-mcp","timestamp":"2025-07-15T14:22:28.542Z"}
{"args":{"location":{"x":25,"y":25},"route_id":"test_route","shelter_type":"burrow"},"level":"info","message":"Executing build_shelter tool","service":"primalcode-mcp","timestamp":"2025-07-15T14:22:28.542Z"}
{"capacity":2,"level":"info","location":{"x":25,"y":25},"message":"Built shelter in route test_route","service":"primalcode-mcp","shelterType":"burrow","timestamp":"2025-07-15T14:22:28.542Z"}
{"changeType":"shelter_built","level":"info","location":{"x":25,"y":25},"message":"Notified 2 monsters of environmental change","routeId":"test_route","service":"primalcode-mcp","timestamp":"2025-07-15T14:22:28.542Z"}
{"level":"info","message":"Generated environment for route test_route","routeName":"Test Forest","service":"primalcode-mcp","timestamp":"2025-07-15T14:22:28.542Z"}
{"level":"info","message":"Generated aggressive_hunter shadow_wolf monster","monsterId":"monster_1","service":"primalcode-mcp","timestamp":"2025-07-15T14:22:28.542Z"}
{"args":{"location":{"x":40,"y":40},"route_id":"test_route","shelter_type":"tree"},"level":"info","message":"Executing build_shelter tool","service":"primalcode-mcp","timestamp":"2025-07-15T14:22:28.542Z"}
{"capacity":4,"level":"info","location":{"x":40,"y":40},"message":"Built shelter in route test_route","service":"primalcode-mcp","shelterType":"tree","timestamp":"2025-07-15T14:22:28.542Z"}
{"changeType":"shelter_built","level":"info","location":{"x":40,"y":40},"message":"Notified 1 monsters of environmental change","routeId":"test_route","service":"primalcode-mcp","timestamp":"2025-07-15T14:22:28.542Z"}
{"level":"info","message":"Generated environment for route test_route","routeName":"Test Forest","service":"primalcode-mcp","timestamp":"2025-07-15T14:22:28.543Z"}
{"level":"info","message":"Generated aggressive_hunter shadow_wolf monster","monsterId":"monster_1","service":"primalcode-mcp","timestamp":"2025-07-15T14:22:28.543Z"}
{"args":{"location":{"x":35,"y":35},"route_id":"test_route","shelter_type":"cave"},"level":"info","message":"Executing build_shelter tool","service":"primalcode-mcp","timestamp":"2025-07-15T14:22:28.543Z"}
{"capacity":2,"level":"info","location":{"x":35,"y":35},"message":"Built shelter in route test_route","service":"primalcode-mcp","shelterType":"cave","timestamp":"2025-07-15T14:22:28.543Z"}
{"changeType":"shelter_built","level":"info","location":{"x":35,"y":35},"message":"Notified 1 monsters of environmental change","routeId":"test_route","service":"primalcode-mcp","timestamp":"2025-07-15T14:22:28.543Z"}
{"level":"info","message":"Generated environment for route test_route","routeName":"Test Forest","service":"primalcode-mcp","timestamp":"2025-07-15T14:22:28.543Z"}
{"level":"info","message":"Generated aggressive_hunter shadow_wolf monster","monsterId":"monster_1","service":"primalcode-mcp","timestamp":"2025-07-15T14:22:28.543Z"}
{"args":{"location":{"x":50,"y":50},"route_id":"invalid_route","shelter_type":"cave"},"level":"info","message":"Executing build_shelter tool","service":"primalcode-mcp","timestamp":"2025-07-15T14:22:28.543Z"}
{"args":{"location":{"x":50,"y":50},"route_id":"invalid_route","shelter_type":"cave"},"error":{},"level":"error","message":"Error executing build_shelter tool","service":"primalcode-mcp","timestamp":"2025-07-15T14:22:28.543Z"}
{"level":"info","message":"Generated environment for route test_route","routeName":"Test Forest","service":"primalcode-mcp","timestamp":"2025-07-15T14:22:28.543Z"}
{"level":"info","message":"Generated aggressive_hunter shadow_wolf monster","monsterId":"monster_1","service":"primalcode-mcp","timestamp":"2025-07-15T14:22:28.544Z"}
{"args":{"location":{"x":50},"route_id":"test_route","shelter_type":"cave"},"level":"info","message":"Executing build_shelter tool","service":"primalcode-mcp","timestamp":"2025-07-15T14:22:28.544Z"}
{"args":{"location":{"x":50},"route_id":"test_route","shelter_type":"cave"},"error":{},"level":"error","message":"Error executing build_shelter tool","service":"primalcode-mcp","timestamp":"2025-07-15T14:22:28.544Z"}
{"level":"info","message":"Generated environment for route test_route","routeName":"Test Forest","service":"primalcode-mcp","timestamp":"2025-07-15T14:22:28.544Z"}
{"level":"info","message":"Generated aggressive_hunter shadow_wolf monster","monsterId":"monster_1","service":"primalcode-mcp","timestamp":"2025-07-15T14:22:28.544Z"}
{"level":"info","message":"Generated environment for route empty_route","routeName":"Empty Forest","service":"primalcode-mcp","timestamp":"2025-07-15T14:22:28.544Z"}
{"args":{"location":{"x":50,"y":50},"route_id":"empty_route","shelter_type":"cave"},"level":"info","message":"Executing build_shelter tool","service":"primalcode-mcp","timestamp":"2025-07-15T14:22:28.544Z"}
{"capacity":2,"level":"info","location":{"x":50,"y":50},"message":"Built shelter in route empty_route","service":"primalcode-mcp","shelterType":"cave","timestamp":"2025-07-15T14:22:28.544Z"}
{"changeType":"shelter_built","level":"info","location":{"x":50,"y":50},"message":"Notified 0 monsters of environmental change","routeId":"empty_route","service":"primalcode-mcp","timestamp":"2025-07-15T14:22:28.544Z"}
{"level":"info","message":"Generated environment for route test_route","routeName":"Test Forest","service":"primalcode-mcp","timestamp":"2025-07-15T14:22:28.548Z"}
{"level":"info","message":"Generated aggressive_hunter shadow_wolf monster","monsterId":"monster_1","service":"primalcode-mcp","timestamp":"2025-07-15T14:22:28.548Z"}
{"args":{"location":{"x":45,"y":45},"route_id":"test_route","shelter_type":"burrow"},"level":"info","message":"Executing build_shelter tool","service":"primalcode-mcp","timestamp":"2025-07-15T14:22:28.548Z"}
{"capacity":3,"level":"info","location":{"x":45,"y":45},"message":"Built shelter in route test_route","service":"primalcode-mcp","shelterType":"burrow","timestamp":"2025-07-15T14:22:28.548Z"}
{"changeType":"shelter_built","level":"info","location":{"x":45,"y":45},"message":"Notified 1 monsters of environmental change","routeId":"test_route","service":"primalcode-mcp","timestamp":"2025-07-15T14:22:28.548Z"}
{"level":"info","message":"Generated environment for route test_route","routeName":"Test Forest","service":"primalcode-mcp","timestamp":"2025-07-15T14:22:28.548Z"}
{"level":"info","message":"Generated aggressive_hunter shadow_wolf monster","monsterId":"monster_1","service":"primalcode-mcp","timestamp":"2025-07-15T14:22:28.548Z"}
{"args":{"location":{"x":50,"y":50},"route_id":"test_route","shelter_type":"cave"},"level":"info","message":"Executing build_shelter tool","service":"primalcode-mcp","timestamp":"2025-07-15T14:22:28.549Z"}
{"capacity":3,"level":"info","location":{"x":50,"y":50},"message":"Built shelter in route test_route","service":"primalcode-mcp","shelterType":"cave","timestamp":"2025-07-15T14:22:28.549Z"}
{"changeType":"shelter_built","level":"info","location":{"x":50,"y":50},"message":"Notified 1 monsters of environmental change","routeId":"test_route","service":"primalcode-mcp","timestamp":"2025-07-15T14:22:28.549Z"}
{"level":"info","message":"Generated environment for route test_route","routeName":"Test Forest","service":"primalcode-mcp","timestamp":"2025-07-15T14:22:28.549Z"}
{"level":"info","message":"Generated aggressive_hunter shadow_wolf monster","monsterId":"monster_1","service":"primalcode-mcp","timestamp":"2025-07-15T14:22:28.549Z"}
{"args":{"location":{"x":40,"y":40},"route_id":"test_route","shelter_type":"rock"},"level":"info","message":"Executing build_shelter tool","service":"primalcode-mcp","timestamp":"2025-07-15T14:22:28.549Z"}
{"capacity":2,"level":"info","location":{"x":40,"y":40},"message":"Built shelter in route test_route","service":"primalcode-mcp","shelterType":"rock","timestamp":"2025-07-15T14:22:28.549Z"}
{"changeType":"shelter_built","level":"info","location":{"x":40,"y":40},"message":"Notified 1 monsters of environmental change","routeId":"test_route","service":"primalcode-mcp","timestamp":"2025-07-15T14:22:28.549Z"}
{"level":"info","message":"Generated environment for route test_route","routeName":"Test Forest","service":"primalcode-mcp","timestamp":"2025-07-15T14:22:28.550Z"}
{"level":"info","message":"Generated aggressive_hunter shadow_wolf monster","monsterId":"monster_1","service":"primalcode-mcp","timestamp":"2025-07-15T14:22:28.550Z"}
{"level":"info","message":"Generated aggressive_hunter stone_serpent monster","monsterId":"monster_2","service":"primalcode-mcp","timestamp":"2025-07-15T14:22:28.550Z"}
{"args":{"location":{"x":35,"y":35},"route_id":"test_route","shelter_type":"tree"},"level":"info","message":"Executing build_shelter tool","service":"primalcode-mcp","timestamp":"2025-07-15T14:22:28.550Z"}
{"capacity":2,"level":"info","location":{"x":35,"y":35},"message":"Built shelter in route test_route","service":"primalcode-mcp","shelterType":"tree","timestamp":"2025-07-15T14:22:28.550Z"}
{"changeType":"shelter_built","level":"info","location":{"x":35,"y":35},"message":"Notified 2 monsters of environmental change","routeId":"test_route","service":"primalcode-mcp","timestamp":"2025-07-15T14:22:28.550Z"}
{"level":"info","message":"Generated environment for route test_route","routeName":"Test Forest","service":"primalcode-mcp","timestamp":"2025-07-15T14:22:28.550Z"}
{"level":"info","message":"Generated aggressive_hunter shadow_wolf monster","monsterId":"monster_1","service":"primalcode-mcp","timestamp":"2025-07-15T14:22:28.550Z"}
{"level":"info","message":"Generated cautious_forager wind_stag monster","monsterId":"monster_2","service":"primalcode-mcp","timestamp":"2025-07-15T14:22:28.550Z"}
{"level":"info","message":"Generated cautious_forager wind_stag monster","monsterId":"monster_3","service":"primalcode-mcp","timestamp":"2025-07-15T14:22:28.550Z"}
{"level":"info","message":"Generated cautious_forager wind_stag monster","monsterId":"monster_4","service":"primalcode-mcp","timestamp":"2025-07-15T14:22:28.550Z"}
{"level":"info","message":"Generated cautious_forager wind_stag monster","monsterId":"monster_5","service":"primalcode-mcp","timestamp":"2025-07-15T14:22:28.550Z"}
{"level":"info","message":"Generated cautious_forager wind_stag monster","monsterId":"monster_6","service":"primalcode-mcp","timestamp":"2025-07-15T14:22:28.550Z"}
{"level":"info","message":"Generated cautious_forager wind_stag monster","monsterId":"monster_7","service":"primalcode-mcp","timestamp":"2025-07-15T14:22:28.550Z"}
{"args":{"location":{"x":25,"y":25},"route_id":"test_route","shelter_type":"cave"},"level":"info","message":"Executing build_shelter tool","service":"primalcode-mcp","timestamp":"2025-07-15T14:22:28.550Z"}
{"capacity":2,"level":"info","location":{"x":25,"y":25},"message":"Built shelter in route test_route","service":"primalcode-mcp","shelterType":"cave","timestamp":"2025-07-15T14:22:28.550Z"}
{"changeType":"shelter_built","level":"info","location":{"x":25,"y":25},"message":"Notified 7 monsters of environmental change","routeId":"test_route","service":"primalcode-mcp","timestamp":"2025-07-15T14:22:28.550Z"}
{"level":"info","message":"Generated environment for route test_route","routeName":"Test Forest","service":"primalcode-mcp","timestamp":"2025-07-15T14:22:28.551Z"}
{"level":"info","message":"Generated aggressive_hunter shadow_wolf monster","monsterId":"monster_1","service":"primalcode-mcp","timestamp":"2025-07-15T14:22:28.551Z"}
{"args":{"location":{"x":55,"y":55},"route_id":"test_route","shelter_type":"burrow"},"level":"info","message":"Executing build_shelter tool","service":"primalcode-mcp","timestamp":"2025-07-15T14:22:28.551Z"}
{"capacity":3,"level":"info","location":{"x":55,"y":55},"message":"Built shelter in route test_route","service":"primalcode-mcp","shelterType":"burrow","timestamp":"2025-07-15T14:22:28.551Z"}
{"changeType":"shelter_built","level":"info","location":{"x":55,"y":55},"message":"Notified 1 monsters of environmental change","routeId":"test_route","service":"primalcode-mcp","timestamp":"2025-07-15T14:22:28.551Z"}
{"level":"info","message":"Generated environment for route test_route","routeName":"Test Forest","service":"primalcode-mcp","timestamp":"2025-07-15T14:22:36.542Z"}
{"level":"info","message":"Generated aggressive_hunter shadow_wolf monster","monsterId":"monster_1","service":"primalcode-mcp","timestamp":"2025-07-15T14:22:36.572Z"}
{"args":{"intensity":0.7,"route_id":"test_route","weather_type":"rain"},"level":"info","message":"Executing modify_weather tool","service":"primalcode-mcp","timestamp":"2025-07-15T14:22:36.579Z"}
{"intensity":0.7,"level":"info","message":"Modified weather for route test_route","newCondition":"rain","service":"primalcode-mcp","timestamp":"2025-07-15T14:22:36.583Z","weatherType":"rain"}
{"changeType":"weather_changed","level":"info","location":{"x":50,"y":50},"message":"Notified 1 monsters of environmental change","routeId":"test_route","service":"primalcode-mcp","timestamp":"2025-07-15T14:22:36.585Z"}
{"level":"info","message":"Generated environment for route test_route","routeName":"Test Forest","service":"primalcode-mcp","timestamp":"2025-07-15T14:22:36.648Z"}
{"level":"info","message":"Generated aggressive_hunter shadow_wolf monster","monsterId":"monster_1","service":"primalcode-mcp","timestamp":"2025-07-15T14:22:36.649Z"}
{"args":{"intensity":0.8,"route_id":"test_route","weather_type":"heat"},"level":"info","message":"Executing modify_weather tool","service":"primalcode-mcp","timestamp":"2025-07-15T14:22:36.650Z"}
{"intensity":0.8,"level":"info","message":"Modified weather for route test_route","newCondition":"clear","service":"primalcode-mcp","timestamp":"2025-07-15T14:22:36.651Z","weatherType":"heat"}
{"changeType":"weather_changed","level":"info","location":{"x":50,"y":50},"message":"Notified 1 monsters of environmental change","routeId":"test_route","service":"primalcode-mcp","timestamp":"2025-07-15T14:22:36.651Z"}
{"level":"info","message":"Generated environment for route test_route","routeName":"Test Forest","service":"primalcode-mcp","timestamp":"2025-07-15T14:22:36.652Z"}
{"level":"info","message":"Generated aggressive_hunter shadow_wolf monster","monsterId":"monster_1","service":"primalcode-mcp","timestamp":"2025-07-15T14:22:36.652Z"}
{"args":{"intensity":0.9,"route_id":"test_route","weather_type":"storm"},"level":"info","message":"Executing modify_weather tool","service":"primalcode-mcp","timestamp":"2025-07-15T14:22:36.653Z"}
{"intensity":0.9,"level":"info","message":"Modified weather for route test_route","newCondition":"storm","service":"primalcode-mcp","timestamp":"2025-07-15T14:22:36.653Z","weatherType":"storm"}
{"changeType":"weather_changed","level":"info","location":{"x":50,"y":50},"message":"Notified 1 monsters of environmental change","routeId":"test_route","service":"primalcode-mcp","timestamp":"2025-07-15T14:22:36.653Z"}
{"level":"info","message":"Generated environment for route test_route","routeName":"Test Forest","service":"primalcode-mcp","timestamp":"2025-07-15T14:22:36.654Z"}
{"level":"info","message":"Generated aggressive_hunter shadow_wolf monster","monsterId":"monster_1","service":"primalcode-mcp","timestamp":"2025-07-15T14:22:36.654Z"}
{"level":"info","message":"Generated cautious_forager wind_stag monster","monsterId":"monster_2","service":"primalcode-mcp","timestamp":"2025-07-15T14:22:36.654Z"}
{"args":{"intensity":0.6,"route_id":"test_route","weather_type":"rain"},"level":"info","message":"Executing modify_weather tool","service":"primalcode-mcp","timestamp":"2025-07-15T14:22:36.655Z"}
{"intensity":0.6,"level":"info","message":"Modified weather for route test_route","newCondition":"rain","service":"primalcode-mcp","timestamp":"2025-07-15T14:22:36.655Z","weatherType":"rain"}
{"changeType":"weather_changed","level":"info","location":{"x":50,"y":50},"message":"Notified 2 monsters of environmental change","routeId":"test_route","service":"primalcode-mcp","timestamp":"2025-07-15T14:22:36.655Z"}
{"level":"info","message":"Generated environment for route test_route","routeName":"Test Forest","service":"primalcode-mcp","timestamp":"2025-07-15T14:22:36.668Z"}
{"level":"info","message":"Generated aggressive_hunter shadow_wolf monster","monsterId":"monster_1","service":"primalcode-mcp","timestamp":"2025-07-15T14:22:36.669Z"}
{"level":"info","message":"Generated pack_leader frost_bear monster","monsterId":"monster_2","service":"primalcode-mcp","timestamp":"2025-07-15T14:22:36.670Z"}
{"args":{"intensity":0.8,"route_id":"test_route","weather_type":"storm"},"level":"info","message":"Executing modify_weather tool","service":"primalcode-mcp","timestamp":"2025-07-15T14:22:36.671Z"}
{"intensity":0.8,"level":"info","message":"Modified weather for route test_route","newCondition":"storm","service":"primalcode-mcp","timestamp":"2025-07-15T14:22:36.672Z","weatherType":"storm"}
{"changeType":"weather_changed","level":"info","location":{"x":50,"y":50},"message":"Notified 2 monsters of environmental change","routeId":"test_route","service":"primalcode-mcp","timestamp":"2025-07-15T14:22:36.673Z"}
{"level":"info","message":"Generated environment for route test_route","routeName":"Test Forest","service":"primalcode-mcp","timestamp":"2025-07-15T14:22:36.675Z"}
{"level":"info","message":"Generated aggressive_hunter shadow_wolf monster","monsterId":"monster_1","service":"primalcode-mcp","timestamp":"2025-07-15T14:22:36.679Z"}
{"args":{"intensity":0.5,"route_id":"test_route","weather_type":"rain"},"level":"info","message":"Executing modify_weather tool","service":"primalcode-mcp","timestamp":"2025-07-15T14:22:36.681Z"}
{"intensity":0.5,"level":"info","message":"Modified weather for route test_route","newCondition":"rain","service":"primalcode-mcp","timestamp":"2025-07-15T14:22:36.682Z","weatherType":"rain"}
{"changeType":"weather_changed","level":"info","location":{"x":50,"y":50},"message":"Notified 1 monsters of environmental change","routeId":"test_route","service":"primalcode-mcp","timestamp":"2025-07-15T14:22:36.683Z"}
{"level":"info","message":"Generated environment for route test_route","routeName":"Test Forest","service":"primalcode-mcp","timestamp":"2025-07-15T14:22:36.684Z"}
{"level":"info","message":"Generated aggressive_hunter shadow_wolf monster","monsterId":"monster_1","service":"primalcode-mcp","timestamp":"2025-07-15T14:22:36.685Z"}
{"args":{"intensity":0.9,"route_id":"test_route","weather_type":"heat"},"level":"info","message":"Executing modify_weather tool","service":"primalcode-mcp","timestamp":"2025-07-15T14:22:36.685Z"}
{"intensity":0.9,"level":"info","message":"Modified weather for route test_route","newCondition":"clear","service":"primalcode-mcp","timestamp":"2025-07-15T14:22:36.685Z","weatherType":"heat"}
{"changeType":"weather_changed","level":"info","location":{"x":50,"y":50},"message":"Notified 1 monsters of environmental change","routeId":"test_route","service":"primalcode-mcp","timestamp":"2025-07-15T14:22:36.686Z"}
{"level":"info","message":"Generated environment for route test_route","routeName":"Test Forest","service":"primalcode-mcp","timestamp":"2025-07-15T14:22:36.687Z"}
{"level":"info","message":"Generated aggressive_hunter shadow_wolf monster","monsterId":"monster_1","service":"primalcode-mcp","timestamp":"2025-07-15T14:22:36.687Z"}
{"args":{"intensity":0.5,"route_id":"invalid_route","weather_type":"rain"},"level":"info","message":"Executing modify_weather tool","service":"primalcode-mcp","timestamp":"2025-07-15T14:22:36.689Z"}
{"args":{"intensity":0.5,"route_id":"invalid_route","weather_type":"rain"},"error":{},"level":"error","message":"Error executing modify_weather tool","service":"primalcode-mcp","timestamp":"2025-07-15T14:22:36.690Z"}
{"level":"info","message":"Generated environment for route test_route","routeName":"Test Forest","service":"primalcode-mcp","timestamp":"2025-07-15T14:22:36.692Z"}
{"level":"info","message":"Generated aggressive_hunter shadow_wolf monster","monsterId":"monster_1","service":"primalcode-mcp","timestamp":"2025-07-15T14:22:36.693Z"}
{"args":{"intensity":1.5,"route_id":"test_route","weather_type":"rain"},"level":"info","message":"Executing modify_weather tool","service":"primalcode-mcp","timestamp":"2025-07-15T14:22:36.693Z"}
{"args":{"intensity":1.5,"route_id":"test_route","weather_type":"rain"},"error":{},"level":"error","message":"Error executing modify_weather tool","service":"primalcode-mcp","timestamp":"2025-07-15T14:22:36.694Z"}
{"level":"info","message":"Generated environment for route test_route","routeName":"Test Forest","service":"primalcode-mcp","timestamp":"2025-07-15T14:22:36.698Z"}
{"level":"info","message":"Generated aggressive_hunter shadow_wolf monster","monsterId":"monster_1","service":"primalcode-mcp","timestamp":"2025-07-15T14:22:36.698Z"}
{"level":"info","message":"Generated environment for route empty_route","routeName":"Empty Forest","service":"primalcode-mcp","timestamp":"2025-07-15T14:22:36.700Z"}
{"args":{"intensity":0.4,"route_id":"empty_route","weather_type":"storm"},"level":"info","message":"Executing modify_weather tool","service":"primalcode-mcp","timestamp":"2025-07-15T14:22:36.700Z"}
{"intensity":0.4,"level":"info","message":"Modified weather for route empty_route","newCondition":"storm","service":"primalcode-mcp","timestamp":"2025-07-15T14:22:36.702Z","weatherType":"storm"}
{"changeType":"weather_changed","level":"info","location":{"x":50,"y":50},"message":"Notified 0 monsters of environmental change","routeId":"empty_route","service":"primalcode-mcp","timestamp":"2025-07-15T14:22:36.703Z"}
{"level":"info","message":"Generated environment for route test_route","routeName":"Test Forest","service":"primalcode-mcp","timestamp":"2025-07-15T14:22:36.709Z"}
{"level":"info","message":"Generated aggressive_hunter shadow_wolf monster","monsterId":"monster_1","service":"primalcode-mcp","timestamp":"2025-07-15T14:22:36.710Z"}
{"args":{"intensity":0.2,"route_id":"test_route","weather_type":"rain"},"level":"info","message":"Executing modify_weather tool","service":"primalcode-mcp","timestamp":"2025-07-15T14:22:36.711Z"}
{"intensity":0.2,"level":"info","message":"Modified weather for route test_route","newCondition":"rain","service":"primalcode-mcp","timestamp":"2025-07-15T14:22:36.711Z","weatherType":"rain"}
{"changeType":"weather_changed","level":"info","location":{"x":50,"y":50},"message":"Notified 1 monsters of environmental change","routeId":"test_route","service":"primalcode-mcp","timestamp":"2025-07-15T14:22:36.712Z"}
{"level":"info","message":"Generated environment for route test_route","routeName":"Test Forest","service":"primalcode-mcp","timestamp":"2025-07-15T14:22:36.714Z"}
{"level":"info","message":"Generated aggressive_hunter shadow_wolf monster","monsterId":"monster_1","service":"primalcode-mcp","timestamp":"2025-07-15T14:22:36.717Z"}
{"args":{"intensity":0.9,"route_id":"test_route","weather_type":"heat"},"level":"info","message":"Executing modify_weather tool","service":"primalcode-mcp","timestamp":"2025-07-15T14:22:36.718Z"}
{"intensity":0.9,"level":"info","message":"Modified weather for route test_route","newCondition":"clear","service":"primalcode-mcp","timestamp":"2025-07-15T14:22:36.719Z","weatherType":"heat"}
{"changeType":"weather_changed","level":"info","location":{"x":50,"y":50},"message":"Notified 1 monsters of environmental change","routeId":"test_route","service":"primalcode-mcp","timestamp":"2025-07-15T14:22:36.719Z"}
{"level":"info","message":"Generated environment for route test_route","routeName":"Test Forest","service":"primalcode-mcp","timestamp":"2025-07-15T14:22:36.721Z"}
{"level":"info","message":"Generated aggressive_hunter shadow_wolf monster","monsterId":"monster_1","service":"primalcode-mcp","timestamp":"2025-07-15T14:22:36.722Z"}
{"args":{"intensity":0.6,"route_id":"test_route","weather_type":"rain"},"level":"info","message":"Executing modify_weather tool","service":"primalcode-mcp","timestamp":"2025-07-15T14:22:36.723Z"}
{"intensity":0.6,"level":"info","message":"Modified weather for route test_route","newCondition":"rain","service":"primalcode-mcp","timestamp":"2025-07-15T14:22:36.723Z","weatherType":"rain"}
{"changeType":"weather_changed","level":"info","location":{"x":50,"y":50},"message":"Notified 1 monsters of environmental change","routeId":"test_route","service":"primalcode-mcp","timestamp":"2025-07-15T14:22:36.724Z"}
{"level":"info","message":"Generated environment for route test_route","routeName":"Test Forest","service":"primalcode-mcp","timestamp":"2025-07-15T14:22:36.727Z"}
{"level":"info","message":"Generated aggressive_hunter shadow_wolf monster","monsterId":"monster_1","service":"primalcode-mcp","timestamp":"2025-07-15T14:22:36.727Z"}
{"args":{"intensity":0.5,"route_id":"test_route","weather_type":"normal"},"level":"info","message":"Executing modify_weather tool","service":"primalcode-mcp","timestamp":"2025-07-15T14:22:36.728Z"}
{"intensity":0.5,"level":"info","message":"Modified weather for route test_route","newCondition":"clear","service":"primalcode-mcp","timestamp":"2025-07-15T14:22:36.729Z","weatherType":"normal"}
{"changeType":"weather_changed","level":"info","location":{"x":50,"y":50},"message":"Notified 1 monsters of environmental change","routeId":"test_route","service":"primalcode-mcp","timestamp":"2025-07-15T14:22:36.730Z"}
{"level":"info","message":"Generated environment for route test_route","routeName":"Test Forest","service":"primalcode-mcp","timestamp":"2025-07-15T14:22:36.732Z"}
{"level":"info","message":"Generated aggressive_hunter shadow_wolf monster","monsterId":"monster_1","service":"primalcode-mcp","timestamp":"2025-07-15T14:22:36.732Z"}
{"args":{"intensity":0.7,"route_id":"test_route","weather_type":"rain"},"level":"info","message":"Executing modify_weather tool","service":"primalcode-mcp","timestamp":"2025-07-15T14:22:36.732Z"}
{"intensity":0.7,"level":"info","message":"Modified weather for route test_route","newCondition":"rain","service":"primalcode-mcp","timestamp":"2025-07-15T14:22:36.732Z","weatherType":"rain"}
{"changeType":"weather_changed","level":"info","location":{"x":50,"y":50},"message":"Notified 1 monsters of environmental change","routeId":"test_route","service":"primalcode-mcp","timestamp":"2025-07-15T14:22:36.733Z"}
{"level":"info","message":"Generated environment for route test_route","routeName":"Test Forest","service":"primalcode-mcp","timestamp":"2025-07-15T14:22:36.733Z"}
{"level":"info","message":"Generated aggressive_hunter shadow_wolf monster","monsterId":"monster_1","service":"primalcode-mcp","timestamp":"2025-07-15T14:22:36.733Z"}
{"level":"info","message":"Generated pack_leader ember_hawk monster","monsterId":"monster_2","service":"primalcode-mcp","timestamp":"2025-07-15T14:22:36.734Z"}
{"args":{"intensity":0.8,"route_id":"test_route","weather_type":"storm"},"level":"info","message":"Executing modify_weather tool","service":"primalcode-mcp","timestamp":"2025-07-15T14:22:36.734Z"}
{"intensity":0.8,"level":"info","message":"Modified weather for route test_route","newCondition":"storm","service":"primalcode-mcp","timestamp":"2025-07-15T14:22:36.734Z","weatherType":"storm"}
{"changeType":"weather_changed","level":"info","location":{"x":50,"y":50},"message":"Notified 2 monsters of environmental change","routeId":"test_route","service":"primalcode-mcp","timestamp":"2025-07-15T14:22:36.735Z"}
{"level":"info","message":"Generated environment for route test_route","routeName":"Test Forest","service":"primalcode-mcp","timestamp":"2025-07-15T14:22:36.825Z"}
{"level":"info","message":"Generated aggressive_hunter shadow_wolf monster","monsterId":"monster_1","service":"primalcode-mcp","timestamp":"2025-07-15T14:22:36.841Z"}
{"args":{"food_type":"meat","location":{"x":50,"y":50},"route_id":"test_route"},"level":"info","message":"Executing place_food tool","service":"primalcode-mcp","timestamp":"2025-07-15T14:22:36.850Z"}
{"foodType":"meat","level":"info","location":{"x":50,"y":50},"message":"Added food source to route test_route","quality":0.9435399221038663,"service":"primalcode-mcp","timestamp":"2025-07-15T14:22:36.852Z"}
{"changeType":"food_placed","level":"info","location":{"x":50,"y":50},"message":"Notified 1 monsters of environmental change","routeId":"test_route","service":"primalcode-mcp","timestamp":"2025-07-15T14:22:36.852Z"}
{"level":"info","message":"Generated environment for route test_route","routeName":"Test Forest","service":"primalcode-mcp","timestamp":"2025-07-15T14:22:36.868Z"}
{"level":"info","message":"Generated aggressive_hunter shadow_wolf monster","monsterId":"monster_1","service":"primalcode-mcp","timestamp":"2025-07-15T14:22:36.868Z"}
{"args":{"food_type":"plants","location":{"x":30,"y":30},"route_id":"test_route"},"level":"info","message":"Executing place_food tool","service":"primalcode-mcp","timestamp":"2025-07-15T14:22:36.869Z"}
{"foodType":"plants","level":"info","location":{"x":30,"y":30},"message":"Added food source to route test_route","quality":0.7709696234985461,"service":"primalcode-mcp","timestamp":"2025-07-15T14:22:36.869Z"}
{"changeType":"food_placed","level":"info","location":{"x":30,"y":30},"message":"Notified 1 monsters of environmental change","routeId":"test_route","service":"primalcode-mcp","timestamp":"2025-07-15T14:22:36.869Z"}
{"level":"info","message":"Generated environment for route test_route","routeName":"Test Forest","service":"primalcode-mcp","timestamp":"2025-07-15T14:22:36.870Z"}
{"level":"info","message":"Generated aggressive_hunter shadow_wolf monster","monsterId":"monster_1","service":"primalcode-mcp","timestamp":"2025-07-15T14:22:36.870Z"}
{"level":"info","message":"Generated cautious_forager wind_stag monster","monsterId":"monster_2","service":"primalcode-mcp","timestamp":"2025-07-15T14:22:36.871Z"}
{"args":{"food_type":"plants","location":{"x":20,"y":20},"route_id":"test_route"},"level":"info","message":"Executing place_food tool","service":"primalcode-mcp","timestamp":"2025-07-15T14:22:36.871Z"}
{"foodType":"plants","level":"info","location":{"x":20,"y":20},"message":"Added food source to route test_route","quality":0.7954390737869492,"service":"primalcode-mcp","timestamp":"2025-07-15T14:22:36.871Z"}
{"changeType":"food_placed","level":"info","location":{"x":20,"y":20},"message":"Notified 2 monsters of environmental change","routeId":"test_route","service":"primalcode-mcp","timestamp":"2025-07-15T14:22:36.872Z"}
{"level":"info","message":"Generated environment for route test_route","routeName":"Test Forest","service":"primalcode-mcp","timestamp":"2025-07-15T14:22:36.872Z"}
{"level":"info","message":"Generated aggressive_hunter shadow_wolf monster","monsterId":"monster_1","service":"primalcode-mcp","timestamp":"2025-07-15T14:22:36.873Z"}
{"args":{"food_type":"meat","location":{"x":10,"y":10},"route_id":"test_route"},"level":"info","message":"Executing place_food tool","service":"primalcode-mcp","timestamp":"2025-07-15T14:22:36.873Z"}
{"foodType":"meat","level":"info","location":{"x":10,"y":10},"message":"Added food source to route test_route","quality":0.8559989179803698,"service":"primalcode-mcp","timestamp":"2025-07-15T14:22:36.873Z"}
{"changeType":"food_placed","level":"info","location":{"x":10,"y":10},"message":"Notified 1 monsters of environmental change","routeId":"test_route","service":"primalcode-mcp","timestamp":"2025-07-15T14:22:36.873Z"}
{"level":"info","message":"Generated environment for route test_route","routeName":"Test Forest","service":"primalcode-mcp","timestamp":"2025-07-15T14:22:36.874Z"}
{"level":"info","message":"Generated aggressive_hunter shadow_wolf monster","monsterId":"monster_1","service":"primalcode-mcp","timestamp":"2025-07-15T14:22:36.874Z"}
{"args":{"food_type":"water","location":{"x":25,"y":25},"route_id":"test_route"},"level":"info","message":"Executing place_food tool","service":"primalcode-mcp","timestamp":"2025-07-15T14:22:36.874Z"}
{"foodType":"water","level":"info","location":{"x":25,"y":25},"message":"Added food source to route test_route","quality":0.9227933806099285,"service":"primalcode-mcp","timestamp":"2025-07-15T14:22:36.875Z"}
{"changeType":"food_placed","level":"info","location":{"x":25,"y":25},"message":"Notified 1 monsters of environmental change","routeId":"test_route","service":"primalcode-mcp","timestamp":"2025-07-15T14:22:36.875Z"}
{"level":"info","message":"Generated environment for route test_route","routeName":"Test Forest","service":"primalcode-mcp","timestamp":"2025-07-15T14:22:36.876Z"}
{"level":"info","message":"Generated aggressive_hunter shadow_wolf monster","monsterId":"monster_1","service":"primalcode-mcp","timestamp":"2025-07-15T14:22:36.877Z"}
{"args":{"food_type":"meat","location":{"x":50,"y":50},"route_id":"invalid_route"},"level":"info","message":"Executing place_food tool","service":"primalcode-mcp","timestamp":"2025-07-15T14:22:36.878Z"}
{"args":{"food_type":"meat","location":{"x":50,"y":50},"route_id":"invalid_route"},"error":{},"level":"error","message":"Error executing place_food tool","service":"primalcode-mcp","timestamp":"2025-07-15T14:22:36.878Z"}
{"level":"info","message":"Generated environment for route test_route","routeName":"Test Forest","service":"primalcode-mcp","timestamp":"2025-07-15T14:22:36.879Z"}
{"level":"info","message":"Generated aggressive_hunter shadow_wolf monster","monsterId":"monster_1","service":"primalcode-mcp","timestamp":"2025-07-15T14:22:36.879Z"}
{"args":{"food_type":"meat","location":{"x":50},"route_id":"test_route"},"level":"info","message":"Executing place_food tool","service":"primalcode-mcp","timestamp":"2025-07-15T14:22:36.882Z"}
{"args":{"food_type":"meat","location":{"x":50},"route_id":"test_route"},"error":{},"level":"error","message":"Error executing place_food tool","service":"primalcode-mcp","timestamp":"2025-07-15T14:22:36.882Z"}
{"level":"info","message":"Generated environment for route test_route","routeName":"Test Forest","service":"primalcode-mcp","timestamp":"2025-07-15T14:22:36.883Z"}
{"level":"info","message":"Generated aggressive_hunter shadow_wolf monster","monsterId":"monster_1","service":"primalcode-mcp","timestamp":"2025-07-15T14:22:36.883Z"}
{"level":"info","message":"Generated environment for route empty_route","routeName":"Empty Forest","service":"primalcode-mcp","timestamp":"2025-07-15T14:22:36.883Z"}
{"args":{"food_type":"meat","location":{"x":50,"y":50},"route_id":"empty_route"},"level":"info","message":"Executing place_food tool","service":"primalcode-mcp","timestamp":"2025-07-15T14:22:36.884Z"}
{"foodType":"meat","level":"info","location":{"x":50,"y":50},"message":"Added food source to route empty_route","quality":0.7236576977381541,"service":"primalcode-mcp","timestamp":"2025-07-15T14:22:36.884Z"}
{"changeType":"food_placed","level":"info","location":{"x":50,"y":50},"message":"Notified 0 monsters of environmental change","routeId":"empty_route","service":"primalcode-mcp","timestamp":"2025-07-15T14:22:36.884Z"}
{"level":"info","message":"Generated environment for route test_route","routeName":"Test Forest","service":"primalcode-mcp","timestamp":"2025-07-15T14:22:36.885Z"}
{"level":"info","message":"Generated aggressive_hunter shadow_wolf monster","monsterId":"monster_1","service":"primalcode-mcp","timestamp":"2025-07-15T14:22:36.885Z"}
{"args":{"food_type":"meat","location":{"x":40,"y":40},"route_id":"test_route"},"level":"info","message":"Executing place_food tool","service":"primalcode-mcp","timestamp":"2025-07-15T14:22:36.886Z"}
{"foodType":"meat","level":"info","location":{"x":40,"y":40},"message":"Added food source to route test_route","quality":0.9114175724479906,"service":"primalcode-mcp","timestamp":"2025-07-15T14:22:36.886Z"}
{"changeType":"food_placed","level":"info","location":{"x":40,"y":40},"message":"Notified 1 monsters of environmental change","routeId":"test_route","service":"primalcode-mcp","timestamp":"2025-07-15T14:22:36.886Z"}
{"level":"info","message":"Generated environment for route test_route","routeName":"Test Forest","service":"primalcode-mcp","timestamp":"2025-07-15T14:22:36.887Z"}
{"level":"info","message":"Generated aggressive_hunter shadow_wolf monster","monsterId":"monster_1","service":"primalcode-mcp","timestamp":"2025-07-15T14:22:36.887Z"}
{"args":{"food_type":"meat","location":{"x":50,"y":50},"route_id":"test_route"},"level":"info","message":"Executing place_food tool","service":"primalcode-mcp","timestamp":"2025-07-15T14:22:36.888Z"}
{"foodType":"meat","level":"info","location":{"x":50,"y":50},"message":"Added food source to route test_route","quality":0.9627224454817285,"service":"primalcode-mcp","timestamp":"2025-07-15T14:22:36.888Z"}
{"changeType":"food_placed","level":"info","location":{"x":50,"y":50},"message":"Notified 1 monsters of environmental change","routeId":"test_route","service":"primalcode-mcp","timestamp":"2025-07-15T14:22:36.888Z"}
{"level":"info","message":"Generated environment for route test_route","routeName":"Test Forest","service":"primalcode-mcp","timestamp":"2025-07-15T14:22:36.889Z"}
{"level":"info","message":"Generated aggressive_hunter shadow_wolf monster","monsterId":"monster_1","service":"primalcode-mcp","timestamp":"2025-07-15T14:22:36.890Z"}
{"level":"info","message":"Generated pack_leader frost_bear monster","monsterId":"monster_2","service":"primalcode-mcp","timestamp":"2025-07-15T14:22:36.890Z"}
{"args":{"food_type":"meat","location":{"x":25,"y":25},"route_id":"test_route"},"level":"info","message":"Executing place_food tool","service":"primalcode-mcp","timestamp":"2025-07-15T14:22:36.890Z"}
{"foodType":"meat","level":"info","location":{"x":25,"y":25},"message":"Added food source to route test_route","quality":0.8596130393061276,"service":"primalcode-mcp","timestamp":"2025-07-15T14:22:36.890Z"}
{"changeType":"food_placed","level":"info","location":{"x":25,"y":25},"message":"Notified 2 monsters of environmental change","routeId":"test_route","service":"primalcode-mcp","timestamp":"2025-07-15T14:22:36.891Z"}
{"level":"info","message":"Generated environment for route test_route","routeName":"Test Forest","service":"primalcode-mcp","timestamp":"2025-07-15T14:22:36.808Z"}
{"level":"info","message":"Generated aggressive_hunter shadow_wolf monster","monsterId":"monster_1","service":"primalcode-mcp","timestamp":"2025-07-15T14:22:36.833Z"}
{"args":{"location":{"x":50,"y":50},"route_id":"test_route","shelter_type":"cave"},"level":"info","message":"Executing build_shelter tool","service":"primalcode-mcp","timestamp":"2025-07-15T14:22:36.846Z"}
{"capacity":3,"level":"info","location":{"x":50,"y":50},"message":"Built shelter in route test_route","service":"primalcode-mcp","shelterType":"cave","timestamp":"2025-07-15T14:22:36.848Z"}
{"changeType":"shelter_built","level":"info","location":{"x":50,"y":50},"message":"Notified 1 monsters of environmental change","routeId":"test_route","service":"primalcode-mcp","timestamp":"2025-07-15T14:22:36.849Z"}
{"level":"info","message":"Generated environment for route test_route","routeName":"Test Forest","service":"primalcode-mcp","timestamp":"2025-07-15T14:22:36.866Z"}
{"level":"info","message":"Generated aggressive_hunter shadow_wolf monster","monsterId":"monster_1","service":"primalcode-mcp","timestamp":"2025-07-15T14:22:36.866Z"}
{"args":{"location":{"x":30,"y":30},"route_id":"test_route","shelter_type":"burrow"},"level":"info","message":"Executing build_shelter tool","service":"primalcode-mcp","timestamp":"2025-07-15T14:22:36.867Z"}
{"capacity":4,"level":"info","location":{"x":30,"y":30},"message":"Built shelter in route test_route","service":"primalcode-mcp","shelterType":"burrow","timestamp":"2025-07-15T14:22:36.867Z"}
{"changeType":"shelter_built","level":"info","location":{"x":30,"y":30},"message":"Notified 1 monsters of environmental change","routeId":"test_route","service":"primalcode-mcp","timestamp":"2025-07-15T14:22:36.868Z"}
{"level":"info","message":"Generated environment for route test_route","routeName":"Test Forest","service":"primalcode-mcp","timestamp":"2025-07-15T14:22:36.868Z"}
{"level":"info","message":"Generated aggressive_hunter shadow_wolf monster","monsterId":"monster_1","service":"primalcode-mcp","timestamp":"2025-07-15T14:22:36.869Z"}
{"args":{"location":{"x":25,"y":25},"route_id":"test_route","shelter_type":"tree"},"level":"info","message":"Executing build_shelter tool","service":"primalcode-mcp","timestamp":"2025-07-15T14:22:36.869Z"}
{"capacity":4,"level":"info","location":{"x":25,"y":25},"message":"Built shelter in route test_route","service":"primalcode-mcp","shelterType":"tree","timestamp":"2025-07-15T14:22:36.869Z"}
{"changeType":"shelter_built","level":"info","location":{"x":25,"y":25},"message":"Notified 1 monsters of environmental change","routeId":"test_route","service":"primalcode-mcp","timestamp":"2025-07-15T14:22:36.870Z"}
{"level":"info","message":"Generated environment for route test_route","routeName":"Test Forest","service":"primalcode-mcp","timestamp":"2025-07-15T14:22:36.870Z"}
{"level":"info","message":"Generated aggressive_hunter shadow_wolf monster","monsterId":"monster_1","service":"primalcode-mcp","timestamp":"2025-07-15T14:22:36.870Z"}
{"args":{"location":{"x":60,"y":60},"route_id":"test_route","shelter_type":"rock"},"level":"info","message":"Executing build_shelter tool","service":"primalcode-mcp","timestamp":"2025-07-15T14:22:36.871Z"}
{"capacity":2,"level":"info","location":{"x":60,"y":60},"message":"Built shelter in route test_route","service":"primalcode-mcp","shelterType":"rock","timestamp":"2025-07-15T14:22:36.871Z"}
{"changeType":"shelter_built","level":"info","location":{"x":60,"y":60},"message":"Notified 1 monsters of environmental change","routeId":"test_route","service":"primalcode-mcp","timestamp":"2025-07-15T14:22:36.872Z"}
{"level":"info","message":"Generated environment for route test_route","routeName":"Test Forest","service":"primalcode-mcp","timestamp":"2025-07-15T14:22:36.872Z"}
{"level":"info","message":"Generated aggressive_hunter shadow_wolf monster","monsterId":"monster_1","service":"primalcode-mcp","timestamp":"2025-07-15T14:22:36.872Z"}
{"level":"info","message":"Generated cautious_forager wind_stag monster","monsterId":"monster_2","service":"primalcode-mcp","timestamp":"2025-07-15T14:22:36.873Z"}
{"args":{"location":{"x":20,"y":20},"route_id":"test_route","shelter_type":"burrow"},"level":"info","message":"Executing build_shelter tool","service":"primalcode-mcp","timestamp":"2025-07-15T14:22:36.873Z"}
{"capacity":4,"level":"info","location":{"x":20,"y":20},"message":"Built shelter in route test_route","service":"primalcode-mcp","shelterType":"burrow","timestamp":"2025-07-15T14:22:36.873Z"}
{"changeType":"shelter_built","level":"info","location":{"x":20,"y":20},"message":"Notified 2 monsters of environmental change","routeId":"test_route","service":"primalcode-mcp","timestamp":"2025-07-15T14:22:36.873Z"}
{"level":"info","message":"Generated environment for route test_route","routeName":"Test Forest","service":"primalcode-mcp","timestamp":"2025-07-15T14:22:36.874Z"}
{"level":"info","message":"Generated aggressive_hunter shadow_wolf monster","monsterId":"monster_1","service":"primalcode-mcp","timestamp":"2025-07-15T14:22:36.874Z"}
{"level":"info","message":"Generated pack_leader frost_bear monster","monsterId":"monster_2","service":"primalcode-mcp","timestamp":"2025-07-15T14:22:36.875Z"}
{"args":{"location":{"x":25,"y":25},"route_id":"test_route","shelter_type":"cave"},"level":"info","message":"Executing build_shelter tool","service":"primalcode-mcp","timestamp":"2025-07-15T14:22:36.875Z"}
{"capacity":2,"level":"info","location":{"x":25,"y":25},"message":"Built shelter in route test_route","service":"primalcode-mcp","shelterType":"cave","timestamp":"2025-07-15T14:22:36.875Z"}
{"changeType":"shelter_built","level":"info","location":{"x":25,"y":25},"message":"Notified 2 monsters of environmental change","routeId":"test_route","service":"primalcode-mcp","timestamp":"2025-07-15T14:22:36.878Z"}
{"level":"info","message":"Generated environment for route test_route","routeName":"Test Forest","service":"primalcode-mcp","timestamp":"2025-07-15T14:22:36.878Z"}
{"level":"info","message":"Generated aggressive_hunter shadow_wolf monster","monsterId":"monster_1","service":"primalcode-mcp","timestamp":"2025-07-15T14:22:36.879Z"}
{"args":{"location":{"x":10,"y":10},"route_id":"test_route","shelter_type":"cave"},"level":"info","message":"Executing build_shelter tool","service":"primalcode-mcp","timestamp":"2025-07-15T14:22:36.879Z"}
{"capacity":3,"level":"info","location":{"x":10,"y":10},"message":"Built shelter in route test_route","service":"primalcode-mcp","shelterType":"cave","timestamp":"2025-07-15T14:22:36.879Z"}
{"changeType":"shelter_built","level":"info","location":{"x":10,"y":10},"message":"Notified 1 monsters of environmental change","routeId":"test_route","service":"primalcode-mcp","timestamp":"2025-07-15T14:22:36.881Z"}
{"level":"info","message":"Generated environment for route test_route","routeName":"Test Forest","service":"primalcode-mcp","timestamp":"2025-07-15T14:22:36.882Z"}
{"level":"info","message":"Generated aggressive_hunter shadow_wolf monster","monsterId":"monster_1","service":"primalcode-mcp","timestamp":"2025-07-15T14:22:36.882Z"}
{"level":"info","message":"Generated cautious_forager ember_hawk monster","monsterId":"monster_2","service":"primalcode-mcp","timestamp":"2025-07-15T14:22:36.882Z"}
{"args":{"location":{"x":25,"y":25},"route_id":"test_route","shelter_type":"burrow"},"level":"info","message":"Executing build_shelter tool","service":"primalcode-mcp","timestamp":"2025-07-15T14:22:36.883Z"}
{"capacity":3,"level":"info","location":{"x":25,"y":25},"message":"Built shelter in route test_route","service":"primalcode-mcp","shelterType":"burrow","timestamp":"2025-07-15T14:22:36.883Z"}
{"changeType":"shelter_built","level":"info","location":{"x":25,"y":25},"message":"Notified 2 monsters of environmental change","routeId":"test_route","service":"primalcode-mcp","timestamp":"2025-07-15T14:22:36.883Z"}
{"level":"info","message":"Generated environment for route test_route","routeName":"Test Forest","service":"primalcode-mcp","timestamp":"2025-07-15T14:22:36.884Z"}
{"level":"info","message":"Generated aggressive_hunter shadow_wolf monster","monsterId":"monster_1","service":"primalcode-mcp","timestamp":"2025-07-15T14:22:36.884Z"}
{"args":{"location":{"x":40,"y":40},"route_id":"test_route","shelter_type":"tree"},"level":"info","message":"Executing build_shelter tool","service":"primalcode-mcp","timestamp":"2025-07-15T14:22:36.885Z"}
{"capacity":2,"level":"info","location":{"x":40,"y":40},"message":"Built shelter in route test_route","service":"primalcode-mcp","shelterType":"tree","timestamp":"2025-07-15T14:22:36.885Z"}
{"changeType":"shelter_built","level":"info","location":{"x":40,"y":40},"message":"Notified 1 monsters of environmental change","routeId":"test_route","service":"primalcode-mcp","timestamp":"2025-07-15T14:22:36.886Z"}
{"level":"info","message":"Generated environment for route test_route","routeName":"Test Forest","service":"primalcode-mcp","timestamp":"2025-07-15T14:22:36.886Z"}
{"level":"info","message":"Generated aggressive_hunter shadow_wolf monster","monsterId":"monster_1","service":"primalcode-mcp","timestamp":"2025-07-15T14:22:36.887Z"}
{"args":{"location":{"x":35,"y":35},"route_id":"test_route","shelter_type":"cave"},"level":"info","message":"Executing build_shelter tool","service":"primalcode-mcp","timestamp":"2025-07-15T14:22:36.887Z"}
{"capacity":3,"level":"info","location":{"x":35,"y":35},"message":"Built shelter in route test_route","service":"primalcode-mcp","shelterType":"cave","timestamp":"2025-07-15T14:22:36.887Z"}
{"changeType":"shelter_built","level":"info","location":{"x":35,"y":35},"message":"Notified 1 monsters of environmental change","routeId":"test_route","service":"primalcode-mcp","timestamp":"2025-07-15T14:22:36.887Z"}
{"level":"info","message":"Generated environment for route test_route","routeName":"Test Forest","service":"primalcode-mcp","timestamp":"2025-07-15T14:22:36.888Z"}
{"level":"info","message":"Generated aggressive_hunter shadow_wolf monster","monsterId":"monster_1","service":"primalcode-mcp","timestamp":"2025-07-15T14:22:36.888Z"}
{"args":{"location":{"x":50,"y":50},"route_id":"invalid_route","shelter_type":"cave"},"level":"info","message":"Executing build_shelter tool","service":"primalcode-mcp","timestamp":"2025-07-15T14:22:36.888Z"}
{"args":{"location":{"x":50,"y":50},"route_id":"invalid_route","shelter_type":"cave"},"error":{},"level":"error","message":"Error executing build_shelter tool","service":"primalcode-mcp","timestamp":"2025-07-15T14:22:36.889Z"}
{"level":"info","message":"Generated environment for route test_route","routeName":"Test Forest","service":"primalcode-mcp","timestamp":"2025-07-15T14:22:36.889Z"}
{"level":"info","message":"Generated aggressive_hunter shadow_wolf monster","monsterId":"monster_1","service":"primalcode-mcp","timestamp":"2025-07-15T14:22:36.889Z"}
{"args":{"location":{"x":50},"route_id":"test_route","shelter_type":"cave"},"level":"info","message":"Executing build_shelter tool","service":"primalcode-mcp","timestamp":"2025-07-15T14:22:36.890Z"}
{"args":{"location":{"x":50},"route_id":"test_route","shelter_type":"cave"},"error":{},"level":"error","message":"Error executing build_shelter tool","service":"primalcode-mcp","timestamp":"2025-07-15T14:22:36.890Z"}
{"level":"info","message":"Generated environment for route test_route","routeName":"Test Forest","service":"primalcode-mcp","timestamp":"2025-07-15T14:22:36.893Z"}
{"level":"info","message":"Generated aggressive_hunter shadow_wolf monster","monsterId":"monster_1","service":"primalcode-mcp","timestamp":"2025-07-15T14:22:36.893Z"}
{"level":"info","message":"Generated environment for route empty_route","routeName":"Empty Forest","service":"primalcode-mcp","timestamp":"2025-07-15T14:22:36.893Z"}
{"args":{"location":{"x":50,"y":50},"route_id":"empty_route","shelter_type":"cave"},"level":"info","message":"Executing build_shelter tool","service":"primalcode-mcp","timestamp":"2025-07-15T14:22:36.894Z"}
{"capacity":4,"level":"info","location":{"x":50,"y":50},"message":"Built shelter in route empty_route","service":"primalcode-mcp","shelterType":"cave","timestamp":"2025-07-15T14:22:36.894Z"}
{"changeType":"shelter_built","level":"info","location":{"x":50,"y":50},"message":"Notified 0 monsters of environmental change","routeId":"empty_route","service":"primalcode-mcp","timestamp":"2025-07-15T14:22:36.894Z"}
{"level":"info","message":"Generated environment for route test_route","routeName":"Test Forest","service":"primalcode-mcp","timestamp":"2025-07-15T14:22:36.895Z"}
{"level":"info","message":"Generated aggressive_hunter shadow_wolf monster","monsterId":"monster_1","service":"primalcode-mcp","timestamp":"2025-07-15T14:22:36.895Z"}
{"args":{"location":{"x":45,"y":45},"route_id":"test_route","shelter_type":"burrow"},"level":"info","message":"Executing build_shelter tool","service":"primalcode-mcp","timestamp":"2025-07-15T14:22:36.895Z"}
{"capacity":2,"level":"info","location":{"x":45,"y":45},"message":"Built shelter in route test_route","service":"primalcode-mcp","shelterType":"burrow","timestamp":"2025-07-15T14:22:36.895Z"}
{"changeType":"shelter_built","level":"info","location":{"x":45,"y":45},"message":"Notified 1 monsters of environmental change","routeId":"test_route","service":"primalcode-mcp","timestamp":"2025-07-15T14:22:36.896Z"}
{"level":"info","message":"Generated environment for route test_route","routeName":"Test Forest","service":"primalcode-mcp","timestamp":"2025-07-15T14:22:36.896Z"}
{"level":"info","message":"Generated aggressive_hunter shadow_wolf monster","monsterId":"monster_1","service":"primalcode-mcp","timestamp":"2025-07-15T14:22:36.897Z"}
{"args":{"location":{"x":50,"y":50},"route_id":"test_route","shelter_type":"cave"},"level":"info","message":"Executing build_shelter tool","service":"primalcode-mcp","timestamp":"2025-07-15T14:22:36.897Z"}
{"capacity":2,"level":"info","location":{"x":50,"y":50},"message":"Built shelter in route test_route","service":"primalcode-mcp","shelterType":"cave","timestamp":"2025-07-15T14:22:36.897Z"}
{"changeType":"shelter_built","level":"info","location":{"x":50,"y":50},"message":"Notified 1 monsters of environmental change","routeId":"test_route","service":"primalcode-mcp","timestamp":"2025-07-15T14:22:36.898Z"}
{"level":"info","message":"Generated environment for route test_route","routeName":"Test Forest","service":"primalcode-mcp","timestamp":"2025-07-15T14:22:36.898Z"}
{"level":"info","message":"Generated aggressive_hunter shadow_wolf monster","monsterId":"monster_1","service":"primalcode-mcp","timestamp":"2025-07-15T14:22:36.899Z"}
{"args":{"location":{"x":40,"y":40},"route_id":"test_route","shelter_type":"rock"},"level":"info","message":"Executing build_shelter tool","service":"primalcode-mcp","timestamp":"2025-07-15T14:22:36.899Z"}
{"capacity":2,"level":"info","location":{"x":40,"y":40},"message":"Built shelter in route test_route","service":"primalcode-mcp","shelterType":"rock","timestamp":"2025-07-15T14:22:36.899Z"}
{"changeType":"shelter_built","level":"info","location":{"x":40,"y":40},"message":"Notified 1 monsters of environmental change","routeId":"test_route","service":"primalcode-mcp","timestamp":"2025-07-15T14:22:36.899Z"}
{"level":"info","message":"Generated environment for route test_route","routeName":"Test Forest","service":"primalcode-mcp","timestamp":"2025-07-15T14:22:36.900Z"}
{"level":"info","message":"Generated aggressive_hunter shadow_wolf monster","monsterId":"monster_1","service":"primalcode-mcp","timestamp":"2025-07-15T14:22:36.900Z"}
{"level":"info","message":"Generated aggressive_hunter stone_serpent monster","monsterId":"monster_2","service":"primalcode-mcp","timestamp":"2025-07-15T14:22:36.900Z"}
{"args":{"location":{"x":35,"y":35},"route_id":"test_route","shelter_type":"tree"},"level":"info","message":"Executing build_shelter tool","service":"primalcode-mcp","timestamp":"2025-07-15T14:22:36.901Z"}
{"capacity":4,"level":"info","location":{"x":35,"y":35},"message":"Built shelter in route test_route","service":"primalcode-mcp","shelterType":"tree","timestamp":"2025-07-15T14:22:36.901Z"}
{"changeType":"shelter_built","level":"info","location":{"x":35,"y":35},"message":"Notified 2 monsters of environmental change","routeId":"test_route","service":"primalcode-mcp","timestamp":"2025-07-15T14:22:36.901Z"}
{"level":"info","message":"Generated environment for route test_route","routeName":"Test Forest","service":"primalcode-mcp","timestamp":"2025-07-15T14:22:36.901Z"}
{"level":"info","message":"Generated aggressive_hunter shadow_wolf monster","monsterId":"monster_1","service":"primalcode-mcp","timestamp":"2025-07-15T14:22:36.902Z"}
{"level":"info","message":"Generated cautious_forager wind_stag monster","monsterId":"monster_2","service":"primalcode-mcp","timestamp":"2025-07-15T14:22:36.902Z"}
{"level":"info","message":"Generated cautious_forager wind_stag monster","monsterId":"monster_3","service":"primalcode-mcp","timestamp":"2025-07-15T14:22:36.902Z"}
{"level":"info","message":"Generated cautious_forager wind_stag monster","monsterId":"monster_4","service":"primalcode-mcp","timestamp":"2025-07-15T14:22:36.902Z"}
{"level":"info","message":"Generated cautious_forager wind_stag monster","monsterId":"monster_5","service":"primalcode-mcp","timestamp":"2025-07-15T14:22:36.905Z"}
{"level":"info","message":"Generated cautious_forager wind_stag monster","monsterId":"monster_6","service":"primalcode-mcp","timestamp":"2025-07-15T14:22:36.906Z"}
{"level":"info","message":"Generated cautious_forager wind_stag monster","monsterId":"monster_7","service":"primalcode-mcp","timestamp":"2025-07-15T14:22:36.906Z"}
{"args":{"location":{"x":25,"y":25},"route_id":"test_route","shelter_type":"cave"},"level":"info","message":"Executing build_shelter tool","service":"primalcode-mcp","timestamp":"2025-07-15T14:22:36.906Z"}
{"capacity":3,"level":"info","location":{"x":25,"y":25},"message":"Built shelter in route test_route","service":"primalcode-mcp","shelterType":"cave","timestamp":"2025-07-15T14:22:36.906Z"}
{"changeType":"shelter_built","level":"info","location":{"x":25,"y":25},"message":"Notified 7 monsters of environmental change","routeId":"test_route","service":"primalcode-mcp","timestamp":"2025-07-15T14:22:36.907Z"}
{"level":"info","message":"Generated environment for route test_route","routeName":"Test Forest","service":"primalcode-mcp","timestamp":"2025-07-15T14:22:36.907Z"}
{"level":"info","message":"Generated aggressive_hunter shadow_wolf monster","monsterId":"monster_1","service":"primalcode-mcp","timestamp":"2025-07-15T14:22:36.907Z"}
{"args":{"location":{"x":55,"y":55},"route_id":"test_route","shelter_type":"burrow"},"level":"info","message":"Executing build_shelter tool","service":"primalcode-mcp","timestamp":"2025-07-15T14:22:36.908Z"}
{"capacity":3,"level":"info","location":{"x":55,"y":55},"message":"Built shelter in route test_route","service":"primalcode-mcp","shelterType":"burrow","timestamp":"2025-07-15T14:22:36.908Z"}
{"changeType":"shelter_built","level":"info","location":{"x":55,"y":55},"message":"Notified 1 monsters of environmental change","routeId":"test_route","service":"primalcode-mcp","timestamp":"2025-07-15T14:22:36.908Z"}
{"level":"info","message":"Tool registered: health_check","service":"primalcode-mcp","timestamp":"2025-07-15T14:24:45.706Z"}
{"level":"info","message":"Tool registered: observe_ecosystem","service":"primalcode-mcp","timestamp":"2025-07-15T14:24:45.707Z"}
{"level":"info","message":"Tool registered: analyze_monster","service":"primalcode-mcp","timestamp":"2025-07-15T14:24:45.707Z"}
{"level":"info","message":"Tool registered: check_environment","service":"primalcode-mcp","timestamp":"2025-07-15T14:24:45.707Z"}
{"level":"info","message":"Tool registered: place_food","service":"primalcode-mcp","timestamp":"2025-07-15T14:24:45.707Z"}
{"level":"info","message":"Tool registered: modify_weather","service":"primalcode-mcp","timestamp":"2025-07-15T14:24:45.708Z"}
{"level":"info","message":"Tool registered: build_shelter","service":"primalcode-mcp","timestamp":"2025-07-15T14:24:45.708Z"}
{"level":"info","message":"All tools registered successfully","service":"primalcode-mcp","timestamp":"2025-07-15T14:24:45.708Z"}
{"level":"info","message":"PrimalCode MCP Server started successfully","service":"primalcode-mcp","timestamp":"2025-07-15T14:24:45.711Z"}
{"level":"info","message":"Received ListTools request","service":"primalcode-mcp","timestamp":"2025-07-15T14:24:45.727Z"}
{"level":"info","message":"Received ListTools request","service":"primalcode-mcp","timestamp":"2025-07-15T14:24:45.728Z"}
{"level":"info","message":"Received ListTools request","service":"primalcode-mcp","timestamp":"2025-07-15T14:24:46.759Z"}
{"level":"info","message":"Received ListTools request","service":"primalcode-mcp","timestamp":"2025-07-15T14:24:46.759Z"}
{"level":"info","message":"Received ListTools request","service":"primalcode-mcp","timestamp":"2025-07-15T14:24:46.828Z"}
{"level":"info","message":"Received ListTools request","service":"primalcode-mcp","timestamp":"2025-07-15T14:24:46.829Z"}
{"0":"Unknown action: Invalid-Action","level":"error","message":"Invalid message schema for Invalid-Action:","service":"primalcode-mcp","timestamp":"2025-07-15T15:07:08.431Z"}
{"0":"Unknown action: Invalid-Action","level":"error","message":"Invalid message schema for Invalid-Action:","service":"primalcode-mcp","timestamp":"2025-07-15T15:07:08.435Z"}
{"0":"Unknown action: Invalid-Action","level":"error","message":"Invalid message schema for Invalid-Action:","service":"primalcode-mcp","timestamp":"2025-07-15T15:07:31.528Z"}
{"0":"Unknown action: Invalid-Action","level":"error","message":"Invalid message schema for Invalid-Action:","service":"primalcode-mcp","timestamp":"2025-07-15T15:07:31.544Z"}
{"level":"info","message":"Generated environment for route test_route","routeName":"Test Forest","service":"primalcode-mcp","timestamp":"2025-07-15T15:56:56.533Z"}
{"level":"info","message":"Generated aggressive_hunter shadow_wolf monster","monsterId":"monster_1","service":"primalcode-mcp","timestamp":"2025-07-15T15:56:56.559Z"}
{"args":{"location":{"x":50,"y":50},"route_id":"test_route","shelter_type":"cave"},"level":"info","message":"Executing build_shelter tool","service":"primalcode-mcp","timestamp":"2025-07-15T15:56:56.568Z"}
{"capacity":2,"level":"info","location":{"x":50,"y":50},"message":"Built shelter in route test_route","service":"primalcode-mcp","shelterType":"cave","timestamp":"2025-07-15T15:56:56.572Z"}
{"changeType":"shelter_built","level":"info","location":{"x":50,"y":50},"message":"Notified 1 monsters of environmental change","routeId":"test_route","service":"primalcode-mcp","timestamp":"2025-07-15T15:56:56.573Z"}
{"level":"info","message":"Generated environment for route test_route","routeName":"Test Forest","service":"primalcode-mcp","timestamp":"2025-07-15T15:56:56.611Z"}
{"level":"info","message":"Generated aggressive_hunter shadow_wolf monster","monsterId":"monster_1","service":"primalcode-mcp","timestamp":"2025-07-15T15:56:56.611Z"}
{"args":{"location":{"x":30,"y":30},"route_id":"test_route","shelter_type":"burrow"},"level":"info","message":"Executing build_shelter tool","service":"primalcode-mcp","timestamp":"2025-07-15T15:56:56.612Z"}
{"capacity":3,"level":"info","location":{"x":30,"y":30},"message":"Built shelter in route test_route","service":"primalcode-mcp","shelterType":"burrow","timestamp":"2025-07-15T15:56:56.617Z"}
{"changeType":"shelter_built","level":"info","location":{"x":30,"y":30},"message":"Notified 1 monsters of environmental change","routeId":"test_route","service":"primalcode-mcp","timestamp":"2025-07-15T15:56:56.618Z"}
{"level":"info","message":"Generated environment for route test_route","routeName":"Test Forest","service":"primalcode-mcp","timestamp":"2025-07-15T15:56:56.621Z"}
{"level":"info","message":"Generated aggressive_hunter shadow_wolf monster","monsterId":"monster_1","service":"primalcode-mcp","timestamp":"2025-07-15T15:56:56.622Z"}
{"args":{"location":{"x":25,"y":25},"route_id":"test_route","shelter_type":"tree"},"level":"info","message":"Executing build_shelter tool","service":"primalcode-mcp","timestamp":"2025-07-15T15:56:56.622Z"}
{"capacity":4,"level":"info","location":{"x":25,"y":25},"message":"Built shelter in route test_route","service":"primalcode-mcp","shelterType":"tree","timestamp":"2025-07-15T15:56:56.623Z"}
{"changeType":"shelter_built","level":"info","location":{"x":25,"y":25},"message":"Notified 1 monsters of environmental change","routeId":"test_route","service":"primalcode-mcp","timestamp":"2025-07-15T15:56:56.623Z"}
{"level":"info","message":"Generated environment for route test_route","routeName":"Test Forest","service":"primalcode-mcp","timestamp":"2025-07-15T15:56:56.624Z"}
{"level":"info","message":"Generated aggressive_hunter shadow_wolf monster","monsterId":"monster_1","service":"primalcode-mcp","timestamp":"2025-07-15T15:56:56.624Z"}
{"args":{"location":{"x":60,"y":60},"route_id":"test_route","shelter_type":"rock"},"level":"info","message":"Executing build_shelter tool","service":"primalcode-mcp","timestamp":"2025-07-15T15:56:56.625Z"}
{"capacity":2,"level":"info","location":{"x":60,"y":60},"message":"Built shelter in route test_route","service":"primalcode-mcp","shelterType":"rock","timestamp":"2025-07-15T15:56:56.625Z"}
{"changeType":"shelter_built","level":"info","location":{"x":60,"y":60},"message":"Notified 1 monsters of environmental change","routeId":"test_route","service":"primalcode-mcp","timestamp":"2025-07-15T15:56:56.625Z"}
{"level":"info","message":"Generated environment for route test_route","routeName":"Test Forest","service":"primalcode-mcp","timestamp":"2025-07-15T15:56:56.626Z"}
{"level":"info","message":"Generated aggressive_hunter shadow_wolf monster","monsterId":"monster_1","service":"primalcode-mcp","timestamp":"2025-07-15T15:56:56.628Z"}
{"level":"info","message":"Generated cautious_forager wind_stag monster","monsterId":"monster_2","service":"primalcode-mcp","timestamp":"2025-07-15T15:56:56.628Z"}
{"args":{"location":{"x":20,"y":20},"route_id":"test_route","shelter_type":"burrow"},"level":"info","message":"Executing build_shelter tool","service":"primalcode-mcp","timestamp":"2025-07-15T15:56:56.629Z"}
{"capacity":4,"level":"info","location":{"x":20,"y":20},"message":"Built shelter in route test_route","service":"primalcode-mcp","shelterType":"burrow","timestamp":"2025-07-15T15:56:56.629Z"}
{"changeType":"shelter_built","level":"info","location":{"x":20,"y":20},"message":"Notified 2 monsters of environmental change","routeId":"test_route","service":"primalcode-mcp","timestamp":"2025-07-15T15:56:56.629Z"}
{"level":"info","message":"Generated environment for route test_route","routeName":"Test Forest","service":"primalcode-mcp","timestamp":"2025-07-15T15:56:56.630Z"}
{"level":"info","message":"Generated aggressive_hunter shadow_wolf monster","monsterId":"monster_1","service":"primalcode-mcp","timestamp":"2025-07-15T15:56:56.630Z"}
{"level":"info","message":"Generated pack_leader frost_bear monster","monsterId":"monster_2","service":"primalcode-mcp","timestamp":"2025-07-15T15:56:56.631Z"}
{"args":{"location":{"x":25,"y":25},"route_id":"test_route","shelter_type":"cave"},"level":"info","message":"Executing build_shelter tool","service":"primalcode-mcp","timestamp":"2025-07-15T15:56:56.631Z"}
{"capacity":2,"level":"info","location":{"x":25,"y":25},"message":"Built shelter in route test_route","service":"primalcode-mcp","shelterType":"cave","timestamp":"2025-07-15T15:56:56.631Z"}
{"changeType":"shelter_built","level":"info","location":{"x":25,"y":25},"message":"Notified 2 monsters of environmental change","routeId":"test_route","service":"primalcode-mcp","timestamp":"2025-07-15T15:56:56.631Z"}
{"level":"info","message":"Generated environment for route test_route","routeName":"Test Forest","service":"primalcode-mcp","timestamp":"2025-07-15T15:56:56.632Z"}
{"level":"info","message":"Generated aggressive_hunter shadow_wolf monster","monsterId":"monster_1","service":"primalcode-mcp","timestamp":"2025-07-15T15:56:56.632Z"}
{"args":{"location":{"x":10,"y":10},"route_id":"test_route","shelter_type":"cave"},"level":"info","message":"Executing build_shelter tool","service":"primalcode-mcp","timestamp":"2025-07-15T15:56:56.632Z"}
{"capacity":2,"level":"info","location":{"x":10,"y":10},"message":"Built shelter in route test_route","service":"primalcode-mcp","shelterType":"cave","timestamp":"2025-07-15T15:56:56.633Z"}
{"changeType":"shelter_built","level":"info","location":{"x":10,"y":10},"message":"Notified 1 monsters of environmental change","routeId":"test_route","service":"primalcode-mcp","timestamp":"2025-07-15T15:56:56.633Z"}
{"level":"info","message":"Generated environment for route test_route","routeName":"Test Forest","service":"primalcode-mcp","timestamp":"2025-07-15T15:56:56.634Z"}
{"level":"info","message":"Generated aggressive_hunter shadow_wolf monster","monsterId":"monster_1","service":"primalcode-mcp","timestamp":"2025-07-15T15:56:56.634Z"}
{"level":"info","message":"Generated cautious_forager ember_hawk monster","monsterId":"monster_2","service":"primalcode-mcp","timestamp":"2025-07-15T15:56:56.644Z"}
{"args":{"location":{"x":25,"y":25},"route_id":"test_route","shelter_type":"burrow"},"level":"info","message":"Executing build_shelter tool","service":"primalcode-mcp","timestamp":"2025-07-15T15:56:56.647Z"}
{"capacity":2,"level":"info","location":{"x":25,"y":25},"message":"Built shelter in route test_route","service":"primalcode-mcp","shelterType":"burrow","timestamp":"2025-07-15T15:56:56.647Z"}
{"changeType":"shelter_built","level":"info","location":{"x":25,"y":25},"message":"Notified 2 monsters of environmental change","routeId":"test_route","service":"primalcode-mcp","timestamp":"2025-07-15T15:56:56.647Z"}
{"level":"info","message":"Generated environment for route test_route","routeName":"Test Forest","service":"primalcode-mcp","timestamp":"2025-07-15T15:56:56.648Z"}
{"level":"info","message":"Generated aggressive_hunter shadow_wolf monster","monsterId":"monster_1","service":"primalcode-mcp","timestamp":"2025-07-15T15:56:56.648Z"}
{"args":{"location":{"x":40,"y":40},"route_id":"test_route","shelter_type":"tree"},"level":"info","message":"Executing build_shelter tool","service":"primalcode-mcp","timestamp":"2025-07-15T15:56:56.649Z"}
{"capacity":3,"level":"info","location":{"x":40,"y":40},"message":"Built shelter in route test_route","service":"primalcode-mcp","shelterType":"tree","timestamp":"2025-07-15T15:56:56.650Z"}
{"changeType":"shelter_built","level":"info","location":{"x":40,"y":40},"message":"Notified 1 monsters of environmental change","routeId":"test_route","service":"primalcode-mcp","timestamp":"2025-07-15T15:56:56.650Z"}
{"level":"info","message":"Generated environment for route test_route","routeName":"Test Forest","service":"primalcode-mcp","timestamp":"2025-07-15T15:56:56.651Z"}
{"level":"info","message":"Generated aggressive_hunter shadow_wolf monster","monsterId":"monster_1","service":"primalcode-mcp","timestamp":"2025-07-15T15:56:56.651Z"}
{"args":{"location":{"x":35,"y":35},"route_id":"test_route","shelter_type":"cave"},"level":"info","message":"Executing build_shelter tool","service":"primalcode-mcp","timestamp":"2025-07-15T15:56:56.651Z"}
{"capacity":4,"level":"info","location":{"x":35,"y":35},"message":"Built shelter in route test_route","service":"primalcode-mcp","shelterType":"cave","timestamp":"2025-07-15T15:56:56.651Z"}
{"changeType":"shelter_built","level":"info","location":{"x":35,"y":35},"message":"Notified 1 monsters of environmental change","routeId":"test_route","service":"primalcode-mcp","timestamp":"2025-07-15T15:56:56.652Z"}
{"level":"info","message":"Generated environment for route test_route","routeName":"Test Forest","service":"primalcode-mcp","timestamp":"2025-07-15T15:56:56.652Z"}
{"level":"info","message":"Generated aggressive_hunter shadow_wolf monster","monsterId":"monster_1","service":"primalcode-mcp","timestamp":"2025-07-15T15:56:56.652Z"}
{"args":{"location":{"x":50,"y":50},"route_id":"invalid_route","shelter_type":"cave"},"level":"info","message":"Executing build_shelter tool","service":"primalcode-mcp","timestamp":"2025-07-15T15:56:56.653Z"}
{"args":{"location":{"x":50,"y":50},"route_id":"invalid_route","shelter_type":"cave"},"error":{},"level":"error","message":"Error executing build_shelter tool","service":"primalcode-mcp","timestamp":"2025-07-15T15:56:56.653Z"}
{"level":"info","message":"Generated environment for route test_route","routeName":"Test Forest","service":"primalcode-mcp","timestamp":"2025-07-15T15:56:56.655Z"}
{"level":"info","message":"Generated aggressive_hunter shadow_wolf monster","monsterId":"monster_1","service":"primalcode-mcp","timestamp":"2025-07-15T15:56:56.656Z"}
{"args":{"location":{"x":50},"route_id":"test_route","shelter_type":"cave"},"level":"info","message":"Executing build_shelter tool","service":"primalcode-mcp","timestamp":"2025-07-15T15:56:56.657Z"}
{"args":{"location":{"x":50},"route_id":"test_route","shelter_type":"cave"},"error":{},"level":"error","message":"Error executing build_shelter tool","service":"primalcode-mcp","timestamp":"2025-07-15T15:56:56.658Z"}
{"level":"info","message":"Generated environment for route test_route","routeName":"Test Forest","service":"primalcode-mcp","timestamp":"2025-07-15T15:56:56.659Z"}
{"level":"info","message":"Generated aggressive_hunter shadow_wolf monster","monsterId":"monster_1","service":"primalcode-mcp","timestamp":"2025-07-15T15:56:56.659Z"}
{"level":"info","message":"Generated environment for route empty_route","routeName":"Empty Forest","service":"primalcode-mcp","timestamp":"2025-07-15T15:56:56.660Z"}
{"args":{"location":{"x":50,"y":50},"route_id":"empty_route","shelter_type":"cave"},"level":"info","message":"Executing build_shelter tool","service":"primalcode-mcp","timestamp":"2025-07-15T15:56:56.660Z"}
{"capacity":2,"level":"info","location":{"x":50,"y":50},"message":"Built shelter in route empty_route","service":"primalcode-mcp","shelterType":"cave","timestamp":"2025-07-15T15:56:56.661Z"}
{"changeType":"shelter_built","level":"info","location":{"x":50,"y":50},"message":"Notified 0 monsters of environmental change","routeId":"empty_route","service":"primalcode-mcp","timestamp":"2025-07-15T15:56:56.661Z"}
{"level":"info","message":"Generated environment for route test_route","routeName":"Test Forest","service":"primalcode-mcp","timestamp":"2025-07-15T15:56:56.662Z"}
{"level":"info","message":"Generated aggressive_hunter shadow_wolf monster","monsterId":"monster_1","service":"primalcode-mcp","timestamp":"2025-07-15T15:56:56.662Z"}
{"args":{"location":{"x":45,"y":45},"route_id":"test_route","shelter_type":"burrow"},"level":"info","message":"Executing build_shelter tool","service":"primalcode-mcp","timestamp":"2025-07-15T15:56:56.662Z"}
{"capacity":3,"level":"info","location":{"x":45,"y":45},"message":"Built shelter in route test_route","service":"primalcode-mcp","shelterType":"burrow","timestamp":"2025-07-15T15:56:56.672Z"}
{"changeType":"shelter_built","level":"info","location":{"x":45,"y":45},"message":"Notified 1 monsters of environmental change","routeId":"test_route","service":"primalcode-mcp","timestamp":"2025-07-15T15:56:56.673Z"}
{"level":"info","message":"Generated environment for route test_route","routeName":"Test Forest","service":"primalcode-mcp","timestamp":"2025-07-15T15:56:56.674Z"}
{"level":"info","message":"Generated aggressive_hunter shadow_wolf monster","monsterId":"monster_1","service":"primalcode-mcp","timestamp":"2025-07-15T15:56:56.674Z"}
{"args":{"location":{"x":50,"y":50},"route_id":"test_route","shelter_type":"cave"},"level":"info","message":"Executing build_shelter tool","service":"primalcode-mcp","timestamp":"2025-07-15T15:56:56.676Z"}
{"capacity":3,"level":"info","location":{"x":50,"y":50},"message":"Built shelter in route test_route","service":"primalcode-mcp","shelterType":"cave","timestamp":"2025-07-15T15:56:56.676Z"}
{"changeType":"shelter_built","level":"info","location":{"x":50,"y":50},"message":"Notified 1 monsters of environmental change","routeId":"test_route","service":"primalcode-mcp","timestamp":"2025-07-15T15:56:56.676Z"}
{"level":"info","message":"Generated environment for route test_route","routeName":"Test Forest","service":"primalcode-mcp","timestamp":"2025-07-15T15:56:56.678Z"}
{"level":"info","message":"Generated aggressive_hunter shadow_wolf monster","monsterId":"monster_1","service":"primalcode-mcp","timestamp":"2025-07-15T15:56:56.678Z"}
{"args":{"location":{"x":40,"y":40},"route_id":"test_route","shelter_type":"rock"},"level":"info","message":"Executing build_shelter tool","service":"primalcode-mcp","timestamp":"2025-07-15T15:56:56.679Z"}
{"capacity":2,"level":"info","location":{"x":40,"y":40},"message":"Built shelter in route test_route","service":"primalcode-mcp","shelterType":"rock","timestamp":"2025-07-15T15:56:56.679Z"}
{"changeType":"shelter_built","level":"info","location":{"x":40,"y":40},"message":"Notified 1 monsters of environmental change","routeId":"test_route","service":"primalcode-mcp","timestamp":"2025-07-15T15:56:56.679Z"}
{"level":"info","message":"Generated environment for route test_route","routeName":"Test Forest","service":"primalcode-mcp","timestamp":"2025-07-15T15:56:56.680Z"}
{"level":"info","message":"Generated aggressive_hunter shadow_wolf monster","monsterId":"monster_1","service":"primalcode-mcp","timestamp":"2025-07-15T15:56:56.681Z"}
{"level":"info","message":"Generated aggressive_hunter stone_serpent monster","monsterId":"monster_2","service":"primalcode-mcp","timestamp":"2025-07-15T15:56:56.681Z"}
{"args":{"location":{"x":35,"y":35},"route_id":"test_route","shelter_type":"tree"},"level":"info","message":"Executing build_shelter tool","service":"primalcode-mcp","timestamp":"2025-07-15T15:56:56.681Z"}
{"capacity":2,"level":"info","location":{"x":35,"y":35},"message":"Built shelter in route test_route","service":"primalcode-mcp","shelterType":"tree","timestamp":"2025-07-15T15:56:56.682Z"}
{"changeType":"shelter_built","level":"info","location":{"x":35,"y":35},"message":"Notified 2 monsters of environmental change","routeId":"test_route","service":"primalcode-mcp","timestamp":"2025-07-15T15:56:56.682Z"}
{"level":"info","message":"Generated environment for route test_route","routeName":"Test Forest","service":"primalcode-mcp","timestamp":"2025-07-15T15:56:56.684Z"}
{"level":"info","message":"Generated aggressive_hunter shadow_wolf monster","monsterId":"monster_1","service":"primalcode-mcp","timestamp":"2025-07-15T15:56:56.684Z"}
{"level":"info","message":"Generated cautious_forager wind_stag monster","monsterId":"monster_2","service":"primalcode-mcp","timestamp":"2025-07-15T15:56:56.685Z"}
{"level":"info","message":"Generated cautious_forager wind_stag monster","monsterId":"monster_3","service":"primalcode-mcp","timestamp":"2025-07-15T15:56:56.685Z"}
{"level":"info","message":"Generated cautious_forager wind_stag monster","monsterId":"monster_4","service":"primalcode-mcp","timestamp":"2025-07-15T15:56:56.686Z"}
{"level":"info","message":"Generated cautious_forager wind_stag monster","monsterId":"monster_5","service":"primalcode-mcp","timestamp":"2025-07-15T15:56:56.686Z"}
{"level":"info","message":"Generated cautious_forager wind_stag monster","monsterId":"monster_6","service":"primalcode-mcp","timestamp":"2025-07-15T15:56:56.686Z"}
{"level":"info","message":"Generated cautious_forager wind_stag monster","monsterId":"monster_7","service":"primalcode-mcp","timestamp":"2025-07-15T15:56:56.686Z"}
{"args":{"location":{"x":25,"y":25},"route_id":"test_route","shelter_type":"cave"},"level":"info","message":"Executing build_shelter tool","service":"primalcode-mcp","timestamp":"2025-07-15T15:56:56.687Z"}
{"capacity":4,"level":"info","location":{"x":25,"y":25},"message":"Built shelter in route test_route","service":"primalcode-mcp","shelterType":"cave","timestamp":"2025-07-15T15:56:56.687Z"}
{"changeType":"shelter_built","level":"info","location":{"x":25,"y":25},"message":"Notified 7 monsters of environmental change","routeId":"test_route","service":"primalcode-mcp","timestamp":"2025-07-15T15:56:56.687Z"}
{"level":"info","message":"Generated environment for route test_route","routeName":"Test Forest","service":"primalcode-mcp","timestamp":"2025-07-15T15:56:56.700Z"}
{"level":"info","message":"Generated aggressive_hunter shadow_wolf monster","monsterId":"monster_1","service":"primalcode-mcp","timestamp":"2025-07-15T15:56:56.700Z"}
{"args":{"location":{"x":55,"y":55},"route_id":"test_route","shelter_type":"burrow"},"level":"info","message":"Executing build_shelter tool","service":"primalcode-mcp","timestamp":"2025-07-15T15:56:56.715Z"}
{"capacity":4,"level":"info","location":{"x":55,"y":55},"message":"Built shelter in route test_route","service":"primalcode-mcp","shelterType":"burrow","timestamp":"2025-07-15T15:56:56.717Z"}
{"changeType":"shelter_built","level":"info","location":{"x":55,"y":55},"message":"Notified 1 monsters of environmental change","routeId":"test_route","service":"primalcode-mcp","timestamp":"2025-07-15T15:56:56.718Z"}
{"level":"info","message":"Generated environment for route test_route","routeName":"Test Forest","service":"primalcode-mcp","timestamp":"2025-07-15T15:56:56.977Z"}
{"level":"info","message":"Generated aggressive_hunter shadow_wolf monster","monsterId":"monster_1","service":"primalcode-mcp","timestamp":"2025-07-15T15:56:56.980Z"}
{"args":{"food_type":"meat","location":{"x":50,"y":50},"route_id":"test_route"},"level":"info","message":"Executing place_food tool","service":"primalcode-mcp","timestamp":"2025-07-15T15:56:56.980Z"}
{"foodType":"meat","level":"info","location":{"x":50,"y":50},"message":"Added food source to route test_route","quality":0.7625115635328068,"service":"primalcode-mcp","timestamp":"2025-07-15T15:56:56.983Z"}
{"changeType":"food_placed","level":"info","location":{"x":50,"y":50},"message":"Notified 1 monsters of environmental change","routeId":"test_route","service":"primalcode-mcp","timestamp":"2025-07-15T15:56:56.984Z"}
{"level":"info","message":"Generated environment for route test_route","routeName":"Test Forest","service":"primalcode-mcp","timestamp":"2025-07-15T15:56:56.986Z"}
{"level":"info","message":"Generated aggressive_hunter shadow_wolf monster","monsterId":"monster_1","service":"primalcode-mcp","timestamp":"2025-07-15T15:56:56.987Z"}
{"args":{"food_type":"plants","location":{"x":30,"y":30},"route_id":"test_route"},"level":"info","message":"Executing place_food tool","service":"primalcode-mcp","timestamp":"2025-07-15T15:56:56.987Z"}
{"foodType":"plants","level":"info","location":{"x":30,"y":30},"message":"Added food source to route test_route","quality":0.9076742619811462,"service":"primalcode-mcp","timestamp":"2025-07-15T15:56:56.988Z"}
{"changeType":"food_placed","level":"info","location":{"x":30,"y":30},"message":"Notified 1 monsters of environmental change","routeId":"test_route","service":"primalcode-mcp","timestamp":"2025-07-15T15:56:56.988Z"}
{"level":"info","message":"Generated environment for route test_route","routeName":"Test Forest","service":"primalcode-mcp","timestamp":"2025-07-15T15:56:56.989Z"}
{"level":"info","message":"Generated aggressive_hunter shadow_wolf monster","monsterId":"monster_1","service":"primalcode-mcp","timestamp":"2025-07-15T15:56:56.990Z"}
{"level":"info","message":"Generated cautious_forager wind_stag monster","monsterId":"monster_2","service":"primalcode-mcp","timestamp":"2025-07-15T15:56:56.990Z"}
{"args":{"food_type":"plants","location":{"x":20,"y":20},"route_id":"test_route"},"level":"info","message":"Executing place_food tool","service":"primalcode-mcp","timestamp":"2025-07-15T15:56:56.990Z"}
{"foodType":"plants","level":"info","location":{"x":20,"y":20},"message":"Added food source to route test_route","quality":0.8265699576947376,"service":"primalcode-mcp","timestamp":"2025-07-15T15:56:56.991Z"}
{"changeType":"food_placed","level":"info","location":{"x":20,"y":20},"message":"Notified 2 monsters of environmental change","routeId":"test_route","service":"primalcode-mcp","timestamp":"2025-07-15T15:56:56.992Z"}
{"level":"info","message":"Generated environment for route test_route","routeName":"Test Forest","service":"primalcode-mcp","timestamp":"2025-07-15T15:56:56.992Z"}
{"level":"info","message":"Generated aggressive_hunter shadow_wolf monster","monsterId":"monster_1","service":"primalcode-mcp","timestamp":"2025-07-15T15:56:56.994Z"}
{"args":{"food_type":"meat","location":{"x":10,"y":10},"route_id":"test_route"},"level":"info","message":"Executing place_food tool","service":"primalcode-mcp","timestamp":"2025-07-15T15:56:56.995Z"}
{"foodType":"meat","level":"info","location":{"x":10,"y":10},"message":"Added food source to route test_route","quality":0.9372707407364365,"service":"primalcode-mcp","timestamp":"2025-07-15T15:56:56.996Z"}
{"changeType":"food_placed","level":"info","location":{"x":10,"y":10},"message":"Notified 1 monsters of environmental change","routeId":"test_route","service":"primalcode-mcp","timestamp":"2025-07-15T15:56:57.000Z"}
{"level":"info","message":"Generated environment for route test_route","routeName":"Test Forest","service":"primalcode-mcp","timestamp":"2025-07-15T15:56:57.003Z"}
{"level":"info","message":"Generated aggressive_hunter shadow_wolf monster","monsterId":"monster_1","service":"primalcode-mcp","timestamp":"2025-07-15T15:56:57.004Z"}
{"args":{"food_type":"water","location":{"x":25,"y":25},"route_id":"test_route"},"level":"info","message":"Executing place_food tool","service":"primalcode-mcp","timestamp":"2025-07-15T15:56:57.005Z"}
{"foodType":"water","level":"info","location":{"x":25,"y":25},"message":"Added food source to route test_route","quality":0.7501839908309113,"service":"primalcode-mcp","timestamp":"2025-07-15T15:56:57.006Z"}
{"changeType":"food_placed","level":"info","location":{"x":25,"y":25},"message":"Notified 1 monsters of environmental change","routeId":"test_route","service":"primalcode-mcp","timestamp":"2025-07-15T15:56:57.015Z"}
{"level":"info","message":"Generated environment for route test_route","routeName":"Test Forest","service":"primalcode-mcp","timestamp":"2025-07-15T15:56:57.035Z"}
{"level":"info","message":"Generated aggressive_hunter shadow_wolf monster","monsterId":"monster_1","service":"primalcode-mcp","timestamp":"2025-07-15T15:56:57.038Z"}
{"args":{"food_type":"meat","location":{"x":50,"y":50},"route_id":"invalid_route"},"level":"info","message":"Executing place_food tool","service":"primalcode-mcp","timestamp":"2025-07-15T15:56:57.038Z"}
{"args":{"food_type":"meat","location":{"x":50,"y":50},"route_id":"invalid_route"},"error":{},"level":"error","message":"Error executing place_food tool","service":"primalcode-mcp","timestamp":"2025-07-15T15:56:57.040Z"}
{"level":"info","message":"Generated environment for route test_route","routeName":"Test Forest","service":"primalcode-mcp","timestamp":"2025-07-15T15:56:57.042Z"}
{"level":"info","message":"Generated aggressive_hunter shadow_wolf monster","monsterId":"monster_1","service":"primalcode-mcp","timestamp":"2025-07-15T15:56:57.043Z"}
{"args":{"food_type":"meat","location":{"x":50},"route_id":"test_route"},"level":"info","message":"Executing place_food tool","service":"primalcode-mcp","timestamp":"2025-07-15T15:56:57.043Z"}
{"args":{"food_type":"meat","location":{"x":50},"route_id":"test_route"},"error":{},"level":"error","message":"Error executing place_food tool","service":"primalcode-mcp","timestamp":"2025-07-15T15:56:57.043Z"}
{"level":"info","message":"Generated environment for route test_route","routeName":"Test Forest","service":"primalcode-mcp","timestamp":"2025-07-15T15:56:57.044Z"}
{"level":"info","message":"Generated aggressive_hunter shadow_wolf monster","monsterId":"monster_1","service":"primalcode-mcp","timestamp":"2025-07-15T15:56:57.044Z"}
{"level":"info","message":"Generated environment for route empty_route","routeName":"Empty Forest","service":"primalcode-mcp","timestamp":"2025-07-15T15:56:57.044Z"}
{"args":{"food_type":"meat","location":{"x":50,"y":50},"route_id":"empty_route"},"level":"info","message":"Executing place_food tool","service":"primalcode-mcp","timestamp":"2025-07-15T15:56:57.045Z"}
{"foodType":"meat","level":"info","location":{"x":50,"y":50},"message":"Added food source to route empty_route","quality":0.7168748629778111,"service":"primalcode-mcp","timestamp":"2025-07-15T15:56:57.047Z"}
{"changeType":"food_placed","level":"info","location":{"x":50,"y":50},"message":"Notified 0 monsters of environmental change","routeId":"empty_route","service":"primalcode-mcp","timestamp":"2025-07-15T15:56:57.048Z"}
{"level":"info","message":"Generated environment for route test_route","routeName":"Test Forest","service":"primalcode-mcp","timestamp":"2025-07-15T15:56:57.053Z"}
{"level":"info","message":"Generated aggressive_hunter shadow_wolf monster","monsterId":"monster_1","service":"primalcode-mcp","timestamp":"2025-07-15T15:56:57.054Z"}
{"args":{"food_type":"meat","location":{"x":40,"y":40},"route_id":"test_route"},"level":"info","message":"Executing place_food tool","service":"primalcode-mcp","timestamp":"2025-07-15T15:56:57.056Z"}
{"foodType":"meat","level":"info","location":{"x":40,"y":40},"message":"Added food source to route test_route","quality":0.9851929470257936,"service":"primalcode-mcp","timestamp":"2025-07-15T15:56:57.057Z"}
{"changeType":"food_placed","level":"info","location":{"x":40,"y":40},"message":"Notified 1 monsters of environmental change","routeId":"test_route","service":"primalcode-mcp","timestamp":"2025-07-15T15:56:57.057Z"}
{"level":"info","message":"Generated environment for route test_route","routeName":"Test Forest","service":"primalcode-mcp","timestamp":"2025-07-15T15:56:57.058Z"}
{"level":"info","message":"Generated aggressive_hunter shadow_wolf monster","monsterId":"monster_1","service":"primalcode-mcp","timestamp":"2025-07-15T15:56:57.058Z"}
{"args":{"food_type":"meat","location":{"x":50,"y":50},"route_id":"test_route"},"level":"info","message":"Executing place_food tool","service":"primalcode-mcp","timestamp":"2025-07-15T15:56:57.059Z"}
{"foodType":"meat","level":"info","location":{"x":50,"y":50},"message":"Added food source to route test_route","quality":0.7352086155423713,"service":"primalcode-mcp","timestamp":"2025-07-15T15:56:57.060Z"}
{"changeType":"food_placed","level":"info","location":{"x":50,"y":50},"message":"Notified 1 monsters of environmental change","routeId":"test_route","service":"primalcode-mcp","timestamp":"2025-07-15T15:56:57.062Z"}
{"level":"info","message":"Generated environment for route test_route","routeName":"Test Forest","service":"primalcode-mcp","timestamp":"2025-07-15T15:56:57.063Z"}
{"level":"info","message":"Generated aggressive_hunter shadow_wolf monster","monsterId":"monster_1","service":"primalcode-mcp","timestamp":"2025-07-15T15:56:57.064Z"}
{"level":"info","message":"Generated pack_leader frost_bear monster","monsterId":"monster_2","service":"primalcode-mcp","timestamp":"2025-07-15T15:56:57.064Z"}
{"args":{"food_type":"meat","location":{"x":25,"y":25},"route_id":"test_route"},"level":"info","message":"Executing place_food tool","service":"primalcode-mcp","timestamp":"2025-07-15T15:56:57.066Z"}
{"foodType":"meat","level":"info","location":{"x":25,"y":25},"message":"Added food source to route test_route","quality":0.9093983681386022,"service":"primalcode-mcp","timestamp":"2025-07-15T15:56:57.067Z"}
{"changeType":"food_placed","level":"info","location":{"x":25,"y":25},"message":"Notified 2 monsters of environmental change","routeId":"test_route","service":"primalcode-mcp","timestamp":"2025-07-15T15:56:57.067Z"}
{"level":"info","message":"Generated environment for route test_route","routeName":"Test Forest","service":"primalcode-mcp","timestamp":"2025-07-15T15:56:57.178Z"}
{"level":"info","message":"Generated aggressive_hunter shadow_wolf monster","monsterId":"monster_1","service":"primalcode-mcp","timestamp":"2025-07-15T15:56:57.180Z"}
{"args":{"intensity":0.7,"route_id":"test_route","weather_type":"rain"},"level":"info","message":"Executing modify_weather tool","service":"primalcode-mcp","timestamp":"2025-07-15T15:56:57.180Z"}
{"intensity":0.7,"level":"info","message":"Modified weather for route test_route","newCondition":"rain","service":"primalcode-mcp","timestamp":"2025-07-15T15:56:57.182Z","weatherType":"rain"}
{"changeType":"weather_changed","level":"info","location":{"x":50,"y":50},"message":"Notified 1 monsters of environmental change","routeId":"test_route","service":"primalcode-mcp","timestamp":"2025-07-15T15:56:57.182Z"}
{"level":"info","message":"Generated environment for route test_route","routeName":"Test Forest","service":"primalcode-mcp","timestamp":"2025-07-15T15:56:57.183Z"}
{"level":"info","message":"Generated aggressive_hunter shadow_wolf monster","monsterId":"monster_1","service":"primalcode-mcp","timestamp":"2025-07-15T15:56:57.183Z"}
{"args":{"intensity":0.8,"route_id":"test_route","weather_type":"heat"},"level":"info","message":"Executing modify_weather tool","service":"primalcode-mcp","timestamp":"2025-07-15T15:56:57.183Z"}
{"intensity":0.8,"level":"info","message":"Modified weather for route test_route","newCondition":"clear","service":"primalcode-mcp","timestamp":"2025-07-15T15:56:57.184Z","weatherType":"heat"}
{"changeType":"weather_changed","level":"info","location":{"x":50,"y":50},"message":"Notified 1 monsters of environmental change","routeId":"test_route","service":"primalcode-mcp","timestamp":"2025-07-15T15:56:57.184Z"}
{"level":"info","message":"Generated environment for route test_route","routeName":"Test Forest","service":"primalcode-mcp","timestamp":"2025-07-15T15:56:57.191Z"}
{"level":"info","message":"Generated aggressive_hunter shadow_wolf monster","monsterId":"monster_1","service":"primalcode-mcp","timestamp":"2025-07-15T15:56:57.191Z"}
{"args":{"intensity":0.9,"route_id":"test_route","weather_type":"storm"},"level":"info","message":"Executing modify_weather tool","service":"primalcode-mcp","timestamp":"2025-07-15T15:56:57.191Z"}
{"intensity":0.9,"level":"info","message":"Modified weather for route test_route","newCondition":"storm","service":"primalcode-mcp","timestamp":"2025-07-15T15:56:57.191Z","weatherType":"storm"}
{"changeType":"weather_changed","level":"info","location":{"x":50,"y":50},"message":"Notified 1 monsters of environmental change","routeId":"test_route","service":"primalcode-mcp","timestamp":"2025-07-15T15:56:57.191Z"}
{"level":"info","message":"Generated environment for route test_route","routeName":"Test Forest","service":"primalcode-mcp","timestamp":"2025-07-15T15:56:57.192Z"}
{"level":"info","message":"Generated aggressive_hunter shadow_wolf monster","monsterId":"monster_1","service":"primalcode-mcp","timestamp":"2025-07-15T15:56:57.192Z"}
{"level":"info","message":"Generated cautious_forager wind_stag monster","monsterId":"monster_2","service":"primalcode-mcp","timestamp":"2025-07-15T15:56:57.192Z"}
{"args":{"intensity":0.6,"route_id":"test_route","weather_type":"rain"},"level":"info","message":"Executing modify_weather tool","service":"primalcode-mcp","timestamp":"2025-07-15T15:56:57.193Z"}
{"intensity":0.6,"level":"info","message":"Modified weather for route test_route","newCondition":"rain","service":"primalcode-mcp","timestamp":"2025-07-15T15:56:57.193Z","weatherType":"rain"}
{"changeType":"weather_changed","level":"info","location":{"x":50,"y":50},"message":"Notified 2 monsters of environmental change","routeId":"test_route","service":"primalcode-mcp","timestamp":"2025-07-15T15:56:57.193Z"}
{"level":"info","message":"Generated environment for route test_route","routeName":"Test Forest","service":"primalcode-mcp","timestamp":"2025-07-15T15:56:57.193Z"}
{"level":"info","message":"Generated aggressive_hunter shadow_wolf monster","monsterId":"monster_1","service":"primalcode-mcp","timestamp":"2025-07-15T15:56:57.194Z"}
{"level":"info","message":"Generated pack_leader frost_bear monster","monsterId":"monster_2","service":"primalcode-mcp","timestamp":"2025-07-15T15:56:57.194Z"}
{"args":{"intensity":0.8,"route_id":"test_route","weather_type":"storm"},"level":"info","message":"Executing modify_weather tool","service":"primalcode-mcp","timestamp":"2025-07-15T15:56:57.194Z"}
{"intensity":0.8,"level":"info","message":"Modified weather for route test_route","newCondition":"storm","service":"primalcode-mcp","timestamp":"2025-07-15T15:56:57.194Z","weatherType":"storm"}
{"changeType":"weather_changed","level":"info","location":{"x":50,"y":50},"message":"Notified 2 monsters of environmental change","routeId":"test_route","service":"primalcode-mcp","timestamp":"2025-07-15T15:56:57.195Z"}
{"level":"info","message":"Generated environment for route test_route","routeName":"Test Forest","service":"primalcode-mcp","timestamp":"2025-07-15T15:56:57.195Z"}
{"level":"info","message":"Generated aggressive_hunter shadow_wolf monster","monsterId":"monster_1","service":"primalcode-mcp","timestamp":"2025-07-15T15:56:57.195Z"}
{"args":{"intensity":0.5,"route_id":"test_route","weather_type":"rain"},"level":"info","message":"Executing modify_weather tool","service":"primalcode-mcp","timestamp":"2025-07-15T15:56:57.196Z"}
{"intensity":0.5,"level":"info","message":"Modified weather for route test_route","newCondition":"rain","service":"primalcode-mcp","timestamp":"2025-07-15T15:56:57.196Z","weatherType":"rain"}
{"changeType":"weather_changed","level":"info","location":{"x":50,"y":50},"message":"Notified 1 monsters of environmental change","routeId":"test_route","service":"primalcode-mcp","timestamp":"2025-07-15T15:56:57.196Z"}
{"level":"info","message":"Generated environment for route test_route","routeName":"Test Forest","service":"primalcode-mcp","timestamp":"2025-07-15T15:56:57.197Z"}
{"level":"info","message":"Generated aggressive_hunter shadow_wolf monster","monsterId":"monster_1","service":"primalcode-mcp","timestamp":"2025-07-15T15:56:57.197Z"}
{"args":{"intensity":0.9,"route_id":"test_route","weather_type":"heat"},"level":"info","message":"Executing modify_weather tool","service":"primalcode-mcp","timestamp":"2025-07-15T15:56:57.197Z"}
{"intensity":0.9,"level":"info","message":"Modified weather for route test_route","newCondition":"clear","service":"primalcode-mcp","timestamp":"2025-07-15T15:56:57.197Z","weatherType":"heat"}
{"changeType":"weather_changed","level":"info","location":{"x":50,"y":50},"message":"Notified 1 monsters of environmental change","routeId":"test_route","service":"primalcode-mcp","timestamp":"2025-07-15T15:56:57.198Z"}
{"level":"info","message":"Generated environment for route test_route","routeName":"Test Forest","service":"primalcode-mcp","timestamp":"2025-07-15T15:56:57.198Z"}
{"level":"info","message":"Generated aggressive_hunter shadow_wolf monster","monsterId":"monster_1","service":"primalcode-mcp","timestamp":"2025-07-15T15:56:57.199Z"}
{"args":{"intensity":0.5,"route_id":"invalid_route","weather_type":"rain"},"level":"info","message":"Executing modify_weather tool","service":"primalcode-mcp","timestamp":"2025-07-15T15:56:57.205Z"}
{"args":{"intensity":0.5,"route_id":"invalid_route","weather_type":"rain"},"error":{},"level":"error","message":"Error executing modify_weather tool","service":"primalcode-mcp","timestamp":"2025-07-15T15:56:57.206Z"}
{"level":"info","message":"Generated environment for route test_route","routeName":"Test Forest","service":"primalcode-mcp","timestamp":"2025-07-15T15:56:57.206Z"}
{"level":"info","message":"Generated aggressive_hunter shadow_wolf monster","monsterId":"monster_1","service":"primalcode-mcp","timestamp":"2025-07-15T15:56:57.206Z"}
{"args":{"intensity":1.5,"route_id":"test_route","weather_type":"rain"},"level":"info","message":"Executing modify_weather tool","service":"primalcode-mcp","timestamp":"2025-07-15T15:56:57.206Z"}
{"args":{"intensity":1.5,"route_id":"test_route","weather_type":"rain"},"error":{},"level":"error","message":"Error executing modify_weather tool","service":"primalcode-mcp","timestamp":"2025-07-15T15:56:57.207Z"}
{"level":"info","message":"Generated environment for route test_route","routeName":"Test Forest","service":"primalcode-mcp","timestamp":"2025-07-15T15:56:57.207Z"}
{"level":"info","message":"Generated aggressive_hunter shadow_wolf monster","monsterId":"monster_1","service":"primalcode-mcp","timestamp":"2025-07-15T15:56:57.207Z"}
{"level":"info","message":"Generated environment for route empty_route","routeName":"Empty Forest","service":"primalcode-mcp","timestamp":"2025-07-15T15:56:57.207Z"}
{"args":{"intensity":0.4,"route_id":"empty_route","weather_type":"storm"},"level":"info","message":"Executing modify_weather tool","service":"primalcode-mcp","timestamp":"2025-07-15T15:56:57.208Z"}
{"intensity":0.4,"level":"info","message":"Modified weather for route empty_route","newCondition":"storm","service":"primalcode-mcp","timestamp":"2025-07-15T15:56:57.208Z","weatherType":"storm"}
{"changeType":"weather_changed","level":"info","location":{"x":50,"y":50},"message":"Notified 0 monsters of environmental change","routeId":"empty_route","service":"primalcode-mcp","timestamp":"2025-07-15T15:56:57.208Z"}
{"level":"info","message":"Generated environment for route test_route","routeName":"Test Forest","service":"primalcode-mcp","timestamp":"2025-07-15T15:56:57.209Z"}
{"level":"info","message":"Generated aggressive_hunter shadow_wolf monster","monsterId":"monster_1","service":"primalcode-mcp","timestamp":"2025-07-15T15:56:57.209Z"}
{"args":{"intensity":0.2,"route_id":"test_route","weather_type":"rain"},"level":"info","message":"Executing modify_weather tool","service":"primalcode-mcp","timestamp":"2025-07-15T15:56:57.209Z"}
{"intensity":0.2,"level":"info","message":"Modified weather for route test_route","newCondition":"rain","service":"primalcode-mcp","timestamp":"2025-07-15T15:56:57.209Z","weatherType":"rain"}
{"changeType":"weather_changed","level":"info","location":{"x":50,"y":50},"message":"Notified 1 monsters of environmental change","routeId":"test_route","service":"primalcode-mcp","timestamp":"2025-07-15T15:56:57.210Z"}
{"level":"info","message":"Generated environment for route test_route","routeName":"Test Forest","service":"primalcode-mcp","timestamp":"2025-07-15T15:56:57.210Z"}
{"level":"info","message":"Generated aggressive_hunter shadow_wolf monster","monsterId":"monster_1","service":"primalcode-mcp","timestamp":"2025-07-15T15:56:57.211Z"}
{"args":{"intensity":0.9,"route_id":"test_route","weather_type":"heat"},"level":"info","message":"Executing modify_weather tool","service":"primalcode-mcp","timestamp":"2025-07-15T15:56:57.211Z"}
{"intensity":0.9,"level":"info","message":"Modified weather for route test_route","newCondition":"clear","service":"primalcode-mcp","timestamp":"2025-07-15T15:56:57.213Z","weatherType":"heat"}
{"changeType":"weather_changed","level":"info","location":{"x":50,"y":50},"message":"Notified 1 monsters of environmental change","routeId":"test_route","service":"primalcode-mcp","timestamp":"2025-07-15T15:56:57.213Z"}
{"level":"info","message":"Generated environment for route test_route","routeName":"Test Forest","service":"primalcode-mcp","timestamp":"2025-07-15T15:56:57.214Z"}
{"level":"info","message":"Generated aggressive_hunter shadow_wolf monster","monsterId":"monster_1","service":"primalcode-mcp","timestamp":"2025-07-15T15:56:57.214Z"}
{"args":{"intensity":0.6,"route_id":"test_route","weather_type":"rain"},"level":"info","message":"Executing modify_weather tool","service":"primalcode-mcp","timestamp":"2025-07-15T15:56:57.215Z"}
{"intensity":0.6,"level":"info","message":"Modified weather for route test_route","newCondition":"rain","service":"primalcode-mcp","timestamp":"2025-07-15T15:56:57.215Z","weatherType":"rain"}
{"changeType":"weather_changed","level":"info","location":{"x":50,"y":50},"message":"Notified 1 monsters of environmental change","routeId":"test_route","service":"primalcode-mcp","timestamp":"2025-07-15T15:56:57.215Z"}
{"level":"info","message":"Generated environment for route test_route","routeName":"Test Forest","service":"primalcode-mcp","timestamp":"2025-07-15T15:56:57.216Z"}
{"level":"info","message":"Generated aggressive_hunter shadow_wolf monster","monsterId":"monster_1","service":"primalcode-mcp","timestamp":"2025-07-15T15:56:57.216Z"}
{"args":{"intensity":0.5,"route_id":"test_route","weather_type":"normal"},"level":"info","message":"Executing modify_weather tool","service":"primalcode-mcp","timestamp":"2025-07-15T15:56:57.217Z"}
{"intensity":0.5,"level":"info","message":"Modified weather for route test_route","newCondition":"clear","service":"primalcode-mcp","timestamp":"2025-07-15T15:56:57.218Z","weatherType":"normal"}
{"changeType":"weather_changed","level":"info","location":{"x":50,"y":50},"message":"Notified 1 monsters of environmental change","routeId":"test_route","service":"primalcode-mcp","timestamp":"2025-07-15T15:56:57.218Z"}
{"level":"info","message":"Generated environment for route test_route","routeName":"Test Forest","service":"primalcode-mcp","timestamp":"2025-07-15T15:56:57.219Z"}
{"level":"info","message":"Generated aggressive_hunter shadow_wolf monster","monsterId":"monster_1","service":"primalcode-mcp","timestamp":"2025-07-15T15:56:57.219Z"}
{"args":{"intensity":0.7,"route_id":"test_route","weather_type":"rain"},"level":"info","message":"Executing modify_weather tool","service":"primalcode-mcp","timestamp":"2025-07-15T15:56:57.219Z"}
{"intensity":0.7,"level":"info","message":"Modified weather for route test_route","newCondition":"rain","service":"primalcode-mcp","timestamp":"2025-07-15T15:56:57.220Z","weatherType":"rain"}
{"changeType":"weather_changed","level":"info","location":{"x":50,"y":50},"message":"Notified 1 monsters of environmental change","routeId":"test_route","service":"primalcode-mcp","timestamp":"2025-07-15T15:56:57.220Z"}
{"level":"info","message":"Generated environment for route test_route","routeName":"Test Forest","service":"primalcode-mcp","timestamp":"2025-07-15T15:56:57.220Z"}
{"level":"info","message":"Generated aggressive_hunter shadow_wolf monster","monsterId":"monster_1","service":"primalcode-mcp","timestamp":"2025-07-15T15:56:57.221Z"}
{"level":"info","message":"Generated pack_leader ember_hawk monster","monsterId":"monster_2","service":"primalcode-mcp","timestamp":"2025-07-15T15:56:57.221Z"}
{"args":{"intensity":0.8,"route_id":"test_route","weather_type":"storm"},"level":"info","message":"Executing modify_weather tool","service":"primalcode-mcp","timestamp":"2025-07-15T15:56:57.221Z"}
{"intensity":0.8,"level":"info","message":"Modified weather for route test_route","newCondition":"storm","service":"primalcode-mcp","timestamp":"2025-07-15T15:56:57.223Z","weatherType":"storm"}
{"changeType":"weather_changed","level":"info","location":{"x":50,"y":50},"message":"Notified 2 monsters of environmental change","routeId":"test_route","service":"primalcode-mcp","timestamp":"2025-07-15T15:56:57.223Z"}
{"level":"info","message":"Tool registered: test_tool","service":"primalcode-mcp","timestamp":"2025-07-15T15:56:57.353Z"}
{"level":"info","message":"Performing health check...","service":"primalcode-mcp","timestamp":"2025-07-15T15:56:57.384Z"}
{"level":"info","message":"Health check completed: healthy","service":"primalcode-mcp","timestamp":"2025-07-15T15:56:57.385Z"}
{"level":"info","message":"Tool registered: test_tool","service":"primalcode-mcp","timestamp":"2025-07-15T15:56:57.386Z"}
{"level":"info","message":"Performing health check...","service":"primalcode-mcp","timestamp":"2025-07-15T15:56:57.392Z"}
{"level":"info","message":"Health check completed: healthy","service":"primalcode-mcp","timestamp":"2025-07-15T15:56:57.393Z"}
{"level":"info","message":"Tool registered: test_tool","service":"primalcode-mcp","timestamp":"2025-07-15T15:56:57.400Z"}
{"level":"info","message":"Performing health check...","service":"primalcode-mcp","timestamp":"2025-07-15T15:56:57.400Z"}
{"level":"info","message":"Health check completed: healthy","service":"primalcode-mcp","timestamp":"2025-07-15T15:56:57.401Z"}
{"level":"info","message":"Performing health check...","service":"primalcode-mcp","timestamp":"2025-07-15T15:56:57.402Z"}
{"level":"info","message":"Health check completed: unhealthy","service":"primalcode-mcp","timestamp":"2025-07-15T15:56:57.403Z"}
{"level":"info","message":"Tool registered: test_tool","service":"primalcode-mcp","timestamp":"2025-07-15T15:56:57.405Z"}
{"level":"info","message":"Performing health check...","service":"primalcode-mcp","timestamp":"2025-07-15T15:56:57.407Z"}
{"level":"info","message":"Health check completed: healthy","service":"primalcode-mcp","timestamp":"2025-07-15T15:56:57.407Z"}
{"level":"info","message":"Performing health check...","service":"primalcode-mcp","timestamp":"2025-07-15T15:56:57.411Z"}
{"level":"info","message":"Health check completed: unhealthy","service":"primalcode-mcp","timestamp":"2025-07-15T15:56:57.412Z"}
{"level":"info","message":"Tool registered: test_tool","service":"primalcode-mcp","timestamp":"2025-07-15T15:56:57.412Z"}
{"level":"info","message":"Performing health check...","service":"primalcode-mcp","timestamp":"2025-07-15T15:56:57.412Z"}
{"level":"info","message":"Health check completed: healthy","service":"primalcode-mcp","timestamp":"2025-07-15T15:56:57.413Z"}
{"level":"info","message":"Tool registered: test_tool","service":"primalcode-mcp","timestamp":"2025-07-15T15:56:57.419Z"}
{"level":"info","message":"Performing health check...","service":"primalcode-mcp","timestamp":"2025-07-15T15:56:57.419Z"}
{"level":"info","message":"Health check completed: healthy","service":"primalcode-mcp","timestamp":"2025-07-15T15:56:57.420Z"}
{"level":"info","message":"Performing health check...","service":"primalcode-mcp","timestamp":"2025-07-15T15:56:57.421Z"}
{"level":"info","message":"Health check completed: unhealthy","service":"primalcode-mcp","timestamp":"2025-07-15T15:56:57.428Z"}
{"level":"info","message":"Performing health check...","service":"primalcode-mcp","timestamp":"2025-07-15T15:56:57.432Z"}
{"level":"info","message":"Health check completed: unhealthy","service":"primalcode-mcp","timestamp":"2025-07-15T15:56:57.438Z"}
{"0":"Unknown action: Invalid-Action","level":"error","message":"Invalid message schema for Invalid-Action:","service":"primalcode-mcp","timestamp":"2025-07-15T15:56:57.400Z"}
{"0":"Unknown action: Invalid-Action","level":"error","message":"Invalid message schema for Invalid-Action:","service":"primalcode-mcp","timestamp":"2025-07-15T15:56:57.479Z"}
{"0":"Unknown action: Invalid-Action","level":"error","message":"Invalid message schema for Invalid-Action:","service":"primalcode-mcp","timestamp":"2025-07-15T15:58:51.423Z"}
{"0":"Unknown action: Invalid-Action","level":"error","message":"Invalid message schema for Invalid-Action:","service":"primalcode-mcp","timestamp":"2025-07-15T15:58:51.426Z"}
{"0":"Unknown action: Invalid-Action","level":"error","message":"Invalid message schema for Invalid-Action:","service":"primalcode-mcp","timestamp":"2025-07-15T15:59:02.454Z"}
{"0":"Unknown action: Invalid-Action","level":"error","message":"Invalid message schema for Invalid-Action:","service":"primalcode-mcp","timestamp":"2025-07-15T15:59:02.501Z"}
{"level":"info","message":"Tool registered: test_tool","service":"primalcode-mcp","timestamp":"2025-07-15T15:59:03.573Z"}
{"level":"info","message":"Performing health check...","service":"primalcode-mcp","timestamp":"2025-07-15T15:59:03.604Z"}
{"level":"info","message":"Health check completed: healthy","service":"primalcode-mcp","timestamp":"2025-07-15T15:59:03.606Z"}
{"level":"info","message":"Tool registered: test_tool","service":"primalcode-mcp","timestamp":"2025-07-15T15:59:03.609Z"}
{"level":"info","message":"Performing health check...","service":"primalcode-mcp","timestamp":"2025-07-15T15:59:03.610Z"}
{"level":"info","message":"Health check completed: healthy","service":"primalcode-mcp","timestamp":"2025-07-15T15:59:03.612Z"}
{"level":"info","message":"Tool registered: test_tool","service":"primalcode-mcp","timestamp":"2025-07-15T15:59:03.613Z"}
{"level":"info","message":"Performing health check...","service":"primalcode-mcp","timestamp":"2025-07-15T15:59:03.613Z"}
{"level":"info","message":"Health check completed: healthy","service":"primalcode-mcp","timestamp":"2025-07-15T15:59:03.617Z"}
{"level":"info","message":"Performing health check...","service":"primalcode-mcp","timestamp":"2025-07-15T15:59:03.621Z"}
{"level":"info","message":"Health check completed: unhealthy","service":"primalcode-mcp","timestamp":"2025-07-15T15:59:03.622Z"}
{"level":"info","message":"Tool registered: test_tool","service":"primalcode-mcp","timestamp":"2025-07-15T15:59:03.623Z"}
{"level":"info","message":"Performing health check...","service":"primalcode-mcp","timestamp":"2025-07-15T15:59:03.623Z"}
{"level":"info","message":"Health check completed: healthy","service":"primalcode-mcp","timestamp":"2025-07-15T15:59:03.624Z"}
{"level":"info","message":"Performing health check...","service":"primalcode-mcp","timestamp":"2025-07-15T15:59:03.625Z"}
{"level":"info","message":"Health check completed: unhealthy","service":"primalcode-mcp","timestamp":"2025-07-15T15:59:03.625Z"}
{"level":"info","message":"Tool registered: test_tool","service":"primalcode-mcp","timestamp":"2025-07-15T15:59:03.626Z"}
{"level":"info","message":"Performing health check...","service":"primalcode-mcp","timestamp":"2025-07-15T15:59:03.626Z"}
{"level":"info","message":"Health check completed: healthy","service":"primalcode-mcp","timestamp":"2025-07-15T15:59:03.626Z"}
{"level":"info","message":"Tool registered: test_tool","service":"primalcode-mcp","timestamp":"2025-07-15T15:59:03.628Z"}
{"level":"info","message":"Performing health check...","service":"primalcode-mcp","timestamp":"2025-07-15T15:59:03.629Z"}
{"level":"info","message":"Health check completed: healthy","service":"primalcode-mcp","timestamp":"2025-07-15T15:59:03.630Z"}
{"level":"info","message":"Performing health check...","service":"primalcode-mcp","timestamp":"2025-07-15T15:59:03.674Z"}
{"level":"info","message":"Health check completed: unhealthy","service":"primalcode-mcp","timestamp":"2025-07-15T15:59:03.682Z"}
{"level":"info","message":"Performing health check...","service":"primalcode-mcp","timestamp":"2025-07-15T15:59:03.683Z"}
{"level":"info","message":"Health check completed: unhealthy","service":"primalcode-mcp","timestamp":"2025-07-15T15:59:03.684Z"}
{"level":"info","message":"Generated environment for route test_route","routeName":"Test Forest","service":"primalcode-mcp","timestamp":"2025-07-15T15:59:03.376Z"}
{"level":"info","message":"Generated aggressive_hunter shadow_wolf monster","monsterId":"monster_1","service":"primalcode-mcp","timestamp":"2025-07-15T15:59:03.482Z"}
{"args":{"location":{"x":50,"y":50},"route_id":"test_route","shelter_type":"cave"},"level":"info","message":"Executing build_shelter tool","service":"primalcode-mcp","timestamp":"2025-07-15T15:59:03.492Z"}
{"capacity":2,"level":"info","location":{"x":50,"y":50},"message":"Built shelter in route test_route","service":"primalcode-mcp","shelterType":"cave","timestamp":"2025-07-15T15:59:03.495Z"}
{"changeType":"shelter_built","level":"info","location":{"x":50,"y":50},"message":"Notified 1 monsters of environmental change","routeId":"test_route","service":"primalcode-mcp","timestamp":"2025-07-15T15:59:03.497Z"}
{"level":"info","message":"Generated environment for route test_route","routeName":"Test Forest","service":"primalcode-mcp","timestamp":"2025-07-15T15:59:03.534Z"}
{"level":"info","message":"Generated aggressive_hunter shadow_wolf monster","monsterId":"monster_1","service":"primalcode-mcp","timestamp":"2025-07-15T15:59:03.535Z"}
{"args":{"location":{"x":30,"y":30},"route_id":"test_route","shelter_type":"burrow"},"level":"info","message":"Executing build_shelter tool","service":"primalcode-mcp","timestamp":"2025-07-15T15:59:03.535Z"}
{"capacity":4,"level":"info","location":{"x":30,"y":30},"message":"Built shelter in route test_route","service":"primalcode-mcp","shelterType":"burrow","timestamp":"2025-07-15T15:59:03.536Z"}
{"changeType":"shelter_built","level":"info","location":{"x":30,"y":30},"message":"Notified 1 monsters of environmental change","routeId":"test_route","service":"primalcode-mcp","timestamp":"2025-07-15T15:59:03.538Z"}
{"level":"info","message":"Generated environment for route test_route","routeName":"Test Forest","service":"primalcode-mcp","timestamp":"2025-07-15T15:59:03.549Z"}
{"level":"info","message":"Generated aggressive_hunter shadow_wolf monster","monsterId":"monster_1","service":"primalcode-mcp","timestamp":"2025-07-15T15:59:03.551Z"}
{"args":{"location":{"x":25,"y":25},"route_id":"test_route","shelter_type":"tree"},"level":"info","message":"Executing build_shelter tool","service":"primalcode-mcp","timestamp":"2025-07-15T15:59:03.551Z"}
{"capacity":4,"level":"info","location":{"x":25,"y":25},"message":"Built shelter in route test_route","service":"primalcode-mcp","shelterType":"tree","timestamp":"2025-07-15T15:59:03.552Z"}
{"changeType":"shelter_built","level":"info","location":{"x":25,"y":25},"message":"Notified 1 monsters of environmental change","routeId":"test_route","service":"primalcode-mcp","timestamp":"2025-07-15T15:59:03.555Z"}
{"level":"info","message":"Generated environment for route test_route","routeName":"Test Forest","service":"primalcode-mcp","timestamp":"2025-07-15T15:59:03.556Z"}
{"level":"info","message":"Generated aggressive_hunter shadow_wolf monster","monsterId":"monster_1","service":"primalcode-mcp","timestamp":"2025-07-15T15:59:03.560Z"}
{"args":{"location":{"x":60,"y":60},"route_id":"test_route","shelter_type":"rock"},"level":"info","message":"Executing build_shelter tool","service":"primalcode-mcp","timestamp":"2025-07-15T15:59:03.566Z"}
{"capacity":2,"level":"info","location":{"x":60,"y":60},"message":"Built shelter in route test_route","service":"primalcode-mcp","shelterType":"rock","timestamp":"2025-07-15T15:59:03.568Z"}
{"changeType":"shelter_built","level":"info","location":{"x":60,"y":60},"message":"Notified 1 monsters of environmental change","routeId":"test_route","service":"primalcode-mcp","timestamp":"2025-07-15T15:59:03.568Z"}
{"level":"info","message":"Generated environment for route test_route","routeName":"Test Forest","service":"primalcode-mcp","timestamp":"2025-07-15T15:59:03.592Z"}
{"level":"info","message":"Generated aggressive_hunter shadow_wolf monster","monsterId":"monster_1","service":"primalcode-mcp","timestamp":"2025-07-15T15:59:03.592Z"}
{"level":"info","message":"Generated cautious_forager wind_stag monster","monsterId":"monster_2","service":"primalcode-mcp","timestamp":"2025-07-15T15:59:03.593Z"}
{"args":{"location":{"x":20,"y":20},"route_id":"test_route","shelter_type":"burrow"},"level":"info","message":"Executing build_shelter tool","service":"primalcode-mcp","timestamp":"2025-07-15T15:59:03.593Z"}
{"capacity":3,"level":"info","location":{"x":20,"y":20},"message":"Built shelter in route test_route","service":"primalcode-mcp","shelterType":"burrow","timestamp":"2025-07-15T15:59:03.593Z"}
{"changeType":"shelter_built","level":"info","location":{"x":20,"y":20},"message":"Notified 2 monsters of environmental change","routeId":"test_route","service":"primalcode-mcp","timestamp":"2025-07-15T15:59:03.594Z"}
{"level":"info","message":"Generated environment for route test_route","routeName":"Test Forest","service":"primalcode-mcp","timestamp":"2025-07-15T15:59:03.594Z"}
{"level":"info","message":"Generated aggressive_hunter shadow_wolf monster","monsterId":"monster_1","service":"primalcode-mcp","timestamp":"2025-07-15T15:59:03.595Z"}
{"level":"info","message":"Generated pack_leader frost_bear monster","monsterId":"monster_2","service":"primalcode-mcp","timestamp":"2025-07-15T15:59:03.595Z"}
{"args":{"location":{"x":25,"y":25},"route_id":"test_route","shelter_type":"cave"},"level":"info","message":"Executing build_shelter tool","service":"primalcode-mcp","timestamp":"2025-07-15T15:59:03.595Z"}
{"capacity":2,"level":"info","location":{"x":25,"y":25},"message":"Built shelter in route test_route","service":"primalcode-mcp","shelterType":"cave","timestamp":"2025-07-15T15:59:03.595Z"}
{"changeType":"shelter_built","level":"info","location":{"x":25,"y":25},"message":"Notified 2 monsters of environmental change","routeId":"test_route","service":"primalcode-mcp","timestamp":"2025-07-15T15:59:03.596Z"}
{"level":"info","message":"Generated environment for route test_route","routeName":"Test Forest","service":"primalcode-mcp","timestamp":"2025-07-15T15:59:03.598Z"}
{"level":"info","message":"Generated aggressive_hunter shadow_wolf monster","monsterId":"monster_1","service":"primalcode-mcp","timestamp":"2025-07-15T15:59:03.602Z"}
{"args":{"location":{"x":10,"y":10},"route_id":"test_route","shelter_type":"cave"},"level":"info","message":"Executing build_shelter tool","service":"primalcode-mcp","timestamp":"2025-07-15T15:59:03.603Z"}
{"capacity":3,"level":"info","location":{"x":10,"y":10},"message":"Built shelter in route test_route","service":"primalcode-mcp","shelterType":"cave","timestamp":"2025-07-15T15:59:03.604Z"}
{"changeType":"shelter_built","level":"info","location":{"x":10,"y":10},"message":"Notified 1 monsters of environmental change","routeId":"test_route","service":"primalcode-mcp","timestamp":"2025-07-15T15:59:03.605Z"}
{"level":"info","message":"Generated environment for route test_route","routeName":"Test Forest","service":"primalcode-mcp","timestamp":"2025-07-15T15:59:03.606Z"}
{"level":"info","message":"Generated aggressive_hunter shadow_wolf monster","monsterId":"monster_1","service":"primalcode-mcp","timestamp":"2025-07-15T15:59:03.606Z"}
{"level":"info","message":"Generated cautious_forager ember_hawk monster","monsterId":"monster_2","service":"primalcode-mcp","timestamp":"2025-07-15T15:59:03.607Z"}
{"args":{"location":{"x":25,"y":25},"route_id":"test_route","shelter_type":"burrow"},"level":"info","message":"Executing build_shelter tool","service":"primalcode-mcp","timestamp":"2025-07-15T15:59:03.607Z"}
{"capacity":2,"level":"info","location":{"x":25,"y":25},"message":"Built shelter in route test_route","service":"primalcode-mcp","shelterType":"burrow","timestamp":"2025-07-15T15:59:03.607Z"}
{"changeType":"shelter_built","level":"info","location":{"x":25,"y":25},"message":"Notified 2 monsters of environmental change","routeId":"test_route","service":"primalcode-mcp","timestamp":"2025-07-15T15:59:03.608Z"}
{"level":"info","message":"Generated environment for route test_route","routeName":"Test Forest","service":"primalcode-mcp","timestamp":"2025-07-15T15:59:03.608Z"}
{"level":"info","message":"Generated aggressive_hunter shadow_wolf monster","monsterId":"monster_1","service":"primalcode-mcp","timestamp":"2025-07-15T15:59:03.608Z"}
{"args":{"location":{"x":40,"y":40},"route_id":"test_route","shelter_type":"tree"},"level":"info","message":"Executing build_shelter tool","service":"primalcode-mcp","timestamp":"2025-07-15T15:59:03.609Z"}
{"capacity":3,"level":"info","location":{"x":40,"y":40},"message":"Built shelter in route test_route","service":"primalcode-mcp","shelterType":"tree","timestamp":"2025-07-15T15:59:03.610Z"}
{"changeType":"shelter_built","level":"info","location":{"x":40,"y":40},"message":"Notified 1 monsters of environmental change","routeId":"test_route","service":"primalcode-mcp","timestamp":"2025-07-15T15:59:03.610Z"}
{"level":"info","message":"Generated environment for route test_route","routeName":"Test Forest","service":"primalcode-mcp","timestamp":"2025-07-15T15:59:03.635Z"}
{"level":"info","message":"Generated aggressive_hunter shadow_wolf monster","monsterId":"monster_1","service":"primalcode-mcp","timestamp":"2025-07-15T15:59:03.640Z"}
{"args":{"location":{"x":35,"y":35},"route_id":"test_route","shelter_type":"cave"},"level":"info","message":"Executing build_shelter tool","service":"primalcode-mcp","timestamp":"2025-07-15T15:59:03.642Z"}
{"capacity":4,"level":"info","location":{"x":35,"y":35},"message":"Built shelter in route test_route","service":"primalcode-mcp","shelterType":"cave","timestamp":"2025-07-15T15:59:03.643Z"}
{"changeType":"shelter_built","level":"info","location":{"x":35,"y":35},"message":"Notified 1 monsters of environmental change","routeId":"test_route","service":"primalcode-mcp","timestamp":"2025-07-15T15:59:03.654Z"}
{"level":"info","message":"Generated environment for route test_route","routeName":"Test Forest","service":"primalcode-mcp","timestamp":"2025-07-15T15:59:03.656Z"}
{"level":"info","message":"Generated aggressive_hunter shadow_wolf monster","monsterId":"monster_1","service":"primalcode-mcp","timestamp":"2025-07-15T15:59:03.657Z"}
{"args":{"location":{"x":50,"y":50},"route_id":"invalid_route","shelter_type":"cave"},"level":"info","message":"Executing build_shelter tool","service":"primalcode-mcp","timestamp":"2025-07-15T15:59:03.657Z"}
{"args":{"location":{"x":50,"y":50},"route_id":"invalid_route","shelter_type":"cave"},"error":{},"level":"error","message":"Error executing build_shelter tool","service":"primalcode-mcp","timestamp":"2025-07-15T15:59:03.657Z"}
{"level":"info","message":"Generated environment for route test_route","routeName":"Test Forest","service":"primalcode-mcp","timestamp":"2025-07-15T15:59:03.659Z"}
{"level":"info","message":"Generated aggressive_hunter shadow_wolf monster","monsterId":"monster_1","service":"primalcode-mcp","timestamp":"2025-07-15T15:59:03.660Z"}
{"args":{"location":{"x":50},"route_id":"test_route","shelter_type":"cave"},"level":"info","message":"Executing build_shelter tool","service":"primalcode-mcp","timestamp":"2025-07-15T15:59:03.661Z"}
{"args":{"location":{"x":50},"route_id":"test_route","shelter_type":"cave"},"error":{},"level":"error","message":"Error executing build_shelter tool","service":"primalcode-mcp","timestamp":"2025-07-15T15:59:03.662Z"}
{"level":"info","message":"Generated environment for route test_route","routeName":"Test Forest","service":"primalcode-mcp","timestamp":"2025-07-15T15:59:03.664Z"}
{"level":"info","message":"Generated aggressive_hunter shadow_wolf monster","monsterId":"monster_1","service":"primalcode-mcp","timestamp":"2025-07-15T15:59:03.665Z"}
{"level":"info","message":"Generated environment for route empty_route","routeName":"Empty Forest","service":"primalcode-mcp","timestamp":"2025-07-15T15:59:03.666Z"}
{"args":{"location":{"x":50,"y":50},"route_id":"empty_route","shelter_type":"cave"},"level":"info","message":"Executing build_shelter tool","service":"primalcode-mcp","timestamp":"2025-07-15T15:59:03.667Z"}
{"capacity":2,"level":"info","location":{"x":50,"y":50},"message":"Built shelter in route empty_route","service":"primalcode-mcp","shelterType":"cave","timestamp":"2025-07-15T15:59:03.668Z"}
{"changeType":"shelter_built","level":"info","location":{"x":50,"y":50},"message":"Notified 0 monsters of environmental change","routeId":"empty_route","service":"primalcode-mcp","timestamp":"2025-07-15T15:59:03.669Z"}
{"level":"info","message":"Generated environment for route test_route","routeName":"Test Forest","service":"primalcode-mcp","timestamp":"2025-07-15T15:59:03.670Z"}
{"level":"info","message":"Generated aggressive_hunter shadow_wolf monster","monsterId":"monster_1","service":"primalcode-mcp","timestamp":"2025-07-15T15:59:03.683Z"}
{"args":{"location":{"x":45,"y":45},"route_id":"test_route","shelter_type":"burrow"},"level":"info","message":"Executing build_shelter tool","service":"primalcode-mcp","timestamp":"2025-07-15T15:59:03.684Z"}
{"capacity":3,"level":"info","location":{"x":45,"y":45},"message":"Built shelter in route test_route","service":"primalcode-mcp","shelterType":"burrow","timestamp":"2025-07-15T15:59:03.684Z"}
{"changeType":"shelter_built","level":"info","location":{"x":45,"y":45},"message":"Notified 1 monsters of environmental change","routeId":"test_route","service":"primalcode-mcp","timestamp":"2025-07-15T15:59:03.684Z"}
{"level":"info","message":"Generated environment for route test_route","routeName":"Test Forest","service":"primalcode-mcp","timestamp":"2025-07-15T15:59:03.685Z"}
{"level":"info","message":"Generated aggressive_hunter shadow_wolf monster","monsterId":"monster_1","service":"primalcode-mcp","timestamp":"2025-07-15T15:59:03.685Z"}
{"args":{"location":{"x":50,"y":50},"route_id":"test_route","shelter_type":"cave"},"level":"info","message":"Executing build_shelter tool","service":"primalcode-mcp","timestamp":"2025-07-15T15:59:03.690Z"}
{"capacity":2,"level":"info","location":{"x":50,"y":50},"message":"Built shelter in route test_route","service":"primalcode-mcp","shelterType":"cave","timestamp":"2025-07-15T15:59:03.691Z"}
{"changeType":"shelter_built","level":"info","location":{"x":50,"y":50},"message":"Notified 1 monsters of environmental change","routeId":"test_route","service":"primalcode-mcp","timestamp":"2025-07-15T15:59:03.698Z"}
{"level":"info","message":"Generated environment for route test_route","routeName":"Test Forest","service":"primalcode-mcp","timestamp":"2025-07-15T15:59:03.712Z"}
{"level":"info","message":"Generated aggressive_hunter shadow_wolf monster","monsterId":"monster_1","service":"primalcode-mcp","timestamp":"2025-07-15T15:59:03.712Z"}
{"args":{"location":{"x":40,"y":40},"route_id":"test_route","shelter_type":"rock"},"level":"info","message":"Executing build_shelter tool","service":"primalcode-mcp","timestamp":"2025-07-15T15:59:03.712Z"}
{"capacity":2,"level":"info","location":{"x":40,"y":40},"message":"Built shelter in route test_route","service":"primalcode-mcp","shelterType":"rock","timestamp":"2025-07-15T15:59:03.720Z"}
{"changeType":"shelter_built","level":"info","location":{"x":40,"y":40},"message":"Notified 1 monsters of environmental change","routeId":"test_route","service":"primalcode-mcp","timestamp":"2025-07-15T15:59:03.724Z"}
{"level":"info","message":"Generated environment for route test_route","routeName":"Test Forest","service":"primalcode-mcp","timestamp":"2025-07-15T15:59:03.725Z"}
{"level":"info","message":"Generated aggressive_hunter shadow_wolf monster","monsterId":"monster_1","service":"primalcode-mcp","timestamp":"2025-07-15T15:59:03.725Z"}
{"level":"info","message":"Generated aggressive_hunter stone_serpent monster","monsterId":"monster_2","service":"primalcode-mcp","timestamp":"2025-07-15T15:59:03.726Z"}
{"args":{"location":{"x":35,"y":35},"route_id":"test_route","shelter_type":"tree"},"level":"info","message":"Executing build_shelter tool","service":"primalcode-mcp","timestamp":"2025-07-15T15:59:03.726Z"}
{"capacity":4,"level":"info","location":{"x":35,"y":35},"message":"Built shelter in route test_route","service":"primalcode-mcp","shelterType":"tree","timestamp":"2025-07-15T15:59:03.726Z"}
{"changeType":"shelter_built","level":"info","location":{"x":35,"y":35},"message":"Notified 2 monsters of environmental change","routeId":"test_route","service":"primalcode-mcp","timestamp":"2025-07-15T15:59:03.727Z"}
{"level":"info","message":"Generated environment for route test_route","routeName":"Test Forest","service":"primalcode-mcp","timestamp":"2025-07-15T15:59:03.727Z"}
{"level":"info","message":"Generated aggressive_hunter shadow_wolf monster","monsterId":"monster_1","service":"primalcode-mcp","timestamp":"2025-07-15T15:59:03.727Z"}
{"level":"info","message":"Generated cautious_forager wind_stag monster","monsterId":"monster_2","service":"primalcode-mcp","timestamp":"2025-07-15T15:59:03.728Z"}
{"level":"info","message":"Generated cautious_forager wind_stag monster","monsterId":"monster_3","service":"primalcode-mcp","timestamp":"2025-07-15T15:59:03.728Z"}
{"level":"info","message":"Generated cautious_forager wind_stag monster","monsterId":"monster_4","service":"primalcode-mcp","timestamp":"2025-07-15T15:59:03.728Z"}
{"level":"info","message":"Generated cautious_forager wind_stag monster","monsterId":"monster_5","service":"primalcode-mcp","timestamp":"2025-07-15T15:59:03.728Z"}
{"level":"info","message":"Generated cautious_forager wind_stag monster","monsterId":"monster_6","service":"primalcode-mcp","timestamp":"2025-07-15T15:59:03.729Z"}
{"level":"info","message":"Generated cautious_forager wind_stag monster","monsterId":"monster_7","service":"primalcode-mcp","timestamp":"2025-07-15T15:59:03.729Z"}
{"args":{"location":{"x":25,"y":25},"route_id":"test_route","shelter_type":"cave"},"level":"info","message":"Executing build_shelter tool","service":"primalcode-mcp","timestamp":"2025-07-15T15:59:03.729Z"}
{"capacity":2,"level":"info","location":{"x":25,"y":25},"message":"Built shelter in route test_route","service":"primalcode-mcp","shelterType":"cave","timestamp":"2025-07-15T15:59:03.729Z"}
{"changeType":"shelter_built","level":"info","location":{"x":25,"y":25},"message":"Notified 7 monsters of environmental change","routeId":"test_route","service":"primalcode-mcp","timestamp":"2025-07-15T15:59:03.730Z"}
{"level":"info","message":"Generated environment for route test_route","routeName":"Test Forest","service":"primalcode-mcp","timestamp":"2025-07-15T15:59:03.730Z"}
{"level":"info","message":"Generated aggressive_hunter shadow_wolf monster","monsterId":"monster_1","service":"primalcode-mcp","timestamp":"2025-07-15T15:59:03.730Z"}
{"args":{"location":{"x":55,"y":55},"route_id":"test_route","shelter_type":"burrow"},"level":"info","message":"Executing build_shelter tool","service":"primalcode-mcp","timestamp":"2025-07-15T15:59:03.731Z"}
{"capacity":4,"level":"info","location":{"x":55,"y":55},"message":"Built shelter in route test_route","service":"primalcode-mcp","shelterType":"burrow","timestamp":"2025-07-15T15:59:03.731Z"}
{"changeType":"shelter_built","level":"info","location":{"x":55,"y":55},"message":"Notified 1 monsters of environmental change","routeId":"test_route","service":"primalcode-mcp","timestamp":"2025-07-15T15:59:03.731Z"}
{"level":"info","message":"Generated environment for route test_route","routeName":"Test Forest","service":"primalcode-mcp","timestamp":"2025-07-15T15:59:04.898Z"}
{"level":"info","message":"Generated aggressive_hunter shadow_wolf monster","monsterId":"monster_1","service":"primalcode-mcp","timestamp":"2025-07-15T15:59:04.904Z"}
{"args":{"intensity":0.7,"route_id":"test_route","weather_type":"rain"},"level":"info","message":"Executing modify_weather tool","service":"primalcode-mcp","timestamp":"2025-07-15T15:59:04.907Z"}
{"intensity":0.7,"level":"info","message":"Modified weather for route test_route","newCondition":"rain","service":"primalcode-mcp","timestamp":"2025-07-15T15:59:04.921Z","weatherType":"rain"}
{"changeType":"weather_changed","level":"info","location":{"x":50,"y":50},"message":"Notified 1 monsters of environmental change","routeId":"test_route","service":"primalcode-mcp","timestamp":"2025-07-15T15:59:04.921Z"}
{"level":"info","message":"Generated environment for route test_route","routeName":"Test Forest","service":"primalcode-mcp","timestamp":"2025-07-15T15:59:04.930Z"}
{"level":"info","message":"Generated aggressive_hunter shadow_wolf monster","monsterId":"monster_1","service":"primalcode-mcp","timestamp":"2025-07-15T15:59:04.932Z"}
{"args":{"intensity":0.8,"route_id":"test_route","weather_type":"heat"},"level":"info","message":"Executing modify_weather tool","service":"primalcode-mcp","timestamp":"2025-07-15T15:59:04.933Z"}
{"intensity":0.8,"level":"info","message":"Modified weather for route test_route","newCondition":"clear","service":"primalcode-mcp","timestamp":"2025-07-15T15:59:04.935Z","weatherType":"heat"}
{"changeType":"weather_changed","level":"info","location":{"x":50,"y":50},"message":"Notified 1 monsters of environmental change","routeId":"test_route","service":"primalcode-mcp","timestamp":"2025-07-15T15:59:04.936Z"}
{"level":"info","message":"Generated environment for route test_route","routeName":"Test Forest","service":"primalcode-mcp","timestamp":"2025-07-15T15:59:04.937Z"}
{"level":"info","message":"Generated aggressive_hunter shadow_wolf monster","monsterId":"monster_1","service":"primalcode-mcp","timestamp":"2025-07-15T15:59:04.938Z"}
{"args":{"intensity":0.9,"route_id":"test_route","weather_type":"storm"},"level":"info","message":"Executing modify_weather tool","service":"primalcode-mcp","timestamp":"2025-07-15T15:59:04.939Z"}
{"intensity":0.9,"level":"info","message":"Modified weather for route test_route","newCondition":"storm","service":"primalcode-mcp","timestamp":"2025-07-15T15:59:04.940Z","weatherType":"storm"}
{"changeType":"weather_changed","level":"info","location":{"x":50,"y":50},"message":"Notified 1 monsters of environmental change","routeId":"test_route","service":"primalcode-mcp","timestamp":"2025-07-15T15:59:04.941Z"}
{"level":"info","message":"Generated environment for route test_route","routeName":"Test Forest","service":"primalcode-mcp","timestamp":"2025-07-15T15:59:04.944Z"}
{"level":"info","message":"Generated aggressive_hunter shadow_wolf monster","monsterId":"monster_1","service":"primalcode-mcp","timestamp":"2025-07-15T15:59:04.945Z"}
{"level":"info","message":"Generated cautious_forager wind_stag monster","monsterId":"monster_2","service":"primalcode-mcp","timestamp":"2025-07-15T15:59:04.945Z"}
{"args":{"intensity":0.6,"route_id":"test_route","weather_type":"rain"},"level":"info","message":"Executing modify_weather tool","service":"primalcode-mcp","timestamp":"2025-07-15T15:59:04.945Z"}
{"intensity":0.6,"level":"info","message":"Modified weather for route test_route","newCondition":"rain","service":"primalcode-mcp","timestamp":"2025-07-15T15:59:04.946Z","weatherType":"rain"}
{"changeType":"weather_changed","level":"info","location":{"x":50,"y":50},"message":"Notified 2 monsters of environmental change","routeId":"test_route","service":"primalcode-mcp","timestamp":"2025-07-15T15:59:04.946Z"}
{"level":"info","message":"Generated environment for route test_route","routeName":"Test Forest","service":"primalcode-mcp","timestamp":"2025-07-15T15:59:04.947Z"}
{"level":"info","message":"Generated aggressive_hunter shadow_wolf monster","monsterId":"monster_1","service":"primalcode-mcp","timestamp":"2025-07-15T15:59:04.947Z"}
{"level":"info","message":"Generated pack_leader frost_bear monster","monsterId":"monster_2","service":"primalcode-mcp","timestamp":"2025-07-15T15:59:04.947Z"}
{"args":{"intensity":0.8,"route_id":"test_route","weather_type":"storm"},"level":"info","message":"Executing modify_weather tool","service":"primalcode-mcp","timestamp":"2025-07-15T15:59:04.948Z"}
{"intensity":0.8,"level":"info","message":"Modified weather for route test_route","newCondition":"storm","service":"primalcode-mcp","timestamp":"2025-07-15T15:59:04.948Z","weatherType":"storm"}
{"changeType":"weather_changed","level":"info","location":{"x":50,"y":50},"message":"Notified 2 monsters of environmental change","routeId":"test_route","service":"primalcode-mcp","timestamp":"2025-07-15T15:59:04.948Z"}
{"level":"info","message":"Generated environment for route test_route","routeName":"Test Forest","service":"primalcode-mcp","timestamp":"2025-07-15T15:59:04.949Z"}
{"level":"info","message":"Generated aggressive_hunter shadow_wolf monster","monsterId":"monster_1","service":"primalcode-mcp","timestamp":"2025-07-15T15:59:04.950Z"}
{"args":{"intensity":0.5,"route_id":"test_route","weather_type":"rain"},"level":"info","message":"Executing modify_weather tool","service":"primalcode-mcp","timestamp":"2025-07-15T15:59:04.950Z"}
{"intensity":0.5,"level":"info","message":"Modified weather for route test_route","newCondition":"rain","service":"primalcode-mcp","timestamp":"2025-07-15T15:59:04.955Z","weatherType":"rain"}
{"changeType":"weather_changed","level":"info","location":{"x":50,"y":50},"message":"Notified 1 monsters of environmental change","routeId":"test_route","service":"primalcode-mcp","timestamp":"2025-07-15T15:59:04.958Z"}
{"level":"info","message":"Generated environment for route test_route","routeName":"Test Forest","service":"primalcode-mcp","timestamp":"2025-07-15T15:59:04.959Z"}
{"level":"info","message":"Generated aggressive_hunter shadow_wolf monster","monsterId":"monster_1","service":"primalcode-mcp","timestamp":"2025-07-15T15:59:04.960Z"}
{"args":{"intensity":0.9,"route_id":"test_route","weather_type":"heat"},"level":"info","message":"Executing modify_weather tool","service":"primalcode-mcp","timestamp":"2025-07-15T15:59:04.961Z"}
{"intensity":0.9,"level":"info","message":"Modified weather for route test_route","newCondition":"clear","service":"primalcode-mcp","timestamp":"2025-07-15T15:59:04.962Z","weatherType":"heat"}
{"changeType":"weather_changed","level":"info","location":{"x":50,"y":50},"message":"Notified 1 monsters of environmental change","routeId":"test_route","service":"primalcode-mcp","timestamp":"2025-07-15T15:59:04.966Z"}
{"level":"info","message":"Generated environment for route test_route","routeName":"Test Forest","service":"primalcode-mcp","timestamp":"2025-07-15T15:59:04.966Z"}
{"level":"info","message":"Generated aggressive_hunter shadow_wolf monster","monsterId":"monster_1","service":"primalcode-mcp","timestamp":"2025-07-15T15:59:04.967Z"}
{"args":{"intensity":0.5,"route_id":"invalid_route","weather_type":"rain"},"level":"info","message":"Executing modify_weather tool","service":"primalcode-mcp","timestamp":"2025-07-15T15:59:04.967Z"}
{"args":{"intensity":0.5,"route_id":"invalid_route","weather_type":"rain"},"error":{},"level":"error","message":"Error executing modify_weather tool","service":"primalcode-mcp","timestamp":"2025-07-15T15:59:04.967Z"}
{"level":"info","message":"Generated environment for route test_route","routeName":"Test Forest","service":"primalcode-mcp","timestamp":"2025-07-15T15:59:04.967Z"}
{"level":"info","message":"Generated aggressive_hunter shadow_wolf monster","monsterId":"monster_1","service":"primalcode-mcp","timestamp":"2025-07-15T15:59:04.968Z"}
{"args":{"intensity":1.5,"route_id":"test_route","weather_type":"rain"},"level":"info","message":"Executing modify_weather tool","service":"primalcode-mcp","timestamp":"2025-07-15T15:59:04.968Z"}
{"args":{"intensity":1.5,"route_id":"test_route","weather_type":"rain"},"error":{},"level":"error","message":"Error executing modify_weather tool","service":"primalcode-mcp","timestamp":"2025-07-15T15:59:04.968Z"}
{"level":"info","message":"Generated environment for route test_route","routeName":"Test Forest","service":"primalcode-mcp","timestamp":"2025-07-15T15:59:04.969Z"}
{"level":"info","message":"Generated aggressive_hunter shadow_wolf monster","monsterId":"monster_1","service":"primalcode-mcp","timestamp":"2025-07-15T15:59:04.969Z"}
{"level":"info","message":"Generated environment for route empty_route","routeName":"Empty Forest","service":"primalcode-mcp","timestamp":"2025-07-15T15:59:04.969Z"}
{"args":{"intensity":0.4,"route_id":"empty_route","weather_type":"storm"},"level":"info","message":"Executing modify_weather tool","service":"primalcode-mcp","timestamp":"2025-07-15T15:59:04.970Z"}
{"intensity":0.4,"level":"info","message":"Modified weather for route empty_route","newCondition":"storm","service":"primalcode-mcp","timestamp":"2025-07-15T15:59:04.970Z","weatherType":"storm"}
{"changeType":"weather_changed","level":"info","location":{"x":50,"y":50},"message":"Notified 0 monsters of environmental change","routeId":"empty_route","service":"primalcode-mcp","timestamp":"2025-07-15T15:59:04.970Z"}
{"level":"info","message":"Generated environment for route test_route","routeName":"Test Forest","service":"primalcode-mcp","timestamp":"2025-07-15T15:59:04.971Z"}
{"level":"info","message":"Generated aggressive_hunter shadow_wolf monster","monsterId":"monster_1","service":"primalcode-mcp","timestamp":"2025-07-15T15:59:04.971Z"}
{"args":{"intensity":0.2,"route_id":"test_route","weather_type":"rain"},"level":"info","message":"Executing modify_weather tool","service":"primalcode-mcp","timestamp":"2025-07-15T15:59:04.971Z"}
{"intensity":0.2,"level":"info","message":"Modified weather for route test_route","newCondition":"rain","service":"primalcode-mcp","timestamp":"2025-07-15T15:59:04.971Z","weatherType":"rain"}
{"changeType":"weather_changed","level":"info","location":{"x":50,"y":50},"message":"Notified 1 monsters of environmental change","routeId":"test_route","service":"primalcode-mcp","timestamp":"2025-07-15T15:59:04.972Z"}
{"level":"info","message":"Generated environment for route test_route","routeName":"Test Forest","service":"primalcode-mcp","timestamp":"2025-07-15T15:59:04.972Z"}
{"level":"info","message":"Generated aggressive_hunter shadow_wolf monster","monsterId":"monster_1","service":"primalcode-mcp","timestamp":"2025-07-15T15:59:04.973Z"}
{"args":{"intensity":0.9,"route_id":"test_route","weather_type":"heat"},"level":"info","message":"Executing modify_weather tool","service":"primalcode-mcp","timestamp":"2025-07-15T15:59:04.973Z"}
{"intensity":0.9,"level":"info","message":"Modified weather for route test_route","newCondition":"clear","service":"primalcode-mcp","timestamp":"2025-07-15T15:59:04.973Z","weatherType":"heat"}
{"changeType":"weather_changed","level":"info","location":{"x":50,"y":50},"message":"Notified 1 monsters of environmental change","routeId":"test_route","service":"primalcode-mcp","timestamp":"2025-07-15T15:59:04.974Z"}
{"level":"info","message":"Generated environment for route test_route","routeName":"Test Forest","service":"primalcode-mcp","timestamp":"2025-07-15T15:59:04.975Z"}
{"level":"info","message":"Generated aggressive_hunter shadow_wolf monster","monsterId":"monster_1","service":"primalcode-mcp","timestamp":"2025-07-15T15:59:04.975Z"}
{"args":{"intensity":0.6,"route_id":"test_route","weather_type":"rain"},"level":"info","message":"Executing modify_weather tool","service":"primalcode-mcp","timestamp":"2025-07-15T15:59:04.976Z"}
{"intensity":0.6,"level":"info","message":"Modified weather for route test_route","newCondition":"rain","service":"primalcode-mcp","timestamp":"2025-07-15T15:59:04.976Z","weatherType":"rain"}
{"changeType":"weather_changed","level":"info","location":{"x":50,"y":50},"message":"Notified 1 monsters of environmental change","routeId":"test_route","service":"primalcode-mcp","timestamp":"2025-07-15T15:59:04.977Z"}
{"level":"info","message":"Generated environment for route test_route","routeName":"Test Forest","service":"primalcode-mcp","timestamp":"2025-07-15T15:59:04.981Z"}
{"level":"info","message":"Generated aggressive_hunter shadow_wolf monster","monsterId":"monster_1","service":"primalcode-mcp","timestamp":"2025-07-15T15:59:04.981Z"}
{"args":{"intensity":0.5,"route_id":"test_route","weather_type":"normal"},"level":"info","message":"Executing modify_weather tool","service":"primalcode-mcp","timestamp":"2025-07-15T15:59:04.982Z"}
{"intensity":0.5,"level":"info","message":"Modified weather for route test_route","newCondition":"clear","service":"primalcode-mcp","timestamp":"2025-07-15T15:59:04.982Z","weatherType":"normal"}
{"changeType":"weather_changed","level":"info","location":{"x":50,"y":50},"message":"Notified 1 monsters of environmental change","routeId":"test_route","service":"primalcode-mcp","timestamp":"2025-07-15T15:59:04.982Z"}
{"level":"info","message":"Generated environment for route test_route","routeName":"Test Forest","service":"primalcode-mcp","timestamp":"2025-07-15T15:59:04.983Z"}
{"level":"info","message":"Generated aggressive_hunter shadow_wolf monster","monsterId":"monster_1","service":"primalcode-mcp","timestamp":"2025-07-15T15:59:04.983Z"}
{"args":{"intensity":0.7,"route_id":"test_route","weather_type":"rain"},"level":"info","message":"Executing modify_weather tool","service":"primalcode-mcp","timestamp":"2025-07-15T15:59:04.983Z"}
{"intensity":0.7,"level":"info","message":"Modified weather for route test_route","newCondition":"rain","service":"primalcode-mcp","timestamp":"2025-07-15T15:59:04.984Z","weatherType":"rain"}
{"changeType":"weather_changed","level":"info","location":{"x":50,"y":50},"message":"Notified 1 monsters of environmental change","routeId":"test_route","service":"primalcode-mcp","timestamp":"2025-07-15T15:59:04.984Z"}
{"level":"info","message":"Generated environment for route test_route","routeName":"Test Forest","service":"primalcode-mcp","timestamp":"2025-07-15T15:59:04.985Z"}
{"level":"info","message":"Generated aggressive_hunter shadow_wolf monster","monsterId":"monster_1","service":"primalcode-mcp","timestamp":"2025-07-15T15:59:04.985Z"}
{"level":"info","message":"Generated pack_leader ember_hawk monster","monsterId":"monster_2","service":"primalcode-mcp","timestamp":"2025-07-15T15:59:04.985Z"}
{"args":{"intensity":0.8,"route_id":"test_route","weather_type":"storm"},"level":"info","message":"Executing modify_weather tool","service":"primalcode-mcp","timestamp":"2025-07-15T15:59:04.986Z"}
{"intensity":0.8,"level":"info","message":"Modified weather for route test_route","newCondition":"storm","service":"primalcode-mcp","timestamp":"2025-07-15T15:59:04.986Z","weatherType":"storm"}
{"changeType":"weather_changed","level":"info","location":{"x":50,"y":50},"message":"Notified 2 monsters of environmental change","routeId":"test_route","service":"primalcode-mcp","timestamp":"2025-07-15T15:59:04.986Z"}
{"level":"info","message":"Generated environment for route test_route","routeName":"Test Forest","service":"primalcode-mcp","timestamp":"2025-07-15T15:59:04.939Z"}
{"level":"info","message":"Generated aggressive_hunter shadow_wolf monster","monsterId":"monster_1","service":"primalcode-mcp","timestamp":"2025-07-15T15:59:04.959Z"}
{"args":{"food_type":"meat","location":{"x":50,"y":50},"route_id":"test_route"},"level":"info","message":"Executing place_food tool","service":"primalcode-mcp","timestamp":"2025-07-15T15:59:04.963Z"}
{"foodType":"meat","level":"info","location":{"x":50,"y":50},"message":"Added food source to route test_route","quality":0.8987832315728551,"service":"primalcode-mcp","timestamp":"2025-07-15T15:59:04.966Z"}
{"changeType":"food_placed","level":"info","location":{"x":50,"y":50},"message":"Notified 1 monsters of environmental change","routeId":"test_route","service":"primalcode-mcp","timestamp":"2025-07-15T15:59:04.967Z"}
{"level":"info","message":"Generated environment for route test_route","routeName":"Test Forest","service":"primalcode-mcp","timestamp":"2025-07-15T15:59:04.983Z"}
{"level":"info","message":"Generated aggressive_hunter shadow_wolf monster","monsterId":"monster_1","service":"primalcode-mcp","timestamp":"2025-07-15T15:59:04.984Z"}
{"args":{"food_type":"plants","location":{"x":30,"y":30},"route_id":"test_route"},"level":"info","message":"Executing place_food tool","service":"primalcode-mcp","timestamp":"2025-07-15T15:59:04.985Z"}
{"foodType":"plants","level":"info","location":{"x":30,"y":30},"message":"Added food source to route test_route","quality":0.9722013028494403,"service":"primalcode-mcp","timestamp":"2025-07-15T15:59:04.986Z"}
{"changeType":"food_placed","level":"info","location":{"x":30,"y":30},"message":"Notified 1 monsters of environmental change","routeId":"test_route","service":"primalcode-mcp","timestamp":"2025-07-15T15:59:04.990Z"}
{"level":"info","message":"Generated environment for route test_route","routeName":"Test Forest","service":"primalcode-mcp","timestamp":"2025-07-15T15:59:04.994Z"}
{"level":"info","message":"Generated aggressive_hunter shadow_wolf monster","monsterId":"monster_1","service":"primalcode-mcp","timestamp":"2025-07-15T15:59:04.995Z"}
{"level":"info","message":"Generated cautious_forager wind_stag monster","monsterId":"monster_2","service":"primalcode-mcp","timestamp":"2025-07-15T15:59:04.996Z"}
{"args":{"food_type":"plants","location":{"x":20,"y":20},"route_id":"test_route"},"level":"info","message":"Executing place_food tool","service":"primalcode-mcp","timestamp":"2025-07-15T15:59:04.997Z"}
{"foodType":"plants","level":"info","location":{"x":20,"y":20},"message":"Added food source to route test_route","quality":0.9250128955772112,"service":"primalcode-mcp","timestamp":"2025-07-15T15:59:04.998Z"}
{"changeType":"food_placed","level":"info","location":{"x":20,"y":20},"message":"Notified 2 monsters of environmental change","routeId":"test_route","service":"primalcode-mcp","timestamp":"2025-07-15T15:59:04.999Z"}
{"level":"info","message":"Generated environment for route test_route","routeName":"Test Forest","service":"primalcode-mcp","timestamp":"2025-07-15T15:59:05.001Z"}
{"level":"info","message":"Generated aggressive_hunter shadow_wolf monster","monsterId":"monster_1","service":"primalcode-mcp","timestamp":"2025-07-15T15:59:05.003Z"}
{"args":{"food_type":"meat","location":{"x":10,"y":10},"route_id":"test_route"},"level":"info","message":"Executing place_food tool","service":"primalcode-mcp","timestamp":"2025-07-15T15:59:05.004Z"}
{"foodType":"meat","level":"info","location":{"x":10,"y":10},"message":"Added food source to route test_route","quality":0.7764178380074078,"service":"primalcode-mcp","timestamp":"2025-07-15T15:59:05.006Z"}
{"changeType":"food_placed","level":"info","location":{"x":10,"y":10},"message":"Notified 1 monsters of environmental change","routeId":"test_route","service":"primalcode-mcp","timestamp":"2025-07-15T15:59:05.006Z"}
{"level":"info","message":"Generated environment for route test_route","routeName":"Test Forest","service":"primalcode-mcp","timestamp":"2025-07-15T15:59:05.007Z"}
{"level":"info","message":"Generated aggressive_hunter shadow_wolf monster","monsterId":"monster_1","service":"primalcode-mcp","timestamp":"2025-07-15T15:59:05.008Z"}
{"args":{"food_type":"water","location":{"x":25,"y":25},"route_id":"test_route"},"level":"info","message":"Executing place_food tool","service":"primalcode-mcp","timestamp":"2025-07-15T15:59:05.008Z"}
{"foodType":"water","level":"info","location":{"x":25,"y":25},"message":"Added food source to route test_route","quality":0.7141265207348018,"service":"primalcode-mcp","timestamp":"2025-07-15T15:59:05.009Z"}
{"changeType":"food_placed","level":"info","location":{"x":25,"y":25},"message":"Notified 1 monsters of environmental change","routeId":"test_route","service":"primalcode-mcp","timestamp":"2025-07-15T15:59:05.009Z"}
{"level":"info","message":"Generated environment for route test_route","routeName":"Test Forest","service":"primalcode-mcp","timestamp":"2025-07-15T15:59:05.011Z"}
{"level":"info","message":"Generated aggressive_hunter shadow_wolf monster","monsterId":"monster_1","service":"primalcode-mcp","timestamp":"2025-07-15T15:59:05.013Z"}
{"args":{"food_type":"meat","location":{"x":50,"y":50},"route_id":"invalid_route"},"level":"info","message":"Executing place_food tool","service":"primalcode-mcp","timestamp":"2025-07-15T15:59:05.014Z"}
{"args":{"food_type":"meat","location":{"x":50,"y":50},"route_id":"invalid_route"},"error":{},"level":"error","message":"Error executing place_food tool","service":"primalcode-mcp","timestamp":"2025-07-15T15:59:05.014Z"}
{"level":"info","message":"Generated environment for route test_route","routeName":"Test Forest","service":"primalcode-mcp","timestamp":"2025-07-15T15:59:05.015Z"}
{"level":"info","message":"Generated aggressive_hunter shadow_wolf monster","monsterId":"monster_1","service":"primalcode-mcp","timestamp":"2025-07-15T15:59:05.029Z"}
{"args":{"food_type":"meat","location":{"x":50},"route_id":"test_route"},"level":"info","message":"Executing place_food tool","service":"primalcode-mcp","timestamp":"2025-07-15T15:59:05.031Z"}
{"args":{"food_type":"meat","location":{"x":50},"route_id":"test_route"},"error":{},"level":"error","message":"Error executing place_food tool","service":"primalcode-mcp","timestamp":"2025-07-15T15:59:05.032Z"}
{"level":"info","message":"Generated environment for route test_route","routeName":"Test Forest","service":"primalcode-mcp","timestamp":"2025-07-15T15:59:05.034Z"}
{"level":"info","message":"Generated aggressive_hunter shadow_wolf monster","monsterId":"monster_1","service":"primalcode-mcp","timestamp":"2025-07-15T15:59:05.034Z"}
{"level":"info","message":"Generated environment for route empty_route","routeName":"Empty Forest","service":"primalcode-mcp","timestamp":"2025-07-15T15:59:05.035Z"}
{"args":{"food_type":"meat","location":{"x":50,"y":50},"route_id":"empty_route"},"level":"info","message":"Executing place_food tool","service":"primalcode-mcp","timestamp":"2025-07-15T15:59:05.039Z"}
{"foodType":"meat","level":"info","location":{"x":50,"y":50},"message":"Added food source to route empty_route","quality":0.7086905896121222,"service":"primalcode-mcp","timestamp":"2025-07-15T15:59:05.041Z"}
{"changeType":"food_placed","level":"info","location":{"x":50,"y":50},"message":"Notified 0 monsters of environmental change","routeId":"empty_route","service":"primalcode-mcp","timestamp":"2025-07-15T15:59:05.042Z"}
{"level":"info","message":"Generated environment for route test_route","routeName":"Test Forest","service":"primalcode-mcp","timestamp":"2025-07-15T15:59:05.044Z"}
{"level":"info","message":"Generated aggressive_hunter shadow_wolf monster","monsterId":"monster_1","service":"primalcode-mcp","timestamp":"2025-07-15T15:59:05.045Z"}
{"args":{"food_type":"meat","location":{"x":40,"y":40},"route_id":"test_route"},"level":"info","message":"Executing place_food tool","service":"primalcode-mcp","timestamp":"2025-07-15T15:59:05.046Z"}
{"foodType":"meat","level":"info","location":{"x":40,"y":40},"message":"Added food source to route test_route","quality":0.738380312407099,"service":"primalcode-mcp","timestamp":"2025-07-15T15:59:05.046Z"}
{"changeType":"food_placed","level":"info","location":{"x":40,"y":40},"message":"Notified 1 monsters of environmental change","routeId":"test_route","service":"primalcode-mcp","timestamp":"2025-07-15T15:59:05.047Z"}
{"level":"info","message":"Generated environment for route test_route","routeName":"Test Forest","service":"primalcode-mcp","timestamp":"2025-07-15T15:59:05.048Z"}
{"level":"info","message":"Generated aggressive_hunter shadow_wolf monster","monsterId":"monster_1","service":"primalcode-mcp","timestamp":"2025-07-15T15:59:05.049Z"}
{"args":{"food_type":"meat","location":{"x":50,"y":50},"route_id":"test_route"},"level":"info","message":"Executing place_food tool","service":"primalcode-mcp","timestamp":"2025-07-15T15:59:05.052Z"}
{"foodType":"meat","level":"info","location":{"x":50,"y":50},"message":"Added food source to route test_route","quality":0.8513973147345595,"service":"primalcode-mcp","timestamp":"2025-07-15T15:59:05.053Z"}
{"changeType":"food_placed","level":"info","location":{"x":50,"y":50},"message":"Notified 1 monsters of environmental change","routeId":"test_route","service":"primalcode-mcp","timestamp":"2025-07-15T15:59:05.053Z"}
{"level":"info","message":"Generated environment for route test_route","routeName":"Test Forest","service":"primalcode-mcp","timestamp":"2025-07-15T15:59:05.057Z"}
{"level":"info","message":"Generated aggressive_hunter shadow_wolf monster","monsterId":"monster_1","service":"primalcode-mcp","timestamp":"2025-07-15T15:59:05.057Z"}
{"level":"info","message":"Generated pack_leader frost_bear monster","monsterId":"monster_2","service":"primalcode-mcp","timestamp":"2025-07-15T15:59:05.057Z"}
{"args":{"food_type":"meat","location":{"x":25,"y":25},"route_id":"test_route"},"level":"info","message":"Executing place_food tool","service":"primalcode-mcp","timestamp":"2025-07-15T15:59:05.058Z"}
{"foodType":"meat","level":"info","location":{"x":25,"y":25},"message":"Added food source to route test_route","quality":0.8843629530859934,"service":"primalcode-mcp","timestamp":"2025-07-15T15:59:05.058Z"}
{"changeType":"food_placed","level":"info","location":{"x":25,"y":25},"message":"Notified 2 monsters of environmental change","routeId":"test_route","service":"primalcode-mcp","timestamp":"2025-07-15T15:59:05.058Z"}
{"level":"info","message":"Tool registered: test_tool","service":"primalcode-mcp","timestamp":"2025-07-15T15:59:27.699Z"}
{"level":"info","message":"Performing health check...","service":"primalcode-mcp","timestamp":"2025-07-15T15:59:27.718Z"}
{"level":"info","message":"Health check completed: healthy","service":"primalcode-mcp","timestamp":"2025-07-15T15:59:27.719Z"}
{"level":"info","message":"Tool registered: test_tool","service":"primalcode-mcp","timestamp":"2025-07-15T15:59:27.720Z"}
{"level":"info","message":"Performing health check...","service":"primalcode-mcp","timestamp":"2025-07-15T15:59:27.722Z"}
{"level":"info","message":"Health check completed: healthy","service":"primalcode-mcp","timestamp":"2025-07-15T15:59:27.731Z"}
{"level":"info","message":"Tool registered: test_tool","service":"primalcode-mcp","timestamp":"2025-07-15T15:59:27.733Z"}
{"level":"info","message":"Performing health check...","service":"primalcode-mcp","timestamp":"2025-07-15T15:59:27.734Z"}
{"level":"info","message":"Health check completed: healthy","service":"primalcode-mcp","timestamp":"2025-07-15T15:59:27.735Z"}
{"level":"info","message":"Performing health check...","service":"primalcode-mcp","timestamp":"2025-07-15T15:59:27.738Z"}
{"level":"info","message":"Health check completed: unhealthy","service":"primalcode-mcp","timestamp":"2025-07-15T15:59:27.739Z"}
{"level":"info","message":"Tool registered: test_tool","service":"primalcode-mcp","timestamp":"2025-07-15T15:59:27.739Z"}
{"level":"info","message":"Performing health check...","service":"primalcode-mcp","timestamp":"2025-07-15T15:59:27.740Z"}
{"level":"info","message":"Health check completed: healthy","service":"primalcode-mcp","timestamp":"2025-07-15T15:59:27.741Z"}
{"level":"info","message":"Performing health check...","service":"primalcode-mcp","timestamp":"2025-07-15T15:59:27.743Z"}
{"level":"info","message":"Health check completed: unhealthy","service":"primalcode-mcp","timestamp":"2025-07-15T15:59:27.743Z"}
{"level":"info","message":"Tool registered: test_tool","service":"primalcode-mcp","timestamp":"2025-07-15T15:59:27.744Z"}
{"level":"info","message":"Performing health check...","service":"primalcode-mcp","timestamp":"2025-07-15T15:59:27.744Z"}
{"level":"info","message":"Health check completed: healthy","service":"primalcode-mcp","timestamp":"2025-07-15T15:59:27.744Z"}
{"level":"info","message":"Tool registered: test_tool","service":"primalcode-mcp","timestamp":"2025-07-15T15:59:27.746Z"}
{"level":"info","message":"Performing health check...","service":"primalcode-mcp","timestamp":"2025-07-15T15:59:27.747Z"}
{"level":"info","message":"Health check completed: healthy","service":"primalcode-mcp","timestamp":"2025-07-15T15:59:27.748Z"}
{"level":"info","message":"Performing health check...","service":"primalcode-mcp","timestamp":"2025-07-15T15:59:27.751Z"}
{"level":"info","message":"Health check completed: unhealthy","service":"primalcode-mcp","timestamp":"2025-07-15T15:59:27.752Z"}
{"level":"info","message":"Performing health check...","service":"primalcode-mcp","timestamp":"2025-07-15T15:59:27.752Z"}
{"level":"info","message":"Health check completed: unhealthy","service":"primalcode-mcp","timestamp":"2025-07-15T15:59:27.752Z"}
{"level":"info","message":"Generated environment for route test_route","routeName":"Test Forest","service":"primalcode-mcp","timestamp":"2025-07-15T15:59:27.851Z"}
{"level":"info","message":"Generated aggressive_hunter shadow_wolf monster","monsterId":"monster_1","service":"primalcode-mcp","timestamp":"2025-07-15T15:59:27.912Z"}
{"args":{"location":{"x":50,"y":50},"route_id":"test_route","shelter_type":"cave"},"level":"info","message":"Executing build_shelter tool","service":"primalcode-mcp","timestamp":"2025-07-15T15:59:27.916Z"}
{"capacity":3,"level":"info","location":{"x":50,"y":50},"message":"Built shelter in route test_route","service":"primalcode-mcp","shelterType":"cave","timestamp":"2025-07-15T15:59:27.921Z"}
{"changeType":"shelter_built","level":"info","location":{"x":50,"y":50},"message":"Notified 1 monsters of environmental change","routeId":"test_route","service":"primalcode-mcp","timestamp":"2025-07-15T15:59:27.921Z"}
{"level":"info","message":"Generated environment for route test_route","routeName":"Test Forest","service":"primalcode-mcp","timestamp":"2025-07-15T15:59:27.955Z"}
{"level":"info","message":"Generated aggressive_hunter shadow_wolf monster","monsterId":"monster_1","service":"primalcode-mcp","timestamp":"2025-07-15T15:59:27.956Z"}
{"args":{"location":{"x":30,"y":30},"route_id":"test_route","shelter_type":"burrow"},"level":"info","message":"Executing build_shelter tool","service":"primalcode-mcp","timestamp":"2025-07-15T15:59:27.957Z"}
{"capacity":4,"level":"info","location":{"x":30,"y":30},"message":"Built shelter in route test_route","service":"primalcode-mcp","shelterType":"burrow","timestamp":"2025-07-15T15:59:27.957Z"}
{"changeType":"shelter_built","level":"info","location":{"x":30,"y":30},"message":"Notified 1 monsters of environmental change","routeId":"test_route","service":"primalcode-mcp","timestamp":"2025-07-15T15:59:27.959Z"}
{"level":"info","message":"Generated environment for route test_route","routeName":"Test Forest","service":"primalcode-mcp","timestamp":"2025-07-15T15:59:27.960Z"}
{"level":"info","message":"Generated aggressive_hunter shadow_wolf monster","monsterId":"monster_1","service":"primalcode-mcp","timestamp":"2025-07-15T15:59:27.962Z"}
{"args":{"location":{"x":25,"y":25},"route_id":"test_route","shelter_type":"tree"},"level":"info","message":"Executing build_shelter tool","service":"primalcode-mcp","timestamp":"2025-07-15T15:59:27.963Z"}
{"capacity":4,"level":"info","location":{"x":25,"y":25},"message":"Built shelter in route test_route","service":"primalcode-mcp","shelterType":"tree","timestamp":"2025-07-15T15:59:27.965Z"}
{"changeType":"shelter_built","level":"info","location":{"x":25,"y":25},"message":"Notified 1 monsters of environmental change","routeId":"test_route","service":"primalcode-mcp","timestamp":"2025-07-15T15:59:27.965Z"}
{"level":"info","message":"Generated environment for route test_route","routeName":"Test Forest","service":"primalcode-mcp","timestamp":"2025-07-15T15:59:27.966Z"}
{"level":"info","message":"Generated aggressive_hunter shadow_wolf monster","monsterId":"monster_1","service":"primalcode-mcp","timestamp":"2025-07-15T15:59:27.967Z"}
{"args":{"location":{"x":60,"y":60},"route_id":"test_route","shelter_type":"rock"},"level":"info","message":"Executing build_shelter tool","service":"primalcode-mcp","timestamp":"2025-07-15T15:59:27.967Z"}
{"capacity":4,"level":"info","location":{"x":60,"y":60},"message":"Built shelter in route test_route","service":"primalcode-mcp","shelterType":"rock","timestamp":"2025-07-15T15:59:27.967Z"}
{"changeType":"shelter_built","level":"info","location":{"x":60,"y":60},"message":"Notified 1 monsters of environmental change","routeId":"test_route","service":"primalcode-mcp","timestamp":"2025-07-15T15:59:27.968Z"}
{"level":"info","message":"Generated environment for route test_route","routeName":"Test Forest","service":"primalcode-mcp","timestamp":"2025-07-15T15:59:27.969Z"}
{"level":"info","message":"Generated aggressive_hunter shadow_wolf monster","monsterId":"monster_1","service":"primalcode-mcp","timestamp":"2025-07-15T15:59:27.970Z"}
{"level":"info","message":"Generated cautious_forager wind_stag monster","monsterId":"monster_2","service":"primalcode-mcp","timestamp":"2025-07-15T15:59:27.971Z"}
{"args":{"location":{"x":20,"y":20},"route_id":"test_route","shelter_type":"burrow"},"level":"info","message":"Executing build_shelter tool","service":"primalcode-mcp","timestamp":"2025-07-15T15:59:27.979Z"}
{"capacity":4,"level":"info","location":{"x":20,"y":20},"message":"Built shelter in route test_route","service":"primalcode-mcp","shelterType":"burrow","timestamp":"2025-07-15T15:59:27.980Z"}
{"changeType":"shelter_built","level":"info","location":{"x":20,"y":20},"message":"Notified 2 monsters of environmental change","routeId":"test_route","service":"primalcode-mcp","timestamp":"2025-07-15T15:59:27.981Z"}
{"level":"info","message":"Generated environment for route test_route","routeName":"Test Forest","service":"primalcode-mcp","timestamp":"2025-07-15T15:59:27.982Z"}
{"level":"info","message":"Generated aggressive_hunter shadow_wolf monster","monsterId":"monster_1","service":"primalcode-mcp","timestamp":"2025-07-15T15:59:27.982Z"}
{"level":"info","message":"Generated pack_leader frost_bear monster","monsterId":"monster_2","service":"primalcode-mcp","timestamp":"2025-07-15T15:59:27.982Z"}
{"args":{"location":{"x":25,"y":25},"route_id":"test_route","shelter_type":"cave"},"level":"info","message":"Executing build_shelter tool","service":"primalcode-mcp","timestamp":"2025-07-15T15:59:27.982Z"}
{"capacity":2,"level":"info","location":{"x":25,"y":25},"message":"Built shelter in route test_route","service":"primalcode-mcp","shelterType":"cave","timestamp":"2025-07-15T15:59:27.983Z"}
{"changeType":"shelter_built","level":"info","location":{"x":25,"y":25},"message":"Notified 2 monsters of environmental change","routeId":"test_route","service":"primalcode-mcp","timestamp":"2025-07-15T15:59:27.984Z"}
{"level":"info","message":"Generated environment for route test_route","routeName":"Test Forest","service":"primalcode-mcp","timestamp":"2025-07-15T15:59:27.984Z"}
{"level":"info","message":"Generated aggressive_hunter shadow_wolf monster","monsterId":"monster_1","service":"primalcode-mcp","timestamp":"2025-07-15T15:59:27.985Z"}
{"args":{"location":{"x":10,"y":10},"route_id":"test_route","shelter_type":"cave"},"level":"info","message":"Executing build_shelter tool","service":"primalcode-mcp","timestamp":"2025-07-15T15:59:27.985Z"}
{"capacity":4,"level":"info","location":{"x":10,"y":10},"message":"Built shelter in route test_route","service":"primalcode-mcp","shelterType":"cave","timestamp":"2025-07-15T15:59:27.985Z"}
{"changeType":"shelter_built","level":"info","location":{"x":10,"y":10},"message":"Notified 1 monsters of environmental change","routeId":"test_route","service":"primalcode-mcp","timestamp":"2025-07-15T15:59:27.986Z"}
{"level":"info","message":"Generated environment for route test_route","routeName":"Test Forest","service":"primalcode-mcp","timestamp":"2025-07-15T15:59:27.987Z"}
{"level":"info","message":"Generated aggressive_hunter shadow_wolf monster","monsterId":"monster_1","service":"primalcode-mcp","timestamp":"2025-07-15T15:59:27.988Z"}
{"level":"info","message":"Generated cautious_forager ember_hawk monster","monsterId":"monster_2","service":"primalcode-mcp","timestamp":"2025-07-15T15:59:27.989Z"}
{"args":{"location":{"x":25,"y":25},"route_id":"test_route","shelter_type":"burrow"},"level":"info","message":"Executing build_shelter tool","service":"primalcode-mcp","timestamp":"2025-07-15T15:59:27.989Z"}
{"capacity":4,"level":"info","location":{"x":25,"y":25},"message":"Built shelter in route test_route","service":"primalcode-mcp","shelterType":"burrow","timestamp":"2025-07-15T15:59:27.990Z"}
{"changeType":"shelter_built","level":"info","location":{"x":25,"y":25},"message":"Notified 2 monsters of environmental change","routeId":"test_route","service":"primalcode-mcp","timestamp":"2025-07-15T15:59:27.991Z"}
{"level":"info","message":"Generated environment for route test_route","routeName":"Test Forest","service":"primalcode-mcp","timestamp":"2025-07-15T15:59:27.992Z"}
{"level":"info","message":"Generated aggressive_hunter shadow_wolf monster","monsterId":"monster_1","service":"primalcode-mcp","timestamp":"2025-07-15T15:59:27.993Z"}
{"args":{"location":{"x":40,"y":40},"route_id":"test_route","shelter_type":"tree"},"level":"info","message":"Executing build_shelter tool","service":"primalcode-mcp","timestamp":"2025-07-15T15:59:27.993Z"}
{"capacity":4,"level":"info","location":{"x":40,"y":40},"message":"Built shelter in route test_route","service":"primalcode-mcp","shelterType":"tree","timestamp":"2025-07-15T15:59:27.993Z"}
{"changeType":"shelter_built","level":"info","location":{"x":40,"y":40},"message":"Notified 1 monsters of environmental change","routeId":"test_route","service":"primalcode-mcp","timestamp":"2025-07-15T15:59:27.993Z"}
{"level":"info","message":"Generated environment for route test_route","routeName":"Test Forest","service":"primalcode-mcp","timestamp":"2025-07-15T15:59:27.995Z"}
{"level":"info","message":"Generated aggressive_hunter shadow_wolf monster","monsterId":"monster_1","service":"primalcode-mcp","timestamp":"2025-07-15T15:59:27.995Z"}
{"args":{"location":{"x":35,"y":35},"route_id":"test_route","shelter_type":"cave"},"level":"info","message":"Executing build_shelter tool","service":"primalcode-mcp","timestamp":"2025-07-15T15:59:27.996Z"}
{"capacity":4,"level":"info","location":{"x":35,"y":35},"message":"Built shelter in route test_route","service":"primalcode-mcp","shelterType":"cave","timestamp":"2025-07-15T15:59:27.996Z"}
{"changeType":"shelter_built","level":"info","location":{"x":35,"y":35},"message":"Notified 1 monsters of environmental change","routeId":"test_route","service":"primalcode-mcp","timestamp":"2025-07-15T15:59:27.996Z"}
{"level":"info","message":"Generated environment for route test_route","routeName":"Test Forest","service":"primalcode-mcp","timestamp":"2025-07-15T15:59:28.002Z"}
{"level":"info","message":"Generated aggressive_hunter shadow_wolf monster","monsterId":"monster_1","service":"primalcode-mcp","timestamp":"2025-07-15T15:59:28.003Z"}
{"args":{"location":{"x":50,"y":50},"route_id":"invalid_route","shelter_type":"cave"},"level":"info","message":"Executing build_shelter tool","service":"primalcode-mcp","timestamp":"2025-07-15T15:59:28.004Z"}
{"args":{"location":{"x":50,"y":50},"route_id":"invalid_route","shelter_type":"cave"},"error":{},"level":"error","message":"Error executing build_shelter tool","service":"primalcode-mcp","timestamp":"2025-07-15T15:59:28.004Z"}
{"level":"info","message":"Generated environment for route test_route","routeName":"Test Forest","service":"primalcode-mcp","timestamp":"2025-07-15T15:59:28.005Z"}
{"level":"info","message":"Generated aggressive_hunter shadow_wolf monster","monsterId":"monster_1","service":"primalcode-mcp","timestamp":"2025-07-15T15:59:28.006Z"}
{"args":{"location":{"x":50},"route_id":"test_route","shelter_type":"cave"},"level":"info","message":"Executing build_shelter tool","service":"primalcode-mcp","timestamp":"2025-07-15T15:59:28.006Z"}
{"args":{"location":{"x":50},"route_id":"test_route","shelter_type":"cave"},"error":{},"level":"error","message":"Error executing build_shelter tool","service":"primalcode-mcp","timestamp":"2025-07-15T15:59:28.006Z"}
{"level":"info","message":"Generated environment for route test_route","routeName":"Test Forest","service":"primalcode-mcp","timestamp":"2025-07-15T15:59:28.007Z"}
{"level":"info","message":"Generated aggressive_hunter shadow_wolf monster","monsterId":"monster_1","service":"primalcode-mcp","timestamp":"2025-07-15T15:59:28.007Z"}
{"level":"info","message":"Generated environment for route empty_route","routeName":"Empty Forest","service":"primalcode-mcp","timestamp":"2025-07-15T15:59:28.007Z"}
{"args":{"location":{"x":50,"y":50},"route_id":"empty_route","shelter_type":"cave"},"level":"info","message":"Executing build_shelter tool","service":"primalcode-mcp","timestamp":"2025-07-15T15:59:28.008Z"}
{"capacity":4,"level":"info","location":{"x":50,"y":50},"message":"Built shelter in route empty_route","service":"primalcode-mcp","shelterType":"cave","timestamp":"2025-07-15T15:59:28.008Z"}
{"changeType":"shelter_built","level":"info","location":{"x":50,"y":50},"message":"Notified 0 monsters of environmental change","routeId":"empty_route","service":"primalcode-mcp","timestamp":"2025-07-15T15:59:28.009Z"}
{"level":"info","message":"Generated environment for route test_route","routeName":"Test Forest","service":"primalcode-mcp","timestamp":"2025-07-15T15:59:28.009Z"}
{"level":"info","message":"Generated aggressive_hunter shadow_wolf monster","monsterId":"monster_1","service":"primalcode-mcp","timestamp":"2025-07-15T15:59:28.010Z"}
{"args":{"location":{"x":45,"y":45},"route_id":"test_route","shelter_type":"burrow"},"level":"info","message":"Executing build_shelter tool","service":"primalcode-mcp","timestamp":"2025-07-15T15:59:28.010Z"}
{"capacity":3,"level":"info","location":{"x":45,"y":45},"message":"Built shelter in route test_route","service":"primalcode-mcp","shelterType":"burrow","timestamp":"2025-07-15T15:59:28.010Z"}
{"changeType":"shelter_built","level":"info","location":{"x":45,"y":45},"message":"Notified 1 monsters of environmental change","routeId":"test_route","service":"primalcode-mcp","timestamp":"2025-07-15T15:59:28.011Z"}
{"level":"info","message":"Generated environment for route test_route","routeName":"Test Forest","service":"primalcode-mcp","timestamp":"2025-07-15T15:59:28.011Z"}
{"level":"info","message":"Generated aggressive_hunter shadow_wolf monster","monsterId":"monster_1","service":"primalcode-mcp","timestamp":"2025-07-15T15:59:28.012Z"}
{"args":{"location":{"x":50,"y":50},"route_id":"test_route","shelter_type":"cave"},"level":"info","message":"Executing build_shelter tool","service":"primalcode-mcp","timestamp":"2025-07-15T15:59:28.012Z"}
{"capacity":3,"level":"info","location":{"x":50,"y":50},"message":"Built shelter in route test_route","service":"primalcode-mcp","shelterType":"cave","timestamp":"2025-07-15T15:59:28.013Z"}
{"changeType":"shelter_built","level":"info","location":{"x":50,"y":50},"message":"Notified 1 monsters of environmental change","routeId":"test_route","service":"primalcode-mcp","timestamp":"2025-07-15T15:59:28.013Z"}
{"level":"info","message":"Generated environment for route test_route","routeName":"Test Forest","service":"primalcode-mcp","timestamp":"2025-07-15T15:59:28.014Z"}
{"level":"info","message":"Generated aggressive_hunter shadow_wolf monster","monsterId":"monster_1","service":"primalcode-mcp","timestamp":"2025-07-15T15:59:28.015Z"}
{"args":{"location":{"x":40,"y":40},"route_id":"test_route","shelter_type":"rock"},"level":"info","message":"Executing build_shelter tool","service":"primalcode-mcp","timestamp":"2025-07-15T15:59:28.015Z"}
{"capacity":3,"level":"info","location":{"x":40,"y":40},"message":"Built shelter in route test_route","service":"primalcode-mcp","shelterType":"rock","timestamp":"2025-07-15T15:59:28.015Z"}
{"changeType":"shelter_built","level":"info","location":{"x":40,"y":40},"message":"Notified 1 monsters of environmental change","routeId":"test_route","service":"primalcode-mcp","timestamp":"2025-07-15T15:59:28.016Z"}
{"level":"info","message":"Generated environment for route test_route","routeName":"Test Forest","service":"primalcode-mcp","timestamp":"2025-07-15T15:59:28.016Z"}
{"level":"info","message":"Generated aggressive_hunter shadow_wolf monster","monsterId":"monster_1","service":"primalcode-mcp","timestamp":"2025-07-15T15:59:28.016Z"}
{"level":"info","message":"Generated aggressive_hunter stone_serpent monster","monsterId":"monster_2","service":"primalcode-mcp","timestamp":"2025-07-15T15:59:28.031Z"}
{"args":{"location":{"x":35,"y":35},"route_id":"test_route","shelter_type":"tree"},"level":"info","message":"Executing build_shelter tool","service":"primalcode-mcp","timestamp":"2025-07-15T15:59:28.031Z"}
{"capacity":3,"level":"info","location":{"x":35,"y":35},"message":"Built shelter in route test_route","service":"primalcode-mcp","shelterType":"tree","timestamp":"2025-07-15T15:59:28.031Z"}
{"changeType":"shelter_built","level":"info","location":{"x":35,"y":35},"message":"Notified 2 monsters of environmental change","routeId":"test_route","service":"primalcode-mcp","timestamp":"2025-07-15T15:59:28.032Z"}
{"level":"info","message":"Generated environment for route test_route","routeName":"Test Forest","service":"primalcode-mcp","timestamp":"2025-07-15T15:59:28.034Z"}
{"level":"info","message":"Generated aggressive_hunter shadow_wolf monster","monsterId":"monster_1","service":"primalcode-mcp","timestamp":"2025-07-15T15:59:28.034Z"}
{"level":"info","message":"Generated cautious_forager wind_stag monster","monsterId":"monster_2","service":"primalcode-mcp","timestamp":"2025-07-15T15:59:28.035Z"}
{"level":"info","message":"Generated cautious_forager wind_stag monster","monsterId":"monster_3","service":"primalcode-mcp","timestamp":"2025-07-15T15:59:28.035Z"}
{"level":"info","message":"Generated cautious_forager wind_stag monster","monsterId":"monster_4","service":"primalcode-mcp","timestamp":"2025-07-15T15:59:28.035Z"}
{"level":"info","message":"Generated cautious_forager wind_stag monster","monsterId":"monster_5","service":"primalcode-mcp","timestamp":"2025-07-15T15:59:28.035Z"}
{"level":"info","message":"Generated cautious_forager wind_stag monster","monsterId":"monster_6","service":"primalcode-mcp","timestamp":"2025-07-15T15:59:28.035Z"}
{"level":"info","message":"Generated cautious_forager wind_stag monster","monsterId":"monster_7","service":"primalcode-mcp","timestamp":"2025-07-15T15:59:28.036Z"}
{"args":{"location":{"x":25,"y":25},"route_id":"test_route","shelter_type":"cave"},"level":"info","message":"Executing build_shelter tool","service":"primalcode-mcp","timestamp":"2025-07-15T15:59:28.036Z"}
{"capacity":4,"level":"info","location":{"x":25,"y":25},"message":"Built shelter in route test_route","service":"primalcode-mcp","shelterType":"cave","timestamp":"2025-07-15T15:59:28.036Z"}
{"changeType":"shelter_built","level":"info","location":{"x":25,"y":25},"message":"Notified 7 monsters of environmental change","routeId":"test_route","service":"primalcode-mcp","timestamp":"2025-07-15T15:59:28.036Z"}
{"level":"info","message":"Generated environment for route test_route","routeName":"Test Forest","service":"primalcode-mcp","timestamp":"2025-07-15T15:59:28.045Z"}
{"level":"info","message":"Generated aggressive_hunter shadow_wolf monster","monsterId":"monster_1","service":"primalcode-mcp","timestamp":"2025-07-15T15:59:28.045Z"}
{"args":{"location":{"x":55,"y":55},"route_id":"test_route","shelter_type":"burrow"},"level":"info","message":"Executing build_shelter tool","service":"primalcode-mcp","timestamp":"2025-07-15T15:59:28.046Z"}
{"capacity":4,"level":"info","location":{"x":55,"y":55},"message":"Built shelter in route test_route","service":"primalcode-mcp","shelterType":"burrow","timestamp":"2025-07-15T15:59:28.046Z"}
{"changeType":"shelter_built","level":"info","location":{"x":55,"y":55},"message":"Notified 1 monsters of environmental change","routeId":"test_route","service":"primalcode-mcp","timestamp":"2025-07-15T15:59:28.046Z"}
{"level":"info","message":"Generated environment for route test_route","routeName":"Test Forest","service":"primalcode-mcp","timestamp":"2025-07-15T15:59:28.034Z"}
{"level":"info","message":"Generated aggressive_hunter shadow_wolf monster","monsterId":"monster_1","service":"primalcode-mcp","timestamp":"2025-07-15T15:59:28.043Z"}
{"args":{"food_type":"meat","location":{"x":50,"y":50},"route_id":"test_route"},"level":"info","message":"Executing place_food tool","service":"primalcode-mcp","timestamp":"2025-07-15T15:59:28.044Z"}
{"foodType":"meat","level":"info","location":{"x":50,"y":50},"message":"Added food source to route test_route","quality":0.8404822715479344,"service":"primalcode-mcp","timestamp":"2025-07-15T15:59:28.046Z"}
{"changeType":"food_placed","level":"info","location":{"x":50,"y":50},"message":"Notified 1 monsters of environmental change","routeId":"test_route","service":"primalcode-mcp","timestamp":"2025-07-15T15:59:28.046Z"}
{"level":"info","message":"Generated environment for route test_route","routeName":"Test Forest","service":"primalcode-mcp","timestamp":"2025-07-15T15:59:28.047Z"}
{"level":"info","message":"Generated aggressive_hunter shadow_wolf monster","monsterId":"monster_1","service":"primalcode-mcp","timestamp":"2025-07-15T15:59:28.047Z"}
{"args":{"food_type":"plants","location":{"x":30,"y":30},"route_id":"test_route"},"level":"info","message":"Executing place_food tool","service":"primalcode-mcp","timestamp":"2025-07-15T15:59:28.047Z"}
{"foodType":"plants","level":"info","location":{"x":30,"y":30},"message":"Added food source to route test_route","quality":0.8395965825152072,"service":"primalcode-mcp","timestamp":"2025-07-15T15:59:28.048Z"}
{"changeType":"food_placed","level":"info","location":{"x":30,"y":30},"message":"Notified 1 monsters of environmental change","routeId":"test_route","service":"primalcode-mcp","timestamp":"2025-07-15T15:59:28.048Z"}
{"level":"info","message":"Generated environment for route test_route","routeName":"Test Forest","service":"primalcode-mcp","timestamp":"2025-07-15T15:59:28.052Z"}
{"level":"info","message":"Generated aggressive_hunter shadow_wolf monster","monsterId":"monster_1","service":"primalcode-mcp","timestamp":"2025-07-15T15:59:28.053Z"}
{"level":"info","message":"Generated cautious_forager wind_stag monster","monsterId":"monster_2","service":"primalcode-mcp","timestamp":"2025-07-15T15:59:28.053Z"}
{"args":{"food_type":"plants","location":{"x":20,"y":20},"route_id":"test_route"},"level":"info","message":"Executing place_food tool","service":"primalcode-mcp","timestamp":"2025-07-15T15:59:28.053Z"}
{"foodType":"plants","level":"info","location":{"x":20,"y":20},"message":"Added food source to route test_route","quality":0.8719674529341968,"service":"primalcode-mcp","timestamp":"2025-07-15T15:59:28.054Z"}
{"changeType":"food_placed","level":"info","location":{"x":20,"y":20},"message":"Notified 2 monsters of environmental change","routeId":"test_route","service":"primalcode-mcp","timestamp":"2025-07-15T15:59:28.054Z"}
{"level":"info","message":"Generated environment for route test_route","routeName":"Test Forest","service":"primalcode-mcp","timestamp":"2025-07-15T15:59:28.055Z"}
{"level":"info","message":"Generated aggressive_hunter shadow_wolf monster","monsterId":"monster_1","service":"primalcode-mcp","timestamp":"2025-07-15T15:59:28.055Z"}
{"args":{"food_type":"meat","location":{"x":10,"y":10},"route_id":"test_route"},"level":"info","message":"Executing place_food tool","service":"primalcode-mcp","timestamp":"2025-07-15T15:59:28.055Z"}
{"foodType":"meat","level":"info","location":{"x":10,"y":10},"message":"Added food source to route test_route","quality":0.9979700954443291,"service":"primalcode-mcp","timestamp":"2025-07-15T15:59:28.056Z"}
{"changeType":"food_placed","level":"info","location":{"x":10,"y":10},"message":"Notified 1 monsters of environmental change","routeId":"test_route","service":"primalcode-mcp","timestamp":"2025-07-15T15:59:28.056Z"}
{"level":"info","message":"Generated environment for route test_route","routeName":"Test Forest","service":"primalcode-mcp","timestamp":"2025-07-15T15:59:28.056Z"}
{"level":"info","message":"Generated aggressive_hunter shadow_wolf monster","monsterId":"monster_1","service":"primalcode-mcp","timestamp":"2025-07-15T15:59:28.057Z"}
{"args":{"food_type":"water","location":{"x":25,"y":25},"route_id":"test_route"},"level":"info","message":"Executing place_food tool","service":"primalcode-mcp","timestamp":"2025-07-15T15:59:28.057Z"}
{"foodType":"water","level":"info","location":{"x":25,"y":25},"message":"Added food source to route test_route","quality":0.7000601689526723,"service":"primalcode-mcp","timestamp":"2025-07-15T15:59:28.057Z"}
{"changeType":"food_placed","level":"info","location":{"x":25,"y":25},"message":"Notified 1 monsters of environmental change","routeId":"test_route","service":"primalcode-mcp","timestamp":"2025-07-15T15:59:28.057Z"}
{"level":"info","message":"Generated environment for route test_route","routeName":"Test Forest","service":"primalcode-mcp","timestamp":"2025-07-15T15:59:28.058Z"}
{"level":"info","message":"Generated aggressive_hunter shadow_wolf monster","monsterId":"monster_1","service":"primalcode-mcp","timestamp":"2025-07-15T15:59:28.058Z"}
{"args":{"food_type":"meat","location":{"x":50,"y":50},"route_id":"invalid_route"},"level":"info","message":"Executing place_food tool","service":"primalcode-mcp","timestamp":"2025-07-15T15:59:28.058Z"}
{"args":{"food_type":"meat","location":{"x":50,"y":50},"route_id":"invalid_route"},"error":{},"level":"error","message":"Error executing place_food tool","service":"primalcode-mcp","timestamp":"2025-07-15T15:59:28.059Z"}
{"level":"info","message":"Generated environment for route test_route","routeName":"Test Forest","service":"primalcode-mcp","timestamp":"2025-07-15T15:59:28.059Z"}
{"level":"info","message":"Generated aggressive_hunter shadow_wolf monster","monsterId":"monster_1","service":"primalcode-mcp","timestamp":"2025-07-15T15:59:28.059Z"}
{"args":{"food_type":"meat","location":{"x":50},"route_id":"test_route"},"level":"info","message":"Executing place_food tool","service":"primalcode-mcp","timestamp":"2025-07-15T15:59:28.060Z"}
{"args":{"food_type":"meat","location":{"x":50},"route_id":"test_route"},"error":{},"level":"error","message":"Error executing place_food tool","service":"primalcode-mcp","timestamp":"2025-07-15T15:59:28.060Z"}
{"level":"info","message":"Generated environment for route test_route","routeName":"Test Forest","service":"primalcode-mcp","timestamp":"2025-07-15T15:59:28.060Z"}
{"level":"info","message":"Generated aggressive_hunter shadow_wolf monster","monsterId":"monster_1","service":"primalcode-mcp","timestamp":"2025-07-15T15:59:28.061Z"}
{"level":"info","message":"Generated environment for route empty_route","routeName":"Empty Forest","service":"primalcode-mcp","timestamp":"2025-07-15T15:59:28.061Z"}
{"args":{"food_type":"meat","location":{"x":50,"y":50},"route_id":"empty_route"},"level":"info","message":"Executing place_food tool","service":"primalcode-mcp","timestamp":"2025-07-15T15:59:28.061Z"}
{"foodType":"meat","level":"info","location":{"x":50,"y":50},"message":"Added food source to route empty_route","quality":0.9339531916892877,"service":"primalcode-mcp","timestamp":"2025-07-15T15:59:28.062Z"}
{"changeType":"food_placed","level":"info","location":{"x":50,"y":50},"message":"Notified 0 monsters of environmental change","routeId":"empty_route","service":"primalcode-mcp","timestamp":"2025-07-15T15:59:28.067Z"}
{"level":"info","message":"Generated environment for route test_route","routeName":"Test Forest","service":"primalcode-mcp","timestamp":"2025-07-15T15:59:28.068Z"}
{"level":"info","message":"Generated aggressive_hunter shadow_wolf monster","monsterId":"monster_1","service":"primalcode-mcp","timestamp":"2025-07-15T15:59:28.068Z"}
{"args":{"food_type":"meat","location":{"x":40,"y":40},"route_id":"test_route"},"level":"info","message":"Executing place_food tool","service":"primalcode-mcp","timestamp":"2025-07-15T15:59:28.068Z"}
{"foodType":"meat","level":"info","location":{"x":40,"y":40},"message":"Added food source to route test_route","quality":0.710076431529209,"service":"primalcode-mcp","timestamp":"2025-07-15T15:59:28.069Z"}
{"changeType":"food_placed","level":"info","location":{"x":40,"y":40},"message":"Notified 1 monsters of environmental change","routeId":"test_route","service":"primalcode-mcp","timestamp":"2025-07-15T15:59:28.071Z"}
{"level":"info","message":"Generated environment for route test_route","routeName":"Test Forest","service":"primalcode-mcp","timestamp":"2025-07-15T15:59:28.072Z"}
{"level":"info","message":"Generated aggressive_hunter shadow_wolf monster","monsterId":"monster_1","service":"primalcode-mcp","timestamp":"2025-07-15T15:59:28.073Z"}
{"args":{"food_type":"meat","location":{"x":50,"y":50},"route_id":"test_route"},"level":"info","message":"Executing place_food tool","service":"primalcode-mcp","timestamp":"2025-07-15T15:59:28.074Z"}
{"foodType":"meat","level":"info","location":{"x":50,"y":50},"message":"Added food source to route test_route","quality":0.9577338109114425,"service":"primalcode-mcp","timestamp":"2025-07-15T15:59:28.076Z"}
{"changeType":"food_placed","level":"info","location":{"x":50,"y":50},"message":"Notified 1 monsters of environmental change","routeId":"test_route","service":"primalcode-mcp","timestamp":"2025-07-15T15:59:28.077Z"}
{"level":"info","message":"Generated environment for route test_route","routeName":"Test Forest","service":"primalcode-mcp","timestamp":"2025-07-15T15:59:28.079Z"}
{"level":"info","message":"Generated aggressive_hunter shadow_wolf monster","monsterId":"monster_1","service":"primalcode-mcp","timestamp":"2025-07-15T15:59:28.079Z"}
{"level":"info","message":"Generated pack_leader frost_bear monster","monsterId":"monster_2","service":"primalcode-mcp","timestamp":"2025-07-15T15:59:28.080Z"}
{"args":{"food_type":"meat","location":{"x":25,"y":25},"route_id":"test_route"},"level":"info","message":"Executing place_food tool","service":"primalcode-mcp","timestamp":"2025-07-15T15:59:28.080Z"}
{"foodType":"meat","level":"info","location":{"x":25,"y":25},"message":"Added food source to route test_route","quality":0.7603120250509325,"service":"primalcode-mcp","timestamp":"2025-07-15T15:59:28.080Z"}
{"changeType":"food_placed","level":"info","location":{"x":25,"y":25},"message":"Notified 2 monsters of environmental change","routeId":"test_route","service":"primalcode-mcp","timestamp":"2025-07-15T15:59:28.081Z"}
{"0":"Unknown action: Invalid-Action","level":"error","message":"Invalid message schema for Invalid-Action:","service":"primalcode-mcp","timestamp":"2025-07-15T15:59:28.093Z"}
{"0":"Unknown action: Invalid-Action","level":"error","message":"Invalid message schema for Invalid-Action:","service":"primalcode-mcp","timestamp":"2025-07-15T15:59:28.110Z"}
{"level":"info","message":"Generated environment for route test_route","routeName":"Test Forest","service":"primalcode-mcp","timestamp":"2025-07-15T15:59:28.082Z"}
{"level":"info","message":"Generated aggressive_hunter shadow_wolf monster","monsterId":"monster_1","service":"primalcode-mcp","timestamp":"2025-07-15T15:59:28.096Z"}
{"args":{"intensity":0.7,"route_id":"test_route","weather_type":"rain"},"level":"info","message":"Executing modify_weather tool","service":"primalcode-mcp","timestamp":"2025-07-15T15:59:28.102Z"}
{"intensity":0.7,"level":"info","message":"Modified weather for route test_route","newCondition":"rain","service":"primalcode-mcp","timestamp":"2025-07-15T15:59:28.104Z","weatherType":"rain"}
{"changeType":"weather_changed","level":"info","location":{"x":50,"y":50},"message":"Notified 1 monsters of environmental change","routeId":"test_route","service":"primalcode-mcp","timestamp":"2025-07-15T15:59:28.105Z"}
{"level":"info","message":"Generated environment for route test_route","routeName":"Test Forest","service":"primalcode-mcp","timestamp":"2025-07-15T15:59:28.113Z"}
{"level":"info","message":"Generated aggressive_hunter shadow_wolf monster","monsterId":"monster_1","service":"primalcode-mcp","timestamp":"2025-07-15T15:59:28.114Z"}
{"args":{"intensity":0.8,"route_id":"test_route","weather_type":"heat"},"level":"info","message":"Executing modify_weather tool","service":"primalcode-mcp","timestamp":"2025-07-15T15:59:28.115Z"}
{"intensity":0.8,"level":"info","message":"Modified weather for route test_route","newCondition":"clear","service":"primalcode-mcp","timestamp":"2025-07-15T15:59:28.115Z","weatherType":"heat"}
{"changeType":"weather_changed","level":"info","location":{"x":50,"y":50},"message":"Notified 1 monsters of environmental change","routeId":"test_route","service":"primalcode-mcp","timestamp":"2025-07-15T15:59:28.116Z"}
{"level":"info","message":"Generated environment for route test_route","routeName":"Test Forest","service":"primalcode-mcp","timestamp":"2025-07-15T15:59:28.116Z"}
{"level":"info","message":"Generated aggressive_hunter shadow_wolf monster","monsterId":"monster_1","service":"primalcode-mcp","timestamp":"2025-07-15T15:59:28.117Z"}
{"args":{"intensity":0.9,"route_id":"test_route","weather_type":"storm"},"level":"info","message":"Executing modify_weather tool","service":"primalcode-mcp","timestamp":"2025-07-15T15:59:28.117Z"}
{"intensity":0.9,"level":"info","message":"Modified weather for route test_route","newCondition":"storm","service":"primalcode-mcp","timestamp":"2025-07-15T15:59:28.117Z","weatherType":"storm"}
{"changeType":"weather_changed","level":"info","location":{"x":50,"y":50},"message":"Notified 1 monsters of environmental change","routeId":"test_route","service":"primalcode-mcp","timestamp":"2025-07-15T15:59:28.117Z"}
{"level":"info","message":"Generated environment for route test_route","routeName":"Test Forest","service":"primalcode-mcp","timestamp":"2025-07-15T15:59:28.118Z"}
{"level":"info","message":"Generated aggressive_hunter shadow_wolf monster","monsterId":"monster_1","service":"primalcode-mcp","timestamp":"2025-07-15T15:59:28.118Z"}
{"level":"info","message":"Generated cautious_forager wind_stag monster","monsterId":"monster_2","service":"primalcode-mcp","timestamp":"2025-07-15T15:59:28.119Z"}
{"args":{"intensity":0.6,"route_id":"test_route","weather_type":"rain"},"level":"info","message":"Executing modify_weather tool","service":"primalcode-mcp","timestamp":"2025-07-15T15:59:28.119Z"}
{"intensity":0.6,"level":"info","message":"Modified weather for route test_route","newCondition":"rain","service":"primalcode-mcp","timestamp":"2025-07-15T15:59:28.119Z","weatherType":"rain"}
{"changeType":"weather_changed","level":"info","location":{"x":50,"y":50},"message":"Notified 2 monsters of environmental change","routeId":"test_route","service":"primalcode-mcp","timestamp":"2025-07-15T15:59:28.123Z"}
{"level":"info","message":"Generated environment for route test_route","routeName":"Test Forest","service":"primalcode-mcp","timestamp":"2025-07-15T15:59:28.123Z"}
{"level":"info","message":"Generated aggressive_hunter shadow_wolf monster","monsterId":"monster_1","service":"primalcode-mcp","timestamp":"2025-07-15T15:59:28.124Z"}
{"level":"info","message":"Generated pack_leader frost_bear monster","monsterId":"monster_2","service":"primalcode-mcp","timestamp":"2025-07-15T15:59:28.124Z"}
{"args":{"intensity":0.8,"route_id":"test_route","weather_type":"storm"},"level":"info","message":"Executing modify_weather tool","service":"primalcode-mcp","timestamp":"2025-07-15T15:59:28.124Z"}
{"intensity":0.8,"level":"info","message":"Modified weather for route test_route","newCondition":"storm","service":"primalcode-mcp","timestamp":"2025-07-15T15:59:28.125Z","weatherType":"storm"}
{"changeType":"weather_changed","level":"info","location":{"x":50,"y":50},"message":"Notified 2 monsters of environmental change","routeId":"test_route","service":"primalcode-mcp","timestamp":"2025-07-15T15:59:28.125Z"}
{"level":"info","message":"Generated environment for route test_route","routeName":"Test Forest","service":"primalcode-mcp","timestamp":"2025-07-15T15:59:28.125Z"}
{"level":"info","message":"Generated aggressive_hunter shadow_wolf monster","monsterId":"monster_1","service":"primalcode-mcp","timestamp":"2025-07-15T15:59:28.125Z"}
{"args":{"intensity":0.5,"route_id":"test_route","weather_type":"rain"},"level":"info","message":"Executing modify_weather tool","service":"primalcode-mcp","timestamp":"2025-07-15T15:59:28.126Z"}
{"intensity":0.5,"level":"info","message":"Modified weather for route test_route","newCondition":"rain","service":"primalcode-mcp","timestamp":"2025-07-15T15:59:28.126Z","weatherType":"rain"}
{"changeType":"weather_changed","level":"info","location":{"x":50,"y":50},"message":"Notified 1 monsters of environmental change","routeId":"test_route","service":"primalcode-mcp","timestamp":"2025-07-15T15:59:28.126Z"}
{"level":"info","message":"Generated environment for route test_route","routeName":"Test Forest","service":"primalcode-mcp","timestamp":"2025-07-15T15:59:28.127Z"}
{"level":"info","message":"Generated aggressive_hunter shadow_wolf monster","monsterId":"monster_1","service":"primalcode-mcp","timestamp":"2025-07-15T15:59:28.128Z"}
{"args":{"intensity":0.9,"route_id":"test_route","weather_type":"heat"},"level":"info","message":"Executing modify_weather tool","service":"primalcode-mcp","timestamp":"2025-07-15T15:59:28.128Z"}
{"intensity":0.9,"level":"info","message":"Modified weather for route test_route","newCondition":"clear","service":"primalcode-mcp","timestamp":"2025-07-15T15:59:28.128Z","weatherType":"heat"}
{"changeType":"weather_changed","level":"info","location":{"x":50,"y":50},"message":"Notified 1 monsters of environmental change","routeId":"test_route","service":"primalcode-mcp","timestamp":"2025-07-15T15:59:28.128Z"}
{"level":"info","message":"Generated environment for route test_route","routeName":"Test Forest","service":"primalcode-mcp","timestamp":"2025-07-15T15:59:28.129Z"}
{"level":"info","message":"Generated aggressive_hunter shadow_wolf monster","monsterId":"monster_1","service":"primalcode-mcp","timestamp":"2025-07-15T15:59:28.129Z"}
{"args":{"intensity":0.5,"route_id":"invalid_route","weather_type":"rain"},"level":"info","message":"Executing modify_weather tool","service":"primalcode-mcp","timestamp":"2025-07-15T15:59:28.129Z"}
{"args":{"intensity":0.5,"route_id":"invalid_route","weather_type":"rain"},"error":{},"level":"error","message":"Error executing modify_weather tool","service":"primalcode-mcp","timestamp":"2025-07-15T15:59:28.130Z"}
{"level":"info","message":"Generated environment for route test_route","routeName":"Test Forest","service":"primalcode-mcp","timestamp":"2025-07-15T15:59:28.130Z"}
{"level":"info","message":"Generated aggressive_hunter shadow_wolf monster","monsterId":"monster_1","service":"primalcode-mcp","timestamp":"2025-07-15T15:59:28.130Z"}
{"args":{"intensity":1.5,"route_id":"test_route","weather_type":"rain"},"level":"info","message":"Executing modify_weather tool","service":"primalcode-mcp","timestamp":"2025-07-15T15:59:28.131Z"}
{"args":{"intensity":1.5,"route_id":"test_route","weather_type":"rain"},"error":{},"level":"error","message":"Error executing modify_weather tool","service":"primalcode-mcp","timestamp":"2025-07-15T15:59:28.131Z"}
{"level":"info","message":"Generated environment for route test_route","routeName":"Test Forest","service":"primalcode-mcp","timestamp":"2025-07-15T15:59:28.131Z"}
{"level":"info","message":"Generated aggressive_hunter shadow_wolf monster","monsterId":"monster_1","service":"primalcode-mcp","timestamp":"2025-07-15T15:59:28.131Z"}
{"level":"info","message":"Generated environment for route empty_route","routeName":"Empty Forest","service":"primalcode-mcp","timestamp":"2025-07-15T15:59:28.132Z"}
{"args":{"intensity":0.4,"route_id":"empty_route","weather_type":"storm"},"level":"info","message":"Executing modify_weather tool","service":"primalcode-mcp","timestamp":"2025-07-15T15:59:28.132Z"}
{"intensity":0.4,"level":"info","message":"Modified weather for route empty_route","newCondition":"storm","service":"primalcode-mcp","timestamp":"2025-07-15T15:59:28.132Z","weatherType":"storm"}
{"changeType":"weather_changed","level":"info","location":{"x":50,"y":50},"message":"Notified 0 monsters of environmental change","routeId":"empty_route","service":"primalcode-mcp","timestamp":"2025-07-15T15:59:28.132Z"}
{"level":"info","message":"Generated environment for route test_route","routeName":"Test Forest","service":"primalcode-mcp","timestamp":"2025-07-15T15:59:28.136Z"}
{"level":"info","message":"Generated aggressive_hunter shadow_wolf monster","monsterId":"monster_1","service":"primalcode-mcp","timestamp":"2025-07-15T15:59:28.136Z"}
{"args":{"intensity":0.2,"route_id":"test_route","weather_type":"rain"},"level":"info","message":"Executing modify_weather tool","service":"primalcode-mcp","timestamp":"2025-07-15T15:59:28.136Z"}
{"intensity":0.2,"level":"info","message":"Modified weather for route test_route","newCondition":"rain","service":"primalcode-mcp","timestamp":"2025-07-15T15:59:28.137Z","weatherType":"rain"}
{"changeType":"weather_changed","level":"info","location":{"x":50,"y":50},"message":"Notified 1 monsters of environmental change","routeId":"test_route","service":"primalcode-mcp","timestamp":"2025-07-15T15:59:28.137Z"}
{"level":"info","message":"Generated environment for route test_route","routeName":"Test Forest","service":"primalcode-mcp","timestamp":"2025-07-15T15:59:28.138Z"}
{"level":"info","message":"Generated aggressive_hunter shadow_wolf monster","monsterId":"monster_1","service":"primalcode-mcp","timestamp":"2025-07-15T15:59:28.138Z"}
{"args":{"intensity":0.9,"route_id":"test_route","weather_type":"heat"},"level":"info","message":"Executing modify_weather tool","service":"primalcode-mcp","timestamp":"2025-07-15T15:59:28.138Z"}
{"intensity":0.9,"level":"info","message":"Modified weather for route test_route","newCondition":"clear","service":"primalcode-mcp","timestamp":"2025-07-15T15:59:28.138Z","weatherType":"heat"}
{"changeType":"weather_changed","level":"info","location":{"x":50,"y":50},"message":"Notified 1 monsters of environmental change","routeId":"test_route","service":"primalcode-mcp","timestamp":"2025-07-15T15:59:28.139Z"}
{"level":"info","message":"Generated environment for route test_route","routeName":"Test Forest","service":"primalcode-mcp","timestamp":"2025-07-15T15:59:28.139Z"}
{"level":"info","message":"Generated aggressive_hunter shadow_wolf monster","monsterId":"monster_1","service":"primalcode-mcp","timestamp":"2025-07-15T15:59:28.139Z"}
{"args":{"intensity":0.6,"route_id":"test_route","weather_type":"rain"},"level":"info","message":"Executing modify_weather tool","service":"primalcode-mcp","timestamp":"2025-07-15T15:59:28.140Z"}
{"intensity":0.6,"level":"info","message":"Modified weather for route test_route","newCondition":"rain","service":"primalcode-mcp","timestamp":"2025-07-15T15:59:28.140Z","weatherType":"rain"}
{"changeType":"weather_changed","level":"info","location":{"x":50,"y":50},"message":"Notified 1 monsters of environmental change","routeId":"test_route","service":"primalcode-mcp","timestamp":"2025-07-15T15:59:28.140Z"}
{"level":"info","message":"Generated environment for route test_route","routeName":"Test Forest","service":"primalcode-mcp","timestamp":"2025-07-15T15:59:28.141Z"}
{"level":"info","message":"Generated aggressive_hunter shadow_wolf monster","monsterId":"monster_1","service":"primalcode-mcp","timestamp":"2025-07-15T15:59:28.141Z"}
{"args":{"intensity":0.5,"route_id":"test_route","weather_type":"normal"},"level":"info","message":"Executing modify_weather tool","service":"primalcode-mcp","timestamp":"2025-07-15T15:59:28.141Z"}
{"intensity":0.5,"level":"info","message":"Modified weather for route test_route","newCondition":"clear","service":"primalcode-mcp","timestamp":"2025-07-15T15:59:28.141Z","weatherType":"normal"}
{"changeType":"weather_changed","level":"info","location":{"x":50,"y":50},"message":"Notified 1 monsters of environmental change","routeId":"test_route","service":"primalcode-mcp","timestamp":"2025-07-15T15:59:28.142Z"}
{"level":"info","message":"Generated environment for route test_route","routeName":"Test Forest","service":"primalcode-mcp","timestamp":"2025-07-15T15:59:28.143Z"}
{"level":"info","message":"Generated aggressive_hunter shadow_wolf monster","monsterId":"monster_1","service":"primalcode-mcp","timestamp":"2025-07-15T15:59:28.144Z"}
{"args":{"intensity":0.7,"route_id":"test_route","weather_type":"rain"},"level":"info","message":"Executing modify_weather tool","service":"primalcode-mcp","timestamp":"2025-07-15T15:59:28.144Z"}
{"intensity":0.7,"level":"info","message":"Modified weather for route test_route","newCondition":"rain","service":"primalcode-mcp","timestamp":"2025-07-15T15:59:28.144Z","weatherType":"rain"}
{"changeType":"weather_changed","level":"info","location":{"x":50,"y":50},"message":"Notified 1 monsters of environmental change","routeId":"test_route","service":"primalcode-mcp","timestamp":"2025-07-15T15:59:28.144Z"}
{"level":"info","message":"Generated environment for route test_route","routeName":"Test Forest","service":"primalcode-mcp","timestamp":"2025-07-15T15:59:28.145Z"}
{"level":"info","message":"Generated aggressive_hunter shadow_wolf monster","monsterId":"monster_1","service":"primalcode-mcp","timestamp":"2025-07-15T15:59:28.145Z"}
{"level":"info","message":"Generated pack_leader ember_hawk monster","monsterId":"monster_2","service":"primalcode-mcp","timestamp":"2025-07-15T15:59:28.145Z"}
{"args":{"intensity":0.8,"route_id":"test_route","weather_type":"storm"},"level":"info","message":"Executing modify_weather tool","service":"primalcode-mcp","timestamp":"2025-07-15T15:59:28.146Z"}
{"intensity":0.8,"level":"info","message":"Modified weather for route test_route","newCondition":"storm","service":"primalcode-mcp","timestamp":"2025-07-15T15:59:28.146Z","weatherType":"storm"}
{"changeType":"weather_changed","level":"info","location":{"x":50,"y":50},"message":"Notified 2 monsters of environmental change","routeId":"test_route","service":"primalcode-mcp","timestamp":"2025-07-15T15:59:28.146Z"}
{"0":"Unknown action: Invalid-Action","level":"error","message":"Invalid message schema for Invalid-Action:","service":"primalcode-mcp","timestamp":"2025-07-15T15:59:52.667Z"}
{"0":"Unknown action: Invalid-Action","level":"error","message":"Invalid message schema for Invalid-Action:","service":"primalcode-mcp","timestamp":"2025-07-15T15:59:52.678Z"}
{"0":"Unknown action: Invalid-Action","level":"error","message":"Invalid message schema for Invalid-Action:","service":"primalcode-mcp","timestamp":"2025-07-15T16:00:13.925Z"}
{"0":"Unknown action: Invalid-Action","level":"error","message":"Invalid message schema for Invalid-Action:","service":"primalcode-mcp","timestamp":"2025-07-15T16:00:13.940Z"}
{"0":"Unknown action: Invalid-Action","level":"error","message":"Invalid message schema for Invalid-Action:","service":"primalcode-mcp","timestamp":"2025-07-15T16:00:43.611Z"}
{"0":"Unknown action: Invalid-Action","level":"error","message":"Invalid message schema for Invalid-Action:","service":"primalcode-mcp","timestamp":"2025-07-15T16:00:43.613Z"}
{"level":"info","message":"Tool registered: health_check","service":"primalcode-mcp","timestamp":"2025-07-15T16:08:01.090Z"}
{"level":"info","message":"Tool registered: observe_ecosystem","service":"primalcode-mcp","timestamp":"2025-07-15T16:08:01.092Z"}
{"level":"info","message":"Tool registered: analyze_monster","service":"primalcode-mcp","timestamp":"2025-07-15T16:08:01.092Z"}
{"level":"info","message":"Tool registered: check_environment","service":"primalcode-mcp","timestamp":"2025-07-15T16:08:01.092Z"}
{"level":"info","message":"Tool registered: place_food","service":"primalcode-mcp","timestamp":"2025-07-15T16:08:01.093Z"}
{"level":"info","message":"Tool registered: modify_weather","service":"primalcode-mcp","timestamp":"2025-07-15T16:08:01.093Z"}
{"level":"info","message":"Tool registered: build_shelter","service":"primalcode-mcp","timestamp":"2025-07-15T16:08:01.093Z"}
{"level":"info","message":"All tools registered successfully","service":"primalcode-mcp","timestamp":"2025-07-15T16:08:01.093Z"}
{"level":"info","message":"PrimalCode MCP Server started successfully","service":"primalcode-mcp","timestamp":"2025-07-15T16:08:01.094Z"}
{"level":"info","message":"Received ListTools request","service":"primalcode-mcp","timestamp":"2025-07-15T16:08:01.120Z"}
{"level":"info","message":"Received ListTools request","service":"primalcode-mcp","timestamp":"2025-07-15T16:08:01.121Z"}
{"level":"info","message":"Received ListTools request","service":"primalcode-mcp","timestamp":"2025-07-15T16:08:01.124Z"}
{"level":"info","message":"Received ListTools request","service":"primalcode-mcp","timestamp":"2025-07-15T16:08:01.127Z"}
{"level":"info","message":"Received ListTools request","service":"primalcode-mcp","timestamp":"2025-07-15T16:08:01.532Z"}
{"level":"info","message":"Received ListTools request","service":"primalcode-mcp","timestamp":"2025-07-15T16:08:01.533Z"}
{"level":"info","message":"Received ListTools request","service":"primalcode-mcp","timestamp":"2025-07-15T16:08:02.331Z"}
{"level":"info","message":"Received ListTools request","service":"primalcode-mcp","timestamp":"2025-07-15T16:08:02.334Z"}
{"level":"info","message":"Tool registered: health_check","service":"primalcode-mcp","timestamp":"2025-07-15T16:08:23.266Z"}
{"level":"info","message":"Tool registered: observe_ecosystem","service":"primalcode-mcp","timestamp":"2025-07-15T16:08:23.268Z"}
{"level":"info","message":"Tool registered: analyze_monster","service":"primalcode-mcp","timestamp":"2025-07-15T16:08:23.269Z"}
{"level":"info","message":"Tool registered: check_environment","service":"primalcode-mcp","timestamp":"2025-07-15T16:08:23.269Z"}
{"level":"info","message":"Tool registered: place_food","service":"primalcode-mcp","timestamp":"2025-07-15T16:08:23.269Z"}
{"level":"info","message":"Tool registered: modify_weather","service":"primalcode-mcp","timestamp":"2025-07-15T16:08:23.270Z"}
{"level":"info","message":"Tool registered: build_shelter","service":"primalcode-mcp","timestamp":"2025-07-15T16:08:23.270Z"}
{"level":"info","message":"All tools registered successfully","service":"primalcode-mcp","timestamp":"2025-07-15T16:08:23.270Z"}
{"level":"info","message":"PrimalCode MCP Server started successfully","service":"primalcode-mcp","timestamp":"2025-07-15T16:08:23.272Z"}
{"level":"info","message":"Received ListTools request","service":"primalcode-mcp","timestamp":"2025-07-15T16:08:23.286Z"}
{"level":"info","message":"Received ListTools request","service":"primalcode-mcp","timestamp":"2025-07-15T16:08:23.287Z"}
{"level":"info","message":"Received ListTools request","service":"primalcode-mcp","timestamp":"2025-07-15T16:08:23.919Z"}
{"level":"info","message":"Received ListTools request","service":"primalcode-mcp","timestamp":"2025-07-15T16:08:23.920Z"}
{"level":"info","message":"Received ListTools request","service":"primalcode-mcp","timestamp":"2025-07-15T16:08:24.057Z"}
{"level":"info","message":"Received ListTools request","service":"primalcode-mcp","timestamp":"2025-07-15T16:08:24.057Z"}
{"level":"info","message":"Tool registered: health_check","service":"primalcode-mcp","timestamp":"2025-07-15T16:08:33.147Z"}
{"level":"info","message":"Tool registered: observe_ecosystem","service":"primalcode-mcp","timestamp":"2025-07-15T16:08:33.148Z"}
{"level":"info","message":"Tool registered: analyze_monster","service":"primalcode-mcp","timestamp":"2025-07-15T16:08:33.148Z"}
{"level":"info","message":"Tool registered: check_environment","service":"primalcode-mcp","timestamp":"2025-07-15T16:08:33.149Z"}
{"level":"info","message":"Tool registered: place_food","service":"primalcode-mcp","timestamp":"2025-07-15T16:08:33.149Z"}
{"level":"info","message":"Tool registered: modify_weather","service":"primalcode-mcp","timestamp":"2025-07-15T16:08:33.149Z"}
{"level":"info","message":"Tool registered: build_shelter","service":"primalcode-mcp","timestamp":"2025-07-15T16:08:33.149Z"}
{"level":"info","message":"All tools registered successfully","service":"primalcode-mcp","timestamp":"2025-07-15T16:08:33.149Z"}
{"level":"info","message":"PrimalCode MCP Server started successfully","service":"primalcode-mcp","timestamp":"2025-07-15T16:08:33.150Z"}
{"level":"info","message":"Received ListTools request","service":"primalcode-mcp","timestamp":"2025-07-15T16:08:33.157Z"}
{"level":"info","message":"Received ListTools request","service":"primalcode-mcp","timestamp":"2025-07-15T16:08:33.158Z"}
{"level":"info","message":"Received ListTools request","service":"primalcode-mcp","timestamp":"2025-07-15T16:08:33.564Z"}
{"level":"info","message":"Received ListTools request","service":"primalcode-mcp","timestamp":"2025-07-15T16:08:33.566Z"}
{"level":"info","message":"Received ListTools request","service":"primalcode-mcp","timestamp":"2025-07-15T16:08:33.705Z"}
{"level":"info","message":"Received ListTools request","service":"primalcode-mcp","timestamp":"2025-07-15T16:08:33.707Z"}
{"level":"info","message":"Tool registered: health_check","service":"primalcode-mcp","timestamp":"2025-07-15T19:28:16.146Z"}
{"level":"info","message":"Tool registered: observe_ecosystem","service":"primalcode-mcp","timestamp":"2025-07-15T19:28:16.147Z"}
{"level":"info","message":"Tool registered: analyze_monster","service":"primalcode-mcp","timestamp":"2025-07-15T19:28:16.148Z"}
{"level":"info","message":"Tool registered: check_environment","service":"primalcode-mcp","timestamp":"2025-07-15T19:28:16.148Z"}
{"level":"info","message":"Tool registered: place_food","service":"primalcode-mcp","timestamp":"2025-07-15T19:28:16.148Z"}
{"level":"info","message":"Tool registered: modify_weather","service":"primalcode-mcp","timestamp":"2025-07-15T19:28:16.148Z"}
{"level":"info","message":"Tool registered: build_shelter","service":"primalcode-mcp","timestamp":"2025-07-15T19:28:16.148Z"}
{"level":"info","message":"All tools registered successfully","service":"primalcode-mcp","timestamp":"2025-07-15T19:28:16.148Z"}
{"level":"info","message":"PrimalCode MCP Server started successfully","service":"primalcode-mcp","timestamp":"2025-07-15T19:28:16.149Z"}
{"level":"info","message":"Received ListTools request","service":"primalcode-mcp","timestamp":"2025-07-15T19:28:16.159Z"}
{"level":"info","message":"Received ListTools request","service":"primalcode-mcp","timestamp":"2025-07-15T19:28:16.159Z"}
{"level":"info","message":"Received ListTools request","service":"primalcode-mcp","timestamp":"2025-07-15T19:28:16.438Z"}
{"level":"info","message":"Received ListTools request","service":"primalcode-mcp","timestamp":"2025-07-15T19:28:16.438Z"}
{"level":"info","message":"Received ListTools request","service":"primalcode-mcp","timestamp":"2025-07-15T19:28:17.754Z"}
{"level":"info","message":"Received ListTools request","service":"primalcode-mcp","timestamp":"2025-07-15T19:28:17.755Z"}
